lake,learner,k,variant,mae_log_median,rer_log_median,spearman_median,source_spearman_median,delta_spearman_median,delta_spearman_mean,delta_r2_log_median,delta_r2_log_mean
Branched Oak Lake,MLP,5,affine_only,0.081303958442859,0.3435079842805252,0.7492468632963261,0.7492468632963261,0.0,0.0,0.0004472906420353029,-0.000125718293625261
Branched Oak Lake,MLP,5,full,0.07462811714849629,0.417484097006778,0.7595096254997564,0.7492468632963261,0.028238104423280286,-0.0005832932121531726,0.10910195779701409,0.023987779600888177
Branched Oak Lake,MLP,5,full_minus_affine,0.07471314146777874,0.41648381044852045,0.7595096254997564,0.7492468632963261,0.027955870448544085,-0.0014520255862101588,0.10876671857579379,0.023126493928019142
Branched Oak Lake,MLP,5,full_minus_repr0,0.081303958442859,0.3435079842805252,0.7492468632963261,0.7492468632963261,0.0,0.0,0.0004472906420353029,-0.000125718293625261
Branched Oak Lake,MLP,5,intercept_only,0.08133887100361385,0.34352838973438016,0.7492468632963261,0.7492468632963261,0.0,0.0,0.0,9.992007221626408e-18
Branched Oak Lake,MLP,5,repr_only,0.07471314146777874,0.41648381044852045,0.7595096254997564,0.7492468632963261,0.027955870448544085,-0.0014520255862101588,0.10876671857579379,0.023126493928019142
Branched Oak Lake,MLP,5,source_only,0.09204461331029282,0.2554610504220385,0.7492468632963261,0.7492468632963261,0.0,0.0,0.0,0.0
Branched Oak Lake,MLP,10,affine_only,0.07877127246017887,0.3346981819905857,0.7427937232007096,0.7427937232007096,0.0,0.0,0.0005198462998116105,-0.0007547045733009106
Branched Oak Lake,MLP,10,full,0.0680642680430304,0.4159942823631083,0.769676288455456,0.7427937232007096,0.03094041383356838,0.015454564582674545,0.10254453390581914,0.0718723190396103
Branched Oak Lake,MLP,10,full_minus_affine,0.06785576639978087,0.41701033731649717,0.7692310027809085,0.7427937232007096,0.03016315848464035,0.015919735682435206,0.1031844478728065,0.07270636436585756
Branched Oak Lake,MLP,10,full_minus_repr0,0.08084771728549497,0.3202408501803672,0.7421798980521442,0.7427937232007096,-0.0010018927677320488,-0.004074238346231798,-0.011333396620577862,-0.03082701931980231
Branched Oak Lake,MLP,10,full_minus_repr1,0.06862926579535515,0.41157769364320496,0.761549824894963,0.7427937232007096,0.02760303753877319,0.012294183575505307,0.10346158809517692,0.07536922788407859
Branched Oak Lake,MLP,10,intercept_only,0.07849819919380502,0.33257935670749944,0.7427937232007096,0.7427937232007096,0.0,0.0,0.0,-1.3322676295501878e-17
Branched Oak Lake,MLP,10,repr_only,0.06785576639978087,0.41701033731649717,0.7692310027809085,0.7427937232007096,0.03016315848464035,0.015919735682435206,0.1031844478728065,0.07270636436585756
Branched Oak Lake,MLP,10,source_only,0.09096444327134967,0.2256529213775323,0.7427937232007096,0.7427937232007096,0.0,0.0,0.0,0.0
Branched Oak Lake,PLSR,5,affine_only,0.1147194388726675,0.06497816608123375,0.29483278607478813,0.29483278607478813,0.0,0.0,0.0005882255403650838,0.0008773375445826015
Branched Oak Lake,PLSR,5,full,0.12083722851012899,0.03014834870149119,0.27351386847807,0.29483278607478813,-0.007917906727658353,-0.07102658569339901,-0.025664633562223926,-0.207859792422033
Branched Oak Lake,PLSR,5,full_minus_affine,0.12083353209552228,0.030215301603357766,0.27351386847807,0.29483278607478813,-0.006515461299632819,-0.0706062166073122,-0.02565748498332482,-0.20764680912859432
Branched Oak Lake,PLSR,5,full_minus_repr0,0.1147194388726675,0.06497816608123375,0.29483278607478813,0.29483278607478813,0.0,0.0,0.0005882255403650838,0.0008773375445826015
Branched Oak Lake,PLSR,5,intercept_only,0.11488795660878985,0.06472722782325596,0.29483278607478813,0.29483278607478813,0.0,0.0,0.0,1.6653345369377347e-17
Branched Oak Lake,PLSR,5,repr_only,0.12083353209552228,0.030215301603357766,0.27351386847807,0.29483278607478813,-0.006515461299632819,-0.0706062166073122,-0.02565748498332482,-0.20764680912859432
Branched Oak Lake,PLSR,5,source_only,0.4256834843816476,-2.4525596310899593,0.29483278607478813,0.29483278607478813,0.0,0.0,0.0,0.0
Branched Oak Lake,PLSR,10,affine_only,0.10950161107681194,0.07290540918744842,0.3129657792526546,0.3129657792526546,0.0,0.0,0.0053351672819155205,0.0029579551389952163
Branched Oak Lake,PLSR,10,full,0.09161307192423855,0.21712715724333911,0.5991318751037409,0.3129657792526546,0.25847401202095394,0.22614292320323454,0.3360120445183421,0.27622260869468396
Branched Oak Lake,PLSR,10,full_minus_affine,0.09156275958802156,0.21727614682368057,0.5991318751037409,0.3129657792526546,0.2609230832309656,0.22585355322002962,0.3344807284277398,0.2754771698729218
Branched Oak Lake,PLSR,10,full_minus_repr0,0.09842059111105572,0.17139527670065677,0.5096247297501086,0.3129657792526546,0.19572723792593466,0.18619051153984592,0.2103853925534931,0.1834778995881753
Branched Oak Lake,PLSR,10,full_minus_repr1,0.11443509681177048,0.038338467538039656,0.23864646591064478,0.3129657792526546,-0.005787424379689418,-0.10657865002112593,0.01914782809105564,-0.08336187329351602
Branched Oak Lake,PLSR,10,intercept_only,0.10956060101914375,0.07636507471357672,0.3129657792526546,0.3129657792526546,0.0,0.0,0.0,-3.3306690738754695e-17
Branched Oak Lake,PLSR,10,repr_only,0.09156275958802156,0.21727614682368057,0.5991318751037409,0.3129657792526546,0.2609230832309656,0.22585355322002962,0.3344807284277398,0.2754771698729218
Branched Oak Lake,PLSR,10,source_only,0.4260406354188748,-2.6266195555406324,0.3129657792526546,0.3129657792526546,0.0,0.0,0.0,0.0
Branched Oak Lake,XGBoost,5,affine_only,0.0877524574146093,0.3063923420828433,0.651019504759578,0.651019504759578,0.0,0.0,0.004570411164706523,0.0035920326859480876
Branched Oak Lake,XGBoost,5,full,0.09471550767248327,0.25490958981356204,0.6037762825720219,0.651019504759578,-0.030759519470594965,-0.057194221409403986,-0.06878566219237053,-0.1774745751087425
Branched Oak Lake,XGBoost,5,full_minus_affine,0.09494827029865839,0.24986285256570373,0.6059907021659225,0.651019504759578,-0.030968655242051224,-0.05714939338208953,-0.07029560546068842,-0.180187161262787
Branched Oak Lake,XGBoost,5,full_minus_repr0,0.0877524574146093,0.3063923420828433,0.651019504759578,0.651019504759578,0.0,0.0,0.004570411164706523,0.0035920326859480876
Branched Oak Lake,XGBoost,5,intercept_only,0.08758898323873908,0.30385826542769373,0.651019504759578,0.651019504759578,0.0,0.0,0.0,1.2162437612595056e-10
Branched Oak Lake,XGBoost,5,repr_only,0.09494827029865839,0.24986285256570373,0.6059907021659225,0.651019504759578,-0.030968655242051224,-0.05714939338208953,-0.07029560546068842,-0.180187161262787
Branched Oak Lake,XGBoost,5,source_only,0.10618614146638511,0.14991057305808633,0.651019504759578,0.651019504759578,0.0,0.0,0.0,0.0
Branched Oak Lake,XGBoost,10,affine_only,0.08531931454427674,0.2990130521018666,0.649710790795756,0.649710790795756,0.0,0.0,0.009509713193380731,0.006781350139399128
Branched Oak Lake,XGBoost,10,full,0.09577542687416121,0.2009635938101919,0.6211808250539061,0.649710790795756,-0.017252836212673484,-0.047922216604119085,-0.07099860877371894,-0.14714575996218987
Branched Oak Lake,XGBoost,10,full_minus_affine,0.09632646772424444,0.19566218655545434,0.6169089167562266,0.649710790795756,-0.016920855632807263,-0.048914986025091034,-0.07588974398273057,-0.15364140809952517
Branched Oak Lake,XGBoost,10,full_minus_repr0,0.08767524212037409,0.2575068502179457,0.6376940577830033,0.649710790795756,-0.004118223110713692,-0.008133975365025463,-0.002270642421617508,-0.026326362626606734
Branched Oak Lake,XGBoost,10,full_minus_repr1,0.09082324290469077,0.21202115601308524,0.6076795959585614,0.649710790795756,-0.019699542694883887,-0.045463469521457564,-0.022788024834329457,-0.09337628222040475
Branched Oak Lake,XGBoost,10,intercept_only,0.08477133088804364,0.29694843607732657,0.649710790795756,0.649710790795756,0.0,0.0,0.0,1.97212439823069e-09
Branched Oak Lake,XGBoost,10,repr_only,0.09632646772424444,0.19566218655545434,0.6169089167562266,0.649710790795756,-0.016920855632807263,-0.048914986025091034,-0.07588974398273057,-0.15364140809952517
Branched Oak Lake,XGBoost,10,source_only,0.10563942579240822,0.11507082978851485,0.649710790795756,0.649710790795756,0.0,0.0,0.0,0.0
Chaohu,MLP,5,affine_only,0.1767705387002293,0.390513050246319,0.7808499050077218,0.7808499050077218,0.0,0.0,0.01551634425461279,0.011429532767300264
Chaohu,MLP,5,full,0.19877659736109504,0.32704452118093574,0.7005930186586556,0.7808499050077218,-0.06924354929210325,-0.09242169534661525,-0.06002850855891789,-0.18161909067443474
Chaohu,MLP,5,full_minus_affine,0.1993734778189499,0.3160776534082451,0.6998134182019303,0.7808499050077218,-0.07071522003636638,-0.10028566562954797,-0.06289139565796559,-0.19146898225008666
Chaohu,MLP,5,full_minus_repr0,0.1767705387002293,0.390513050246319,0.7808499050077218,0.7808499050077218,0.0,0.0,0.01551634425461279,0.011429532767300264
Chaohu,MLP,5,intercept_only,0.17733939886006256,0.3859973017675803,0.7808499050077218,0.7808499050077218,0.0,0.0,0.0,4.440892098500626e-18
Chaohu,MLP,5,repr_only,0.1993734778189499,0.3160776534082451,0.6998134182019303,0.7808499050077218,-0.07071522003636638,-0.10028566562954797,-0.06289139565796559,-0.19146898225008666
Chaohu,MLP,5,source_only,0.16295045614385303,0.4080097505836322,0.7808499050077218,0.7808499050077218,0.0,0.0,0.0,0.0
Chaohu,MLP,10,affine_only,0.16993458425736496,0.3878732362933943,0.7699336604071668,0.7699336604071668,0.0,0.0,0.025144117919879583,0.019631444886676327
Chaohu,MLP,10,full,0.18861250636697907,0.3241856354713961,0.7090909090909092,0.7699336604071668,-0.036698792170878625,-0.05904743105610072,-0.04050255947449011,-0.16620366418997684
Chaohu,MLP,10,full_minus_affine,0.1884751447049196,0.32520023794736075,0.7076215414185636,0.7699336604071668,-0.036698792170878625,-0.05959350755737491,-0.040678274397570824,-0.1653623651481002
Chaohu,MLP,10,full_minus_repr0,0.17946169643944546,0.3795836177255508,0.7736083768051107,0.7699336604071668,0.004555820475782124,0.011641321138067146,0.01371118032249835,-0.04385528894014527
Chaohu,MLP,10,full_minus_repr1,0.19117757484121584,0.33730370938734994,0.7090909090909092,0.7699336604071668,-0.036363636363636376,-0.055548838932686626,-0.0230770744580846,-0.07101418013354246
Chaohu,MLP,10,intercept_only,0.17539919957441696,0.3778362463502749,0.7699336604071668,0.7699336604071668,0.0,0.0,0.0,-1.3322676295501878e-17
Chaohu,MLP,10,repr_only,0.1884751447049196,0.32520023794736075,0.7076215414185636,0.7699336604071668,-0.036698792170878625,-0.05959350755737491,-0.040678274397570824,-0.1653623651481002
Chaohu,MLP,10,source_only,0.15470467755606013,0.41543012936324686,0.7699336604071668,0.7699336604071668,0.0,0.0,0.0,0.0
Chaohu,PLSR,5,affine_only,0.18069442619292841,0.36967483901614945,0.7684399215182307,0.7684399215182307,0.0,0.0,-0.003715327805250246,-0.010972699171630317
Chaohu,PLSR,5,full,0.19817341204544622,0.2877843355846974,0.7079676820129573,0.7684399215182307,-0.04277304745494953,-0.08767891534400517,-0.06324292227513828,-0.23389409854482895
Chaohu,PLSR,5,full_minus_affine,0.1997927503332544,0.27514586237480076,0.713807337978819,0.7684399215182307,-0.03539838410064777,-0.09050406707925442,-0.0643395330941553,-0.24062245460547974
Chaohu,PLSR,5,full_minus_repr0,0.18069442619292841,0.36967483901614945,0.7684399215182307,0.7684399215182307,0.0,0.0,-0.003715327805250246,-0.010972699171630317
Chaohu,PLSR,5,intercept_only,0.18036116172317324,0.37163924637987766,0.7684399215182307,0.7684399215182307,0.0,0.0,0.0,0.0
Chaohu,PLSR,5,repr_only,0.1997927503332544,0.27514586237480076,0.713807337978819,0.7684399215182307,-0.03539838410064777,-0.09050406707925442,-0.0643395330941553,-0.24062245460547974
Chaohu,PLSR,5,source_only,0.1731643233185649,0.38828646933866995,0.7684399215182307,0.7684399215182307,0.0,0.0,0.0,0.0
Chaohu,PLSR,10,affine_only,0.18468630336610042,0.3625150179480407,0.7576837370005286,0.7576837370005286,0.0,0.0,-0.003060771659822603,-0.012685275508322434
Chaohu,PLSR,10,full,0.2151459823068311,0.2147808578927969,0.6621151663123807,0.7576837370005286,-0.040909090909091006,-0.09870776555859619,-0.08838768347731535,-0.29382484818483207
Chaohu,PLSR,10,full_minus_affine,0.21581230980843435,0.2169385665921354,0.6605939689883975,0.7576837370005286,-0.04096092056072842,-0.09588211165548667,-0.08201101616264045,-0.28605984464515016
Chaohu,PLSR,10,full_minus_repr0,0.18963336732752256,0.3125626071537453,0.7334870966009104,0.7576837370005286,0.0,-0.013288275253548658,-0.03413301691133619,-0.07817617334852428
Chaohu,PLSR,10,full_minus_repr1,0.20623209515475877,0.25604110039460826,0.6970405327946539,0.7576837370005286,-0.022779102378910232,-0.06874659607487238,-0.04758829717736407,-0.14350659526973486
Chaohu,PLSR,10,intercept_only,0.18247327347524928,0.3794200469201178,0.7576837370005286,0.7576837370005286,0.0,0.0,0.0,1.7763568394002505e-17
Chaohu,PLSR,10,repr_only,0.21581230980843435,0.2169385665921354,0.6605939689883975,0.7576837370005286,-0.04096092056072842,-0.09588211165548667,-0.08201101616264045,-0.28605984464515016
Chaohu,PLSR,10,source_only,0.17674670758900415,0.37784906032811716,0.7576837370005286,0.7576837370005286,0.0,0.0,0.0,0.0
Chaohu,XGBoost,5,affine_only,0.19438145306173432,0.33502513484070773,0.7826408885622334,0.7826408885622334,0.0,0.0,0.0038525062196236304,0.0029136285560829624
Chaohu,XGBoost,5,full,0.20525839376463395,0.26988727755483055,0.7108672584168898,0.7826408885622334,-0.05966790367460095,-0.09558323602290518,-0.024131135104521917,-0.2110683768681904
Chaohu,XGBoost,5,full_minus_affine,0.20408504017110451,0.26953696482896594,0.7142823030891037,0.7826408885622334,-0.055964897216934484,-0.09758568738906982,-0.0228800405731584,-0.20800119385259397
Chaohu,XGBoost,5,full_minus_repr0,0.19438145306173432,0.33502513484070773,0.7826408885622334,0.7826408885622334,0.0,0.0,0.0038525062196236304,0.0029136285560829624
Chaohu,XGBoost,5,intercept_only,0.19239371692136692,0.3369752934437564,0.7826408885622334,0.7826408885622334,0.0,0.0,0.0,-1.019288092818371e-09
Chaohu,XGBoost,5,repr_only,0.20408504017110451,0.26953696482896594,0.7142823030891037,0.7826408885622334,-0.055964897216934484,-0.09758568738906982,-0.0228800405731584,-0.20800119385259397
Chaohu,XGBoost,5,source_only,0.16338356706557045,0.4162673747994243,0.7826408885622334,0.7826408885622334,0.0,0.0,0.0,0.0
Chaohu,XGBoost,10,affine_only,0.17758221756834075,0.36068379610071455,0.7744894808829488,0.7744894808829488,0.0,0.0,0.006611545327078805,0.004254767049671728
Chaohu,XGBoost,10,full,0.21754255039619141,0.22857397960366144,0.7167228164398003,0.7744894808829488,-0.04095055463040098,-0.049436488959713934,-0.07031755362528236,-0.21591248456164608
Chaohu,XGBoost,10,full_minus_affine,0.21874311290406262,0.23015308225430392,0.7190007266776912,0.7744894808829488,-0.03644656380625638,-0.04378511223275963,-0.07295732718691805,-0.21913526382054102
Chaohu,XGBoost,10,full_minus_repr0,0.20440708154617387,0.28348315670970464,0.7736083768051107,0.7744894808829488,0.0,-0.01442271390968029,-0.008970925596766599,-0.11739236968991394
Chaohu,XGBoost,10,full_minus_repr1,0.1977986994406436,0.30929156130401964,0.7177230412528494,0.7744894808829488,-0.036531214267257583,-0.060923332485020874,-0.009030882845854071,-0.04893288621701067
Chaohu,XGBoost,10,intercept_only,0.1793206706909703,0.35787099798744326,0.7744894808829488,0.7744894808829488,0.0,0.0,0.0,3.828228383184751e-09
Chaohu,XGBoost,10,repr_only,0.21874311290406262,0.23015308225430392,0.7190007266776912,0.7744894808829488,-0.03644656380625638,-0.04378511223275963,-0.07295732718691805,-0.21913526382054102
Chaohu,XGBoost,10,source_only,0.15966789567379913,0.40650628055403637,0.7744894808829488,0.7744894808829488,0.0,0.0,0.0,0.0
Dianchi,MLP,5,affine_only,0.2533049062826409,-1.3521253501200432,0.3153587047259748,0.3153587047259748,0.0,0.0,6.58468449340848,6.338857470933013
Dianchi,MLP,5,full,0.18080561751687124,-0.684483525974247,-0.001783266190954667,0.3153587047259748,-0.30287264300229955,-0.29706576695210607,11.976339508951867,7.7286283099471556
Dianchi,MLP,5,full_minus_affine,0.1896749290646691,-0.7382398805392953,-0.006401900056195827,0.3153587047259748,-0.3013628563569166,-0.2983802174978554,11.834599875887807,7.430982933571065
Dianchi,MLP,5,full_minus_repr0,0.2533049062826409,-1.3521253501200432,0.3153587047259748,0.3153587047259748,0.0,0.0,6.58468449340848,6.338857470933013
Dianchi,MLP,5,intercept_only,0.3494247475177056,-2.232048173161746,0.3153587047259748,0.3153587047259748,0.0,0.0,0.0,-3.552713678800501e-17
Dianchi,MLP,5,repr_only,0.1896749290646691,-0.7382398805392953,-0.006401900056195827,0.3153587047259748,-0.3013628563569166,-0.2983802174978554,11.834599875887807,7.430982933571065
Dianchi,MLP,5,source_only,0.5236736697181783,-3.797018043814032,0.3153587047259748,0.3153587047259748,0.0,0.0,0.0,0.0
Dianchi,MLP,10,affine_only,0.16524984486564698,-0.48991610144923226,0.3185236741229259,0.3185236741229259,0.0,0.0,11.2235489005079,10.3095316626736
Dianchi,MLP,10,full,0.14115957997606138,-0.33453205162080774,0.469899194311556,0.3185236741229259,0.14995248304706787,0.07438833624439428,13.168151707780346,12.532513431912326
Dianchi,MLP,10,full_minus_affine,0.14815142275827964,-0.41841684612635116,0.45646548689497046,0.3185236741229259,0.1335978215652206,0.05794388958496892,13.025389376484092,12.330047719803968
Dianchi,MLP,10,full_minus_repr0,0.17319207836843956,-0.5823482096141459,0.6626888088199041,0.3185236741229259,0.32833550771349884,0.31514044163479904,12.006278863132344,11.132828542506031
Dianchi,MLP,10,full_minus_repr1,0.16392545619397253,-0.5242288181726666,-0.02596498622362848,0.3185236741229259,-0.33444850221137634,-0.34202884938395955,12.96006423093986,11.620840121440056
Dianchi,MLP,10,intercept_only,0.34449673973779016,-2.276100807986949,0.3185236741229259,0.3185236741229259,0.0,0.0,0.0,-2.842170943040401e-16
Dianchi,MLP,10,repr_only,0.14815142275827964,-0.41841684612635116,0.45646548689497046,0.3185236741229259,0.1335978215652206,0.05794388958496892,13.025389376484092,12.330047719803968
Dianchi,MLP,10,source_only,0.5242089528778946,-3.97472304619447,0.3185236741229259,0.3185236741229259,0.0,0.0,0.0,0.0
Dianchi,PLSR,5,affine_only,0.21738404935505812,-0.9585904366234086,0.5162629486071342,0.5162629486071342,0.0,0.0,3.1611337865018125,3.1583279544028215
Dianchi,PLSR,5,full,0.2025169611325821,-0.8430363705896833,0.32275179147080585,0.5162629486071342,-0.19869488621730982,-0.2239649137411649,4.4551641718540615,0.4587979409232291
Dianchi,PLSR,5,full_minus_affine,0.21062744790909482,-0.9250522251621175,0.32323690742504446,0.5162629486071342,-0.19908797471198586,-0.22467549452298866,3.817809333983454,-0.04654915707158008
Dianchi,PLSR,5,full_minus_repr0,0.21738404935505812,-0.9585904366234086,0.5162629486071342,0.5162629486071342,0.0,0.0,3.1611337865018125,3.1583279544028215
Dianchi,PLSR,5,intercept_only,0.2775020525279148,-1.5955557034715377,0.5162629486071342,0.5162629486071342,0.0,0.0,0.0,-4.4408920985006264e-17
Dianchi,PLSR,5,repr_only,0.21062744790909482,-0.9250522251621175,0.32323690742504446,0.5162629486071342,-0.19908797471198586,-0.22467549452298866,3.817809333983454,-0.04654915707158008
Dianchi,PLSR,5,source_only,0.2696938318207373,-1.4348690657570233,0.5162629486071342,0.5162629486071342,0.0,0.0,0.0,0.0
Dianchi,PLSR,10,affine_only,0.16120891830473771,-0.4494835123853318,0.5136026807789248,0.5136026807789248,0.0,0.0,5.061220787820419,5.019619861475777
Dianchi,PLSR,10,full,0.18334951986505346,-0.7034212161671802,0.25338118846834345,0.5136026807789248,-0.2585792191837879,-0.24525629646188796,5.016379796490219,4.712639549787528
Dianchi,PLSR,10,full_minus_affine,0.2043492224693857,-0.8743274661532899,0.23355924239593173,0.5136026807789248,-0.2645124736502559,-0.2706806613117413,4.089582672248637,3.8486687729177094
Dianchi,PLSR,10,full_minus_repr0,0.1801219565233063,-0.7026458880089186,0.5777824807731109,0.5136026807789248,0.04015112418057121,0.019456589091542496,4.555159213536166,4.332369931910272
Dianchi,PLSR,10,full_minus_repr1,0.16836512947124732,-0.5927098328675104,0.33329521904140225,0.5136026807789248,-0.18491511054333468,-0.17273532295151603,5.818837042183796,5.238194128268191
Dianchi,PLSR,10,intercept_only,0.27864693820149583,-1.6661141130685788,0.5136026807789248,0.5136026807789248,0.0,0.0,0.0,3.9968028886505634e-17
Dianchi,PLSR,10,repr_only,0.2043492224693857,-0.8743274661532899,0.23355924239593173,0.5136026807789248,-0.2645124736502559,-0.2706806613117413,4.089582672248637,3.8486687729177094
Dianchi,PLSR,10,source_only,0.27086730031903816,-1.521503158241854,0.5136026807789248,0.5136026807789248,0.0,0.0,0.0,0.0
Dianchi,XGBoost,5,affine_only,0.2022305833868288,-0.8869092912069134,0.21645243903104594,0.21645243903104594,0.0,0.0,0.9788167512660542,1.0137928958943128
Dianchi,XGBoost,5,full,0.2043294284915556,-0.9300194622227329,0.08843847592145201,0.21645243903104594,-0.0975995405754804,-0.17294455143199447,1.1078492933364696,-5.063367349068967
Dianchi,XGBoost,5,full_minus_affine,0.2176525765532279,-1.0499712245456085,0.08574988125322142,0.21645243903104594,-0.0993241490206711,-0.17589016698457446,0.7666554364582354,-5.826866691310147
Dianchi,XGBoost,5,full_minus_repr0,0.2022305833868288,-0.8869092912069134,0.21645243903104594,0.21645243903104594,0.0,0.0,0.9788167512660542,1.0137928958943128
Dianchi,XGBoost,5,intercept_only,0.23448071140978716,-1.1917076209244915,0.21645243903104594,0.21645243903104594,0.0,0.0,4.280517451604737e-08,4.717369558093765e-08
Dianchi,XGBoost,5,repr_only,0.2176525765532279,-1.0499712245456085,0.08574988125322142,0.21645243903104594,-0.0993241490206711,-0.17589016698457446,0.7666554364582354,-5.826866691310147
Dianchi,XGBoost,5,source_only,0.3086206422448814,-1.8478208732051176,0.21645243903104594,0.21645243903104594,0.0,0.0,0.0,0.0
Dianchi,XGBoost,10,affine_only,0.1680633388774671,-0.5850502144314855,0.21697565386892328,0.21697565386892328,0.0,0.0,1.7236064023569475,1.7435260583457903
Dianchi,XGBoost,10,full,0.166873015119689,-0.6110127744512854,0.4049906697903174,0.21697565386892328,0.19378142372512103,0.12660598130768394,1.332624964148094,0.30931233513656375
Dianchi,XGBoost,10,full_minus_affine,0.19471623956224693,-0.8533901451449308,0.3435391169084461,0.21697565386892328,0.1355751303153089,0.08374492706346738,0.5963425807164213,-0.7484797695175213
Dianchi,XGBoost,10,full_minus_repr0,0.1518285031046781,-0.45329044504189464,0.57735461597778,0.21697565386892328,0.3644873431766872,0.3277952419161147,1.9525841424287786,1.8664854774938127
Dianchi,XGBoost,10,full_minus_repr1,0.1805294887123445,-0.7442944285231055,0.09423053388709053,0.21697565386892328,-0.10251175695144253,-0.16450815399663277,1.6127376216016065,0.8493462496634442
Dianchi,XGBoost,10,intercept_only,0.22768009535734418,-1.1972325977359546,0.21697565386892328,0.21697565386892328,0.0,0.0,5.129275049142734e-08,2.837867641325431e-08
Dianchi,XGBoost,10,repr_only,0.19471623956224693,-0.8533901451449308,0.3435391169084461,0.21697565386892328,0.1355751303153089,0.08374492706346738,0.5963425807164213,-0.7484797695175213
Dianchi,XGBoost,10,source_only,0.3080033469721825,-1.9373076243689065,0.21697565386892328,0.21697565386892328,0.0,0.0,0.0,0.0
Eagle Creek Reservoir,MLP,5,affine_only,0.11741508176634205,0.2527383776421954,0.7293247351129168,0.7293247351129168,0.0,0.0,0.01103432825536621,0.009443407657934487
Eagle Creek Reservoir,MLP,5,full,0.13259142464281448,0.1791129212392569,0.6887964866153907,0.7293247351129168,-0.032276591357082884,-0.06889143353694298,-0.10829775013038834,-0.3413128961755405
Eagle Creek Reservoir,MLP,5,full_minus_affine,0.13392121820753386,0.17308245393325117,0.6908532669829449,0.7293247351129168,-0.030448207475420264,-0.06898385831357035,-0.10934412116111741,-0.34249540640632664
Eagle Creek Reservoir,MLP,5,full_minus_repr0,0.11741508176634205,0.2527383776421954,0.7293247351129168,0.7293247351129168,0.0,0.0,0.01103432825536621,0.009443407657934487
Eagle Creek Reservoir,MLP,5,intercept_only,0.11780805320994431,0.24955261123548692,0.7293247351129168,0.7293247351129168,0.0,0.0,0.0,4.440892098500626e-18
Eagle Creek Reservoir,MLP,5,repr_only,0.13392121820753386,0.17308245393325117,0.6908532669829449,0.7293247351129168,-0.030448207475420264,-0.06898385831357035,-0.10934412116111741,-0.34249540640632664
Eagle Creek Reservoir,MLP,5,source_only,0.11069980054945838,0.2870880878471025,0.7293247351129168,0.7293247351129168,0.0,0.0,0.0,0.0
Eagle Creek Reservoir,MLP,10,affine_only,0.11203449637308907,0.28111490063893485,0.7306150583418541,0.7306150583418541,0.0,0.0,0.027533687444796617,0.02223993386878977
Eagle Creek Reservoir,MLP,10,full,0.12276879028540635,0.19444634360308755,0.7536434993161258,0.7306150583418541,0.01799166580470285,-0.013369831138913617,-0.06870579562405932,-0.11777656837139285
Eagle Creek Reservoir,MLP,10,full_minus_affine,0.12851043133932666,0.16447252127392956,0.738978561400425,0.7306150583418541,0.006117910943260529,-0.028724713272114132,-0.13143155237825882,-0.17922039535098214
Eagle Creek Reservoir,MLP,10,full_minus_repr0,0.11369808011428965,0.2679162644142088,0.7671823926370538,0.7306150583418541,0.04499339042724687,0.0010551492715173561,0.009910710078069873,-0.029276995175219048
Eagle Creek Reservoir,MLP,10,full_minus_repr1,0.1198021491068385,0.22860941302054985,0.6981880307259449,0.7306150583418541,-0.023298288822450053,-0.03220565414986057,-0.024674582121595012,-0.07526988862026544
Eagle Creek Reservoir,MLP,10,intercept_only,0.11442928018338538,0.25900706679900926,0.7306150583418541,0.7306150583418541,0.0,0.0,0.0,6.661338147750939e-18
Eagle Creek Reservoir,MLP,10,repr_only,0.12851043133932666,0.16447252127392956,0.738978561400425,0.7306150583418541,0.006117910943260529,-0.028724713272114132,-0.13143155237825882,-0.17922039535098214
Eagle Creek Reservoir,MLP,10,source_only,0.11085833026155639,0.2866373211268377,0.7306150583418541,0.7306150583418541,0.0,0.0,0.0,0.0
Eagle Creek Reservoir,PLSR,5,affine_only,0.1617553688756882,-0.02398207578444202,0.5359695477315087,0.5359695477315087,0.0,0.0,0.0721974584661127,0.06984353187208589
Eagle Creek Reservoir,PLSR,5,full,0.1415027884647131,0.11619345826313729,0.5924568928119567,0.5359695477315087,0.06206946429389476,0.02672118534902918,0.34460119064106,0.15327631186297044
Eagle Creek Reservoir,PLSR,5,full_minus_affine,0.1408800627922816,0.11302458010239344,0.5927994623985101,0.5359695477315087,0.06166854184615672,0.025857502767040942,0.3377980340675431,0.15392202433211102
Eagle Creek Reservoir,PLSR,5,full_minus_repr0,0.1617553688756882,-0.02398207578444202,0.5359695477315087,0.5359695477315087,0.0,0.0,0.0721974584661127,0.06984353187208589
Eagle Creek Reservoir,PLSR,5,intercept_only,0.16354103871880135,-0.0538162280047341,0.5359695477315087,0.5359695477315087,0.0,0.0,0.0,-6.661338147750939e-18
Eagle Creek Reservoir,PLSR,5,repr_only,0.1408800627922816,0.11302458010239344,0.5927994623985101,0.5359695477315087,0.06166854184615672,0.025857502767040942,0.3377980340675431,0.15392202433211102
Eagle Creek Reservoir,PLSR,5,source_only,0.16965156577953164,-0.08924525415304407,0.5359695477315087,0.5359695477315087,0.0,0.0,0.0,0.0
Eagle Creek Reservoir,PLSR,10,affine_only,0.1525310937612717,0.02153520367791918,0.5369946219418649,0.5369946219418649,0.0,0.0,0.1743825831589797,0.14810476797037478
Eagle Creek Reservoir,PLSR,10,full,0.1234830206099675,0.19023086627129474,0.6945557869574265,0.5369946219418649,0.1683759507673958,0.09963946656308523,0.4895756662027139,0.39428809631965933
Eagle Creek Reservoir,PLSR,10,full_minus_affine,0.12631510541567348,0.17847995224474228,0.6818268563242558,0.5369946219418649,0.161630549112319,0.08852688262237894,0.46067506326976543,0.358705059826053
Eagle Creek Reservoir,PLSR,10,full_minus_repr0,0.1557967784369237,0.006013453130324299,0.5695673348185206,0.5369946219418649,0.04658798169092898,-0.04619216623743227,0.12464741501346277,0.04171888190590854
Eagle Creek Reservoir,PLSR,10,full_minus_repr1,0.13041460832071528,0.17381163164154556,0.6049945307230731,0.5369946219418649,0.07699616281072674,0.05831393807313248,0.4181117160880502,0.3873055191253123
Eagle Creek Reservoir,PLSR,10,intercept_only,0.16072547474605184,-0.040194912597899826,0.5369946219418649,0.5369946219418649,0.0,0.0,0.0,4.440892098500626e-18
Eagle Creek Reservoir,PLSR,10,repr_only,0.12631510541567348,0.17847995224474228,0.6818268563242558,0.5369946219418649,0.161630549112319,0.08852688262237894,0.46067506326976543,0.358705059826053
Eagle Creek Reservoir,PLSR,10,source_only,0.17009132468575755,-0.09209323525041926,0.5369946219418649,0.5369946219418649,0.0,0.0,0.0,0.0
Eagle Creek Reservoir,XGBoost,5,affine_only,0.14972568116042664,0.033750302601741645,0.3446334035559967,0.3446334035559967,0.0,0.0,0.00278141526108322,0.001979346294020531
Eagle Creek Reservoir,XGBoost,5,full,0.16320382961648922,-0.04604790780459386,0.30284002303823165,0.3446334035559967,-0.028558183327867248,-0.0804220743462913,-0.0715222357934206,-0.4224679098239193
Eagle Creek Reservoir,XGBoost,5,full_minus_affine,0.16321768657922595,-0.04840376830129649,0.3015659956030602,0.3446334035559967,-0.029607331292141187,-0.0802204283331186,-0.07558445449084855,-0.4210183275244106
Eagle Creek Reservoir,XGBoost,5,full_minus_repr0,0.14972568116042664,0.033750302601741645,0.3446334035559967,0.3446334035559967,0.0,0.0,0.00278141526108322,0.001979346294020531
Eagle Creek Reservoir,XGBoost,5,intercept_only,0.14964181319239403,0.03171735996406212,0.3446334035559967,0.3446334035559967,0.0,0.0,0.0,-9.167134226162332e-09
Eagle Creek Reservoir,XGBoost,5,repr_only,0.16321768657922595,-0.04840376830129649,0.3015659956030602,0.3446334035559967,-0.029607331292141187,-0.0802204283331186,-0.07558445449084855,-0.4210183275244106
Eagle Creek Reservoir,XGBoost,5,source_only,0.1449837282333398,0.06361636451244526,0.3446334035559967,0.3446334035559967,0.0,0.0,0.0,0.0
Eagle Creek Reservoir,XGBoost,10,affine_only,0.14858930340913135,0.04507486801415826,0.3473970017072612,0.3473970017072612,0.0,0.0,0.011758168228250487,0.008641101871910615
Eagle Creek Reservoir,XGBoost,10,full,0.1329964440724465,0.14575093461025718,0.6000085481936797,0.3473970017072612,0.2582394116878131,0.22689659804482448,0.26141549746645515,0.2165235207608413
Eagle Creek Reservoir,XGBoost,10,full_minus_affine,0.13663737184516828,0.1196562125743719,0.5822098620600971,0.3473970017072612,0.24601626654727904,0.2135201632822984,0.23699579255887626,0.1791840042324134
Eagle Creek Reservoir,XGBoost,10,full_minus_repr0,0.13055699786177433,0.14760275334177603,0.6043160111889034,0.3473970017072612,0.2586793463510589,0.22698780879862376,0.2610950691645887,0.22644815208996566
Eagle Creek Reservoir,XGBoost,10,full_minus_repr1,0.1544456923169991,0.0067212721713992354,0.30194569328760357,0.3473970017072612,-0.03614464066685186,-0.07320678866260823,-0.019956749924027517,-0.07162204929902831
Eagle Creek Reservoir,XGBoost,10,intercept_only,0.14970954988386626,0.034812441487673984,0.3473970017072612,0.3473970017072612,0.0,0.0,0.0,1.2373428613932091e-08
Eagle Creek Reservoir,XGBoost,10,repr_only,0.13663737184516828,0.1196562125743719,0.5822098620600971,0.3473970017072612,0.24601626654727904,0.2135201632822984,0.23699579255887626,0.1791840042324134
Eagle Creek Reservoir,XGBoost,10,source_only,0.1451231795515134,0.057671489961826444,0.3473970017072612,0.3473970017072612,0.0,0.0,0.0,0.0
Erhai,MLP,5,affine_only,0.14179190816158424,0.0035450695391626326,0.603061133501555,0.603061133501555,0.0,0.0,0.07834336857011515,0.07250037438723425
Erhai,MLP,5,full,0.12382750396913414,0.12943592056623848,0.6507791126764036,0.603061133501555,0.04546287885739375,-0.14691203156941016,0.38169488229430537,-0.49710399165923086
Erhai,MLP,5,full_minus_affine,0.12405482279582562,0.12865025264380608,0.6511457487962213,0.603061133501555,0.04326160023177822,-0.14767273161970898,0.3809675726522173,-0.5029817090475578
Erhai,MLP,5,full_minus_repr0,0.14179190816158424,0.0035450695391626326,0.603061133501555,0.603061133501555,0.0,0.0,0.07834336857011515,0.07250037438723425
Erhai,MLP,5,intercept_only,0.14777402345419818,-0.056182404662556834,0.603061133501555,0.603061133501555,0.0,0.0,0.0,6.661338147750939e-18
Erhai,MLP,5,repr_only,0.12405482279582562,0.12865025264380608,0.6511457487962213,0.603061133501555,0.04326160023177822,-0.14767273161970898,0.3809675726522173,-0.5029817090475578
Erhai,MLP,5,source_only,0.1472547413804282,-0.028582209705073584,0.603061133501555,0.603061133501555,0.0,0.0,0.0,0.0
Erhai,MLP,10,affine_only,0.13259358134375338,0.06104452940927772,0.5902915654180348,0.5902915654180348,0.0,0.0,0.1348975092196385,0.14597584159180962
Erhai,MLP,10,full,0.0995039557592757,0.29205341294056975,0.7392197899128123,0.5902915654180348,0.16991068812530286,0.1096332971831875,0.5652427134805533,0.43094060897900754
Erhai,MLP,10,full_minus_affine,0.09965549591152678,0.2907125312480508,0.7353075951948989,0.5902915654180348,0.17005037596992262,0.1099904940985756,0.5666297285903009,0.43298200840978446
Erhai,MLP,10,full_minus_repr0,0.09706944365630474,0.3170538489270889,0.7571940871719276,0.5902915654180348,0.180874715824419,0.13032413120558117,0.5920452581274844,0.5406993992098696
Erhai,MLP,10,full_minus_repr1,0.10755505186731029,0.23023973348977933,0.6756735663926584,0.5902915654180348,0.10028234430002103,0.03224164168721019,0.43782531303132277,0.3222110254189679
Erhai,MLP,10,intercept_only,0.14584669923052657,-0.04551501366888863,0.5902915654180348,0.5902915654180348,0.0,0.0,0.0,1.8873791418627663e-17
Erhai,MLP,10,repr_only,0.09965549591152678,0.2907125312480508,0.7353075951948989,0.5902915654180348,0.17005037596992262,0.1099904940985756,0.5666297285903009,0.43298200840978446
Erhai,MLP,10,source_only,0.14870928930344374,-0.06310634254698566,0.5902915654180348,0.5902915654180348,0.0,0.0,0.0,0.0
Erhai,PLSR,5,affine_only,0.09930042861600925,0.2940756647884867,0.7494958879373173,0.7494958879373173,0.0,0.0,-2.875910886712685e-06,-0.0005624228367704221
Erhai,PLSR,5,full,0.11233778437627749,0.24344863028756497,0.7180568406629502,0.7494958879373173,-0.014755591713274396,-0.19213052842541042,-0.011126622685061094,-0.8874525397341503
Erhai,PLSR,5,full_minus_affine,0.11238151879839058,0.24381083099078693,0.7176573032404095,0.7494958879373173,-0.014755591713274396,-0.19317537516423475,-0.014140058192369132,-0.8907538815048486
Erhai,PLSR,5,full_minus_repr0,0.09930042861600925,0.2940756647884867,0.7494958879373173,0.7494958879373173,0.0,0.0,-2.875910886712685e-06,-0.0005624228367704221
Erhai,PLSR,5,intercept_only,0.09911821856714609,0.29426564017890067,0.7494958879373173,0.7494958879373173,0.0,0.0,0.0,-3.3306690738754695e-18
Erhai,PLSR,5,repr_only,0.11238151879839058,0.24381083099078693,0.7176573032404095,0.7494958879373173,-0.014755591713274396,-0.19317537516423475,-0.014140058192369132,-0.8907538815048486
Erhai,PLSR,5,source_only,0.09454822150476691,0.351613293615866,0.7494958879373173,0.7494958879373173,0.0,0.0,0.0,0.0
Erhai,PLSR,10,affine_only,0.10073942108281381,0.2788217050351923,0.7326565122538145,0.7326565122538145,0.0,0.0,0.0002625035973888301,-0.0009982119799890276
Erhai,PLSR,10,full,0.10300221896438772,0.25427698087104283,0.7339336915634203,0.7326565122538145,0.014195187683858801,-0.048005082820971774,0.07337776867099555,-0.06715048647863565
Erhai,PLSR,10,full_minus_affine,0.10293649165882873,0.25483005804705733,0.7336284412581698,0.7326565122538145,0.014346764346764351,-0.04791959735359631,0.07328682103961626,-0.06692032881655544
Erhai,PLSR,10,full_minus_repr0,0.10032235091920252,0.28592963873638655,0.720292966200087,0.7326565122538145,0.004884470879435832,-0.06951491770331501,0.07589123878910414,-0.02674663735020731
Erhai,PLSR,10,full_minus_repr1,0.10415978648429816,0.2659948233053281,0.7205983563039664,0.7326565122538145,-0.0022895403877780662,-0.06548377879446156,0.024781985254294203,-0.10403284464725875
Erhai,PLSR,10,intercept_only,0.1006952443101258,0.27891874599274746,0.7326565122538145,0.7326565122538145,0.0,0.0,0.0,3.3306690738754695e-18
Erhai,PLSR,10,repr_only,0.10293649165882873,0.25483005804705733,0.7336284412581698,0.7326565122538145,0.014346764346764351,-0.04791959735359631,0.07328682103961626,-0.06692032881655544
Erhai,PLSR,10,source_only,0.10033251357976031,0.30687322064747935,0.7326565122538145,0.7326565122538145,0.0,0.0,0.0,0.0
Erhai,XGBoost,5,affine_only,0.11242629032117385,0.200643772390515,0.5341397334229199,0.5341397334229199,0.0,0.0,0.0036649886583842717,0.004478827277658573
Erhai,XGBoost,5,full,0.12845741870904062,0.10751075229124249,0.4642315286172236,0.5341397334229199,-0.04380900027564483,-0.24610273753543677,-0.06761902541857234,-1.1947767380104122
Erhai,XGBoost,5,full_minus_affine,0.12844661737016488,0.1071740724050372,0.4642315286172236,0.5341397334229199,-0.04380900027564483,-0.24555830306118356,-0.0677160743460824,-1.1928224651027342
Erhai,XGBoost,5,full_minus_repr0,0.11242629032117385,0.200643772390515,0.5341397334229199,0.5341397334229199,0.0,0.0,0.0036649886583842717,0.004478827277658573
Erhai,XGBoost,5,intercept_only,0.11267534908360388,0.20015919996780462,0.5341397334229199,0.5341397334229199,0.0,0.0,0.0,-1.7536288976494064e-09
Erhai,XGBoost,5,repr_only,0.12844661737016488,0.1071740724050372,0.4642315286172236,0.5341397334229199,-0.04380900027564483,-0.24555830306118356,-0.0677160743460824,-1.1928224651027342
Erhai,XGBoost,5,source_only,0.1271341820693823,0.11241787824182756,0.5341397334229199,0.5341397334229199,0.0,0.0,0.0,0.0
Erhai,XGBoost,10,affine_only,0.11193748574212323,0.1908850663522573,0.5228607403894048,0.5228607403894048,0.0,0.0,0.008219328306218743,0.00797508383329486
Erhai,XGBoost,10,full,0.12097146459792776,0.16564778046211073,0.5643413715467704,0.5228607403894048,0.06731796750694427,0.02572877127330613,0.0779170179374723,-0.14536793269304277
Erhai,XGBoost,10,full_minus_affine,0.12116147512410769,0.16409128227917147,0.5643413715467704,0.5228607403894048,0.06640748481595299,0.025035730508645868,0.07587124457226041,-0.14822947920861945
Erhai,XGBoost,10,full_minus_repr0,0.11809498508296626,0.1680172830177657,0.519502241332221,0.5228607403894048,0.020913328116803798,-0.028982913558510834,0.07181541088959065,-0.06834926011885332
Erhai,XGBoost,10,full_minus_repr1,0.1188443675872365,0.15796151528416533,0.4623369330550231,0.5228607403894048,-0.01022821555528497,-0.09373402048339566,0.01819420622340645,-0.16625809636281155
Erhai,XGBoost,10,intercept_only,0.11207229592849416,0.185720145990231,0.5228607403894048,0.5228607403894048,0.0,0.0,0.0,6.607257252433385e-10
Erhai,XGBoost,10,repr_only,0.12116147512410769,0.16409128227917147,0.5643413715467704,0.5228607403894048,0.06640748481595299,0.025035730508645868,0.07587124457226041,-0.14822947920861945
Erhai,XGBoost,10,source_only,0.1298117741279458,0.06864008399920368,0.5228607403894048,0.5228607403894048,0.0,0.0,0.0,0.0
Garda,MLP,5,affine_only,0.2537492576668968,0.09954403463904007,0.5083177660568974,0.5083177660568974,0.0,0.0,-0.000778557547212122,-0.004280756592557122
Garda,MLP,5,full,0.283507994504661,0.027261254908613718,0.4633363964196085,0.5083177660568974,-0.016772846323016594,-0.1434361306852049,-0.14841258900460608,-1.7910019310956864
Garda,MLP,5,full_minus_affine,0.2824407612140927,0.027770038356439666,0.46205317000024654,0.5083177660568974,-0.016681187293062227,-0.14398058371671327,-0.1388488851045765,-1.7947466639105152
Garda,MLP,5,full_minus_repr0,0.2537492576668968,0.09954403463904007,0.5083177660568974,0.5083177660568974,0.0,0.0,-0.000778557547212122,-0.004280756592557122
Garda,MLP,5,intercept_only,0.25559777591991906,0.10397415215325612,0.5083177660568974,0.5083177660568974,0.0,0.0,0.0,3.3306690738754695e-18
Garda,MLP,5,repr_only,0.2824407612140927,0.027770038356439666,0.46205317000024654,0.5083177660568974,-0.016681187293062227,-0.14398058371671327,-0.1388488851045765,-1.7947466639105152
Garda,MLP,5,source_only,0.45473317247045764,-0.5814622156810914,0.5083177660568974,0.5083177660568974,0.0,0.0,0.0,0.0
Garda,MLP,10,affine_only,0.25235888644731574,0.09000192103353297,0.5168676598152226,0.5168676598152226,0.0,0.0,-0.0021887184309293817,-0.008261072173813886
Garda,MLP,10,full,0.2891271587502585,-0.026108577195783765,0.4042439183555976,0.5168676598152226,-0.07311264395650291,-0.20567871577787358,-0.14671495261495832,-0.49862328283449286
Garda,MLP,10,full_minus_affine,0.29009273454374507,-0.030800106664983812,0.4063190983847698,0.5168676598152226,-0.074492444769589,-0.20406668656006668,-0.14542773048080088,-0.5117547193460685
Garda,MLP,10,full_minus_repr0,0.2652603907797413,0.04535170275330527,0.4513471764733227,0.5168676598152226,-0.030379326450616057,-0.12856776360407352,-0.06207011031083787,-0.2285633666868064
Garda,MLP,10,full_minus_repr1,0.2642156047127708,0.062255041323759155,0.4747728647653701,0.5168676598152226,-0.0180125173828104,-0.08978805349117953,-0.07134492933417647,-0.147367599518245
Garda,MLP,10,intercept_only,0.24911911758469196,0.09186521514566359,0.5168676598152226,0.5168676598152226,0.0,0.0,0.0,0.0
Garda,MLP,10,repr_only,0.29009273454374507,-0.030800106664983812,0.4063190983847698,0.5168676598152226,-0.074492444769589,-0.20406668656006668,-0.14542773048080088,-0.5117547193460685
Garda,MLP,10,source_only,0.4553913018940487,-0.6430558944995746,0.5168676598152226,0.5168676598152226,0.0,0.0,0.0,0.0
Garda,PLSR,5,affine_only,0.29535180702751146,-0.034454757427527,-0.1374759422875885,-0.1374759422875885,0.0,0.0,0.0030723225204262183,0.0026882714264425543
Garda,PLSR,5,full,0.31424396179887804,-0.06353002233926475,0.35818730726693015,-0.1374759422875885,0.5108157739359996,0.41166696705065975,0.08531097841653668,-2.0671033648814867
Garda,PLSR,5,full_minus_affine,0.313678147780747,-0.06691565586986897,0.3594704160616143,-0.1374759422875885,0.5056597886164222,0.4077093428608042,0.08434398411174138,-2.0758027693303687
Garda,PLSR,5,full_minus_repr0,0.29535180702751146,-0.034454757427527,-0.1374759422875885,-0.1374759422875885,0.0,0.0,0.0030723225204262183,0.0026882714264425543
Garda,PLSR,5,intercept_only,0.2955583286180513,-0.0349738333853378,-0.1374759422875885,-0.1374759422875885,0.0,0.0,0.0,2.4424906541753444e-17
Garda,PLSR,5,repr_only,0.313678147780747,-0.06691565586986897,0.3594704160616143,-0.1374759422875885,0.5056597886164222,0.4077093428608042,0.08434398411174138,-2.0758027693303687
Garda,PLSR,5,source_only,0.5719789541523801,-0.9951865801895357,-0.1374759422875885,-0.1374759422875885,0.0,0.0,0.0,0.0
Garda,PLSR,10,affine_only,0.2928338731456923,-0.05331238550146346,-0.13556208232435116,-0.13556208232435116,0.0,0.0,0.008794307472905216,0.0074276096252504555
Garda,PLSR,10,full,0.29207399128390443,-0.0803635429531985,0.2837734730054634,-0.13556208232435116,0.41325087636037205,0.3633781583111737,0.028804860570335933,-0.3390731275832053
Garda,PLSR,10,full_minus_affine,0.2924042657684355,-0.08381287774636256,0.2716727716727716,-0.13556208232435116,0.40787677228500574,0.3535137830684069,0.01734465472221025,-0.35745005812029473
Garda,PLSR,10,full_minus_repr0,0.280845076044402,0.006037968867052624,0.3332570965199718,-0.13556208232435116,0.459201603719516,0.40661554644536124,0.14070784192995567,0.0017149001337088566
Garda,PLSR,10,full_minus_repr1,0.2805256827538798,-0.013800155570776252,0.3680354187284412,-0.13556208232435116,0.4715310694534031,0.4301618274105086,0.13331836705659328,-0.0009833181924854871
Garda,PLSR,10,intercept_only,0.2943546663577279,-0.05687940120989979,-0.13556208232435116,-0.13556208232435116,0.0,0.0,0.0,1.1102230246251566e-18
Garda,PLSR,10,repr_only,0.2924042657684355,-0.08381287774636256,0.2716727716727716,-0.13556208232435116,0.40787677228500574,0.3535137830684069,0.01734465472221025,-0.35745005812029473
Garda,PLSR,10,source_only,0.5659650908997185,-1.056611731999515,-0.13556208232435116,-0.13556208232435116,0.0,0.0,0.0,0.0
Garda,XGBoost,5,affine_only,0.2857606851134284,0.02833146151334208,0.43918981029474946,0.43918981029474946,0.0,0.0,0.1530119658823474,0.12477819737440314
Garda,XGBoost,5,full,0.3226581036494709,-0.14996225926718978,0.42819173491174234,0.43918981029474946,-0.00989826796944504,-0.11649312776257212,-0.09560133252553826,-2.6170420012657076
Garda,XGBoost,5,full_minus_affine,0.34205769461322655,-0.23986881431108614,0.4082118191041825,0.43918981029474946,-0.03198743872623194,-0.13687624574314083,-0.2523023465958676,-3.3989892938753785
Garda,XGBoost,5,full_minus_repr0,0.2857606851134284,0.02833146151334208,0.43918981029474946,0.43918981029474946,0.0,0.0,0.1530119658823474,0.12477819737440314
Garda,XGBoost,5,intercept_only,0.2978788109267021,-0.03640863408398101,0.43918981029474946,0.43918981029474946,0.0,0.0,-1.2924755710130853e-09,-1.3741337234751683e-09
Garda,XGBoost,5,repr_only,0.34205769461322655,-0.23986881431108614,0.4082118191041825,0.43918981029474946,-0.03198743872623194,-0.13687624574314083,-0.2523023465958676,-3.3989892938753785
Garda,XGBoost,5,source_only,0.5909437344516105,-1.0685884479912093,0.43918981029474946,0.43918981029474946,0.0,0.0,0.0,0.0
Garda,XGBoost,10,affine_only,0.26378841843898493,0.0713712880377087,0.4451228871887742,0.4451228871887742,0.0,0.0,0.20324988222338364,0.20761563248724826
Garda,XGBoost,10,full,0.2865570561832762,-0.06935440848062566,0.40760248734411825,0.4451228871887742,-0.04366067422695448,-0.10165076190961286,-0.028317235422205655,-0.6470514630274063
Garda,XGBoost,10,full_minus_affine,0.32721830166341487,-0.19892029952809992,0.36742490768045427,0.4451228871887742,-0.09555835403328025,-0.13305728232202158,-0.3363901456255628,-1.2616138657110163
Garda,XGBoost,10,full_minus_repr0,0.2754045346096581,-0.026420797510791863,0.4400854882596831,0.4451228871887742,0.005953592679264569,-0.06567006127216135,0.14751891128979944,-0.22190207275288973
Garda,XGBoost,10,full_minus_repr1,0.2769746751927371,-0.04504818854722961,0.4423752150456336,0.4451228871887742,0.0,-0.05600335333169904,0.113098436010589,-0.07401873800053117
Garda,XGBoost,10,intercept_only,0.28920569422082815,-0.054705810515466725,0.4451228871887742,0.4451228871887742,0.0,0.0,-1.8292657943952406e-09,-2.518744373070092e-09
Garda,XGBoost,10,repr_only,0.32721830166341487,-0.19892029952809992,0.36742490768045427,0.4451228871887742,-0.09555835403328025,-0.13305728232202158,-0.3363901456255628,-1.2616138657110163
Garda,XGBoost,10,source_only,0.5855910787847975,-1.1543737364324853,0.4451228871887742,0.4451228871887742,0.0,0.0,0.0,0.0
Geist Reservoir,MLP,5,affine_only,0.12475491258365093,-0.2140166481202258,0.06685904297458953,0.06685904297458953,0.0,0.0,0.009145998444082426,0.00065552349359843
Geist Reservoir,MLP,5,full,0.13578836643841424,-0.29894955026594483,0.051263488375370286,0.06685904297458953,0.0008148299796057312,-0.02005543015994382,-0.07979149276744407,-0.5248544644661167
Geist Reservoir,MLP,5,full_minus_affine,0.13756717588394368,-0.3140744018228522,0.053324915577635926,0.06685904297458953,0.001131657570119609,-0.019827276382171643,-0.10149767797048165,-0.5440231065694177
Geist Reservoir,MLP,5,full_minus_repr0,0.12475491258365093,-0.2140166481202258,0.06685904297458953,0.06685904297458953,0.0,0.0,0.009145998444082426,0.00065552349359843
Geist Reservoir,MLP,5,intercept_only,0.12533126637178787,-0.22900848442247973,0.06685904297458953,0.06685904297458953,0.0,0.0,0.0,5.88418203051333e-17
Geist Reservoir,MLP,5,repr_only,0.13756717588394368,-0.3140744018228522,0.053324915577635926,0.06685904297458953,0.001131657570119609,-0.019827276382171643,-0.10149767797048165,-0.5440231065694177
Geist Reservoir,MLP,5,source_only,0.12528139507738617,-0.2169575668951177,0.06685904297458953,0.06685904297458953,0.0,0.0,0.0,0.0
Geist Reservoir,MLP,10,affine_only,0.1227230009210156,-0.22917245737546071,0.05793446958001976,0.05793446958001976,0.0,0.0,0.017651802982135423,-0.0060839209835606076
Geist Reservoir,MLP,10,full,0.1261084310393546,-0.25959685323645276,0.2616530083011336,0.05793446958001976,0.2026003494348707,0.17353541015824367,-0.023404472720642333,-0.14223224639868362
Geist Reservoir,MLP,10,full_minus_affine,0.13048524276196694,-0.28598085658217826,0.2553636923689189,0.05793446958001976,0.19269180772345837,0.16436095616406365,-0.06373592883667406,-0.2024756403017463
Geist Reservoir,MLP,10,full_minus_repr0,0.1217167042327766,-0.19688640948858588,0.2554832546490188,0.05793446958001976,0.21074711621215492,0.18161379530488236,0.10014002878216977,-0.09490273218321439
Geist Reservoir,MLP,10,full_minus_repr1,0.13112353826026885,-0.29762338758292706,0.05667300593745797,0.05793446958001976,6.16979327037609e-05,-0.0055418937822098195,-0.025907197843668517,-0.24980813429401014
Geist Reservoir,MLP,10,intercept_only,0.12483517291622276,-0.256927848853854,0.05793446958001976,0.05793446958001976,0.0,0.0,0.0,1.3322676295501878e-17
Geist Reservoir,MLP,10,repr_only,0.13048524276196694,-0.28598085658217826,0.2553636923689189,0.05793446958001976,0.19269180772345837,0.16436095616406365,-0.06373592883667406,-0.2024756403017463
Geist Reservoir,MLP,10,source_only,0.12410434903710164,-0.2255982384844376,0.05793446958001976,0.05793446958001976,0.0,0.0,0.0,0.0
Geist Reservoir,PLSR,5,affine_only,0.12006693450126638,-0.17007881469041097,0.29786224480562834,0.29786224480562834,0.0,0.0,0.023515119923675998,0.012574680867371832
Geist Reservoir,PLSR,5,full,0.12087872729098324,-0.15191555652288444,0.2444406748974502,0.29786224480562834,-0.037843055751632715,-0.06521910294637699,-0.03340833077084876,-0.29690137747744777
Geist Reservoir,PLSR,5,full_minus_affine,0.12140710725094944,-0.1565718452904476,0.24381515187666575,0.29786224480562834,-0.04080802183683874,-0.06426578268043841,-0.03991127706183695,-0.30270458430518776
Geist Reservoir,PLSR,5,full_minus_repr0,0.12006693450126638,-0.17007881469041097,0.29786224480562834,0.29786224480562834,0.0,0.0,0.023515119923675998,0.012574680867371832
Geist Reservoir,PLSR,5,intercept_only,0.12308878031463154,-0.19629338855006012,0.29786224480562834,0.29786224480562834,0.0,0.0,0.0,-2.4424906541753444e-17
Geist Reservoir,PLSR,5,repr_only,0.12140710725094944,-0.1565718452904476,0.24381515187666575,0.29786224480562834,-0.04080802183683874,-0.06426578268043841,-0.03991127706183695,-0.30270458430518776
Geist Reservoir,PLSR,5,source_only,0.13710425847206936,-0.3300024504239468,0.29786224480562834,0.29786224480562834,0.0,0.0,0.0,0.0
Geist Reservoir,PLSR,10,affine_only,0.1184852399511234,-0.16533866950453363,0.2872920670340778,0.2872920670340778,0.0,0.0,0.0408926666012987,0.01921854915897607
Geist Reservoir,PLSR,10,full,0.1154958608233006,-0.14010226115863916,0.3817867907113419,0.2872920670340778,0.118842948083956,0.07184145412202271,-0.05896054711221377,-0.14822310560471716
Geist Reservoir,PLSR,10,full_minus_affine,0.11771932537398774,-0.17448869023751717,0.37871520033071304,0.2872920670340778,0.11445737155921366,0.06236846871312152,-0.08495714176086727,-0.18523555466996555
Geist Reservoir,PLSR,10,full_minus_repr0,0.11078743313271985,-0.0771684757310393,0.4352065413099458,0.2872920670340778,0.1688311824069162,0.13411730981262,0.05980412919655176,-0.01081158306747481
Geist Reservoir,PLSR,10,full_minus_repr1,0.11859711200682213,-0.1803254609599279,0.24123411893744812,0.2872920670340778,-0.014158822658883893,-0.040547941969460856,0.0032239297425529223,-0.11810791560815666
Geist Reservoir,PLSR,10,intercept_only,0.12193649517582875,-0.2198861404604578,0.2872920670340778,0.2872920670340778,0.0,0.0,0.0,-6.661338147750939e-18
Geist Reservoir,PLSR,10,repr_only,0.11771932537398774,-0.17448869023751717,0.37871520033071304,0.2872920670340778,0.11445737155921366,0.06236846871312152,-0.08495714176086727,-0.18523555466996555
Geist Reservoir,PLSR,10,source_only,0.13643902902781035,-0.36352333359959776,0.2872920670340778,0.2872920670340778,0.0,0.0,0.0,0.0
Geist Reservoir,XGBoost,5,affine_only,0.1389201551762331,-0.3398269126414327,0.12849561657342812,0.12849561657342812,0.0,2.337825909977359e-05,0.016920592420614833,0.0095699966121937
Geist Reservoir,XGBoost,5,full,0.1553539379849247,-0.5099871624162464,0.0754850600070989,0.12849561657342812,-0.04001539349681767,-0.0918963722233642,-0.2234750950601273,-0.6535755334296525
Geist Reservoir,XGBoost,5,full_minus_affine,0.15809656241707595,-0.5434255289006509,0.0768401892203576,0.12849561657342812,-0.04112486787591564,-0.09234362053393225,-0.2515059096296097,-0.676594547311271
Geist Reservoir,XGBoost,5,full_minus_repr0,0.1389201551762331,-0.3398269126414327,0.12849561657342812,0.12849561657342812,0.0,2.337825909977359e-05,0.016920592420614833,0.0095699966121937
Geist Reservoir,XGBoost,5,intercept_only,0.1405221888063854,-0.3630790547460703,0.12849561657342812,0.12849561657342812,0.0,1.1587648676030238e-05,0.0,-8.329680212249003e-10
Geist Reservoir,XGBoost,5,repr_only,0.15809656241707595,-0.5434255289006509,0.0768401892203576,0.12849561657342812,-0.04112486787591564,-0.09234362053393225,-0.2515059096296097,-0.676594547311271
Geist Reservoir,XGBoost,5,source_only,0.139553054466812,-0.3694710800072794,0.12849561657342812,0.12849561657342812,0.0,0.0,0.0,0.0
Geist Reservoir,XGBoost,10,affine_only,0.13231643455045283,-0.30517390588873883,0.13810449942487724,0.13810449942487724,0.0,0.00011398614196799037,0.04007540169687018,0.02098582905166564
Geist Reservoir,XGBoost,10,full,0.14363348593800873,-0.3934717351878292,0.25163087677400675,0.13810449942487724,0.13321818753193404,0.07733413359988625,-0.03652611729759547,-0.2213425876424275
Geist Reservoir,XGBoost,10,full_minus_affine,0.14987925889027634,-0.4487405463005837,0.2385896368294937,0.13810449942487724,0.11244291468747461,0.06321897398882208,-0.13565440440174148,-0.31498397766219827
Geist Reservoir,XGBoost,10,full_minus_repr0,0.13076091509490634,-0.28061589476744475,0.29944630666902483,0.13810449942487724,0.1599259718421657,0.13952258471317033,0.1448702302222588,-0.07926933667680972
Geist Reservoir,XGBoost,10,full_minus_repr1,0.14150418422813588,-0.3650920910560961,0.09027522063461137,0.13810449942487724,-0.009841260155478065,-0.04839421833233696,-0.07742530176373141,-0.3685232798930061
Geist Reservoir,XGBoost,10,intercept_only,0.1380430375251499,-0.3598336976056208,0.13810449942487724,0.13810449942487724,0.0,1.4564719910484524e-05,-2.6195584590382737e-09,-1.4934024159529713e-08
Geist Reservoir,XGBoost,10,repr_only,0.14987925889027634,-0.4487405463005837,0.2385896368294937,0.13810449942487724,0.11244291468747461,0.06321897398882208,-0.13565440440174148,-0.31498397766219827
Geist Reservoir,XGBoost,10,source_only,0.137093012389632,-0.35995597426862147,0.13810449942487724,0.13810449942487724,0.0,0.0,0.0,0.0
High Rock Lake,MLP,5,affine_only,0.20964451541463125,0.10664100662250281,0.61703474183658,0.61703474183658,0.0,0.0,0.0765268723205646,0.06436170500667293
High Rock Lake,MLP,5,full,0.2151972860106141,0.08574392472718666,0.591557555566198,0.61703474183658,-0.01798850841670302,-0.14146664849918678,0.037965610021063745,-2.091304583488147
High Rock Lake,MLP,5,full_minus_affine,0.21583352379640747,0.08387112872831064,0.5890867086546072,0.61703474183658,-0.0184228915634434,-0.14380821511320835,0.036627308875883224,-2.109960458664321
High Rock Lake,MLP,5,full_minus_repr0,0.20964451541463125,0.10664100662250281,0.61703474183658,0.61703474183658,0.0,0.0,0.0765268723205646,0.06436170500667293
High Rock Lake,MLP,5,intercept_only,0.2241777894117193,0.028159607569338288,0.61703474183658,0.61703474183658,0.0,0.0,0.0,6.661338147750939e-18
High Rock Lake,MLP,5,repr_only,0.21583352379640747,0.08387112872831064,0.5890867086546072,0.61703474183658,-0.0184228915634434,-0.14380821511320835,0.036627308875883224,-2.109960458664321
High Rock Lake,MLP,5,source_only,0.21818374164138954,0.05032304760441261,0.61703474183658,0.61703474183658,0.0,0.0,0.0,0.0
High Rock Lake,MLP,10,affine_only,0.1933436300143716,0.16010937491866695,0.6156984799071678,0.6156984799071678,0.0,0.0,0.11081771425249415,0.09860121727498537
High Rock Lake,MLP,10,full,0.21984060767651875,0.029396938578937278,0.5589911913941966,0.6156984799071678,-0.04247680391751596,-0.13479767063903966,-0.1391341323122977,-0.8395611219819534
High Rock Lake,MLP,10,full_minus_affine,0.22096773355728966,0.032946914860874005,0.556847024372343,0.6156984799071678,-0.04482256514738586,-0.13748559401044663,-0.1251038017696991,-0.8567114060236396
High Rock Lake,MLP,10,full_minus_repr0,0.2195097694092025,0.04500595343136936,0.5794049609523063,0.6156984799071678,-0.020755766759528116,-0.132474148038431,-0.031409198897730584,-0.4823544223240337
High Rock Lake,MLP,10,full_minus_repr1,0.19823752043938547,0.13975073554100317,0.5877523203999371,0.6156984799071678,-0.016727641253050318,-0.05067998689591554,0.0876093282217833,0.002720669493051685
High Rock Lake,MLP,10,intercept_only,0.2208070089400812,0.03701360365487271,0.6156984799071678,0.6156984799071678,0.0,0.0,0.0,1.7763568394002505e-17
High Rock Lake,MLP,10,repr_only,0.22096773355728966,0.032946914860874005,0.556847024372343,0.6156984799071678,-0.04482256514738586,-0.13748559401044663,-0.1251038017696991,-0.8567114060236396
High Rock Lake,MLP,10,source_only,0.21802289439005063,0.05690346791073507,0.6156984799071678,0.6156984799071678,0.0,0.0,0.0,0.0
High Rock Lake,PLSR,5,affine_only,0.26610000540968765,-0.07984025119824043,0.6225112606378703,0.6225112606378703,0.0,0.0,1.0392629926747667,0.8379747060783113
High Rock Lake,PLSR,5,full,0.19768128330671492,0.17273964824931914,0.6287186425651243,0.6225112606378703,0.011917152876065151,-0.07014213346769531,1.3495177906296179,-0.2762875713926861
High Rock Lake,PLSR,5,full_minus_affine,0.19731875915086827,0.17309682014862032,0.6290635930944461,0.6225112606378703,0.011821863161180002,-0.07071286621817713,1.3489674118755,-0.27593550329042443
High Rock Lake,PLSR,5,full_minus_repr0,0.26610000540968765,-0.07984025119824043,0.6225112606378703,0.6225112606378703,0.0,0.0,1.0392629926747667,0.8379747060783113
High Rock Lake,PLSR,5,intercept_only,0.35946453769841546,-0.5460797256767767,0.6225112606378703,0.6225112606378703,0.0,0.0,0.0,5.10702591327572e-17
High Rock Lake,PLSR,5,repr_only,0.19731875915086827,0.17309682014862032,0.6290635930944461,0.6225112606378703,0.011821863161180002,-0.07071286621817713,1.3489674118755,-0.27593550329042443
High Rock Lake,PLSR,5,source_only,0.35157674413598905,-0.529155680309612,0.6225112606378703,0.6225112606378703,0.0,0.0,0.0,0.0
High Rock Lake,PLSR,10,affine_only,0.2128628056713177,0.08077682716463236,0.6252882811928129,0.6252882811928129,0.0,0.0,1.2734028982106134,1.205140429092716
High Rock Lake,PLSR,10,full,0.20951158981687895,0.08623782897375237,0.6107643078896456,0.6252882811928129,-0.004535611384704263,-0.08463765877539568,1.1923855160977845,0.42129984334615117
High Rock Lake,PLSR,10,full_minus_affine,0.20950184944339983,0.08524869055932166,0.6104991396183315,0.6252882811928129,-0.004954744656410881,-0.08468628609806884,1.191967036295372,0.4223486497308975
High Rock Lake,PLSR,10,full_minus_repr0,0.22090532315029515,0.048919737692177265,0.5642477182874719,0.6252882811928129,-0.05295916174344156,-0.13937838143595016,1.1582056293114276,0.7543337913600808
High Rock Lake,PLSR,10,full_minus_repr1,0.1777317382282494,0.22242179735941206,0.635277793599399,0.6252882811928129,0.014045365302750412,-0.0010488504802861154,1.39121262235524,1.366321961163303
High Rock Lake,PLSR,10,intercept_only,0.34797577487368025,-0.5160259951173016,0.6252882811928129,0.6252882811928129,0.0,0.0,0.0,4.662936703425657e-17
High Rock Lake,PLSR,10,repr_only,0.20950184944339983,0.08524869055932166,0.6104991396183315,0.6252882811928129,-0.004954744656410881,-0.08468628609806884,1.191967036295372,0.4223486497308975
High Rock Lake,PLSR,10,source_only,0.35159113621092,-0.5304471422766502,0.6252882811928129,0.6252882811928129,0.0,0.0,0.0,0.0
High Rock Lake,XGBoost,5,affine_only,0.20705481516434085,0.13229654949477332,0.6120453070386616,0.6120453070386616,0.0,0.0,0.07849764855097308,0.07147356278087522
High Rock Lake,XGBoost,5,full,0.1928438929579275,0.17830960307131605,0.6033464518902354,0.6120453070386616,-0.0005677697812497828,-0.08636891238729434,0.12870272404580108,-1.9793322453044144
High Rock Lake,XGBoost,5,full_minus_affine,0.19271964133829222,0.18119946209751187,0.6035306301158411,0.6120453070386616,-0.0008111016371697422,-0.08627100596726821,0.1282981689380559,-1.9832357418810802
High Rock Lake,XGBoost,5,full_minus_repr0,0.20705481516434085,0.13229654949477332,0.6120453070386616,0.6120453070386616,0.0,0.0,0.07849764855097308,0.07147356278087522
High Rock Lake,XGBoost,5,intercept_only,0.22260019236381168,0.03325751359503071,0.6120453070386616,0.6120453070386616,0.0,0.0,0.0,-6.934290042170943e-10
High Rock Lake,XGBoost,5,repr_only,0.19271964133829222,0.18119946209751187,0.6035306301158411,0.6120453070386616,-0.0008111016371697422,-0.08627100596726821,0.1282981689380559,-1.9832357418810802
High Rock Lake,XGBoost,5,source_only,0.25935267288348507,-0.1343580843470124,0.6120453070386616,0.6120453070386616,0.0,0.0,0.0,0.0
High Rock Lake,XGBoost,10,affine_only,0.18827850554842274,0.17614011878999067,0.6103009341263144,0.6103009341263144,0.0,0.0,0.13975644035342988,0.12339017833374397
High Rock Lake,XGBoost,10,full,0.20000289320497183,0.13199070068474505,0.5897428726683118,0.6103009341263144,-0.010166148660839425,-0.07584061473785958,-0.041419170924682724,-0.6687355642199466
High Rock Lake,XGBoost,10,full_minus_affine,0.2006158662775792,0.12954347940795388,0.590609714672855,0.6103009341263144,-0.010599688610618219,-0.07590130443752653,-0.045070533496083864,-0.6680846768704823
High Rock Lake,XGBoost,10,full_minus_repr0,0.20604541764070397,0.12065888526873413,0.5854851298287881,0.6103009341263144,-0.010214531952149719,-0.08525747740222119,0.05175789125583269,-0.30941205697647306
High Rock Lake,XGBoost,10,full_minus_repr1,0.17921961621979174,0.21991911572622175,0.6076726255922658,0.6103009341263144,0.0009961418934036903,-0.010740021845370751,0.16240635876964576,0.11127669251124597
High Rock Lake,XGBoost,10,intercept_only,0.21912871369539766,0.050108140125845926,0.6103009341263144,0.6103009341263144,0.0,0.0,0.0,4.991388677932918e-09
High Rock Lake,XGBoost,10,repr_only,0.2006158662775792,0.12954347940795388,0.590609714672855,0.6103009341263144,-0.010599688610618219,-0.07590130443752653,-0.045070533496083864,-0.6680846768704823
High Rock Lake,XGBoost,10,source_only,0.25983910741672667,-0.1303655998097438,0.6103009341263144,0.6103009341263144,0.0,0.0,0.0,0.0
Ibitinga Reservoir,MLP,5,affine_only,0.21009762574601998,0.4380398038431247,0.7493823883068251,0.7493823883068251,0.0,0.0,0.012581013742326785,0.006108351728408849
Ibitinga Reservoir,MLP,5,full,0.21478866518186487,0.4351382283207383,0.6975537648088926,0.7493823883068251,-0.023968372365023916,-0.1525283233673299,0.011596673132049484,-0.26631857040256274
Ibitinga Reservoir,MLP,5,full_minus_affine,0.21505988944710952,0.43653169696017047,0.6976399691207782,0.7493823883068251,-0.02496292939682654,-0.14870216043684983,0.015712476360503325,-0.2598703419398704
Ibitinga Reservoir,MLP,5,full_minus_repr0,0.21009762574601998,0.4380398038431247,0.7493823883068251,0.7493823883068251,0.0,0.0,0.012581013742326785,0.006108351728408849
Ibitinga Reservoir,MLP,5,intercept_only,0.21094633848707417,0.43844384756523436,0.7493823883068251,0.7493823883068251,0.0,0.0,0.0,-1.1102230246251566e-18
Ibitinga Reservoir,MLP,5,repr_only,0.21505988944710952,0.43653169696017047,0.6976399691207782,0.7493823883068251,-0.02496292939682654,-0.14870216043684983,0.015712476360503325,-0.2598703419398704
Ibitinga Reservoir,MLP,5,source_only,0.3066878780168225,0.16233242682256258,0.7493823883068251,0.7493823883068251,0.0,0.0,0.0,0.0
Ibitinga Reservoir,MLP,10,affine_only,0.1926408437392775,0.4541027654118504,0.7355375825687381,0.7355375825687381,0.0,0.0,0.024073500625915567,0.013820353778816344
Ibitinga Reservoir,MLP,10,full,0.2051428424406969,0.42068504599790546,0.7623230819087345,0.7355375825687381,0.024264329511295313,0.020949480148067034,-0.02283767719938723,-0.08984244166614808
Ibitinga Reservoir,MLP,10,full_minus_affine,0.20355489905278862,0.42220344670045906,0.7623230819087345,0.7355375825687381,0.020650493201102516,0.019121393520954263,-0.02055238744054333,-0.08052191365852812
Ibitinga Reservoir,MLP,10,full_minus_repr0,0.192348864663141,0.4728381628977903,0.7736776556734063,0.7355375825687381,0.030975752198253492,0.03416932321418371,0.027386996474700942,-0.03574547875041559
Ibitinga Reservoir,MLP,10,full_minus_repr1,0.18681250287169293,0.4775486969843715,0.7114094907779807,0.7355375825687381,-0.018580647637090497,-0.01869054648698596,0.03584752510485695,0.014536417690561777
Ibitinga Reservoir,MLP,10,intercept_only,0.20105018163185923,0.4215103383813353,0.7355375825687381,0.7355375825687381,0.0,0.0,0.0,5.551115123125783e-18
Ibitinga Reservoir,MLP,10,repr_only,0.20355489905278862,0.42220344670045906,0.7623230819087345,0.7355375825687381,0.020650493201102516,0.019121393520954263,-0.02055238744054333,-0.08052191365852812
Ibitinga Reservoir,MLP,10,source_only,0.3050023102182874,0.12338507884486787,0.7355375825687381,0.7355375825687381,0.0,0.0,0.0,0.0
Ibitinga Reservoir,PLSR,5,affine_only,0.254283801716608,0.32013432023878446,0.5749227788725919,0.5749227788725919,0.0,0.0,0.024851434487919988,0.026437866306645644
Ibitinga Reservoir,PLSR,5,full,0.25955621667294304,0.3023436429108909,0.4796737444743345,0.5749227788725919,-0.06820709879857356,-0.1869125326808243,0.0322446917292496,-0.34521454472896584
Ibitinga Reservoir,PLSR,5,full_minus_affine,0.2592854619554096,0.30220724849858227,0.48003977507054607,0.5749227788725919,-0.06846268755367305,-0.18818302483999846,0.031600723404565545,-0.3463458757056613
Ibitinga Reservoir,PLSR,5,full_minus_repr0,0.254283801716608,0.32013432023878446,0.5749227788725919,0.5749227788725919,0.0,0.0,0.024851434487919988,0.026437866306645644
Ibitinga Reservoir,PLSR,5,intercept_only,0.25908906421376365,0.30241706943979085,0.5749227788725919,0.5749227788725919,0.0,0.0,0.0,-9.992007221626408e-18
Ibitinga Reservoir,PLSR,5,repr_only,0.2592854619554096,0.30220724849858227,0.48003977507054607,0.5749227788725919,-0.06846268755367305,-0.18818302483999846,0.031600723404565545,-0.3463458757056613
Ibitinga Reservoir,PLSR,5,source_only,0.2537472610618581,0.3025597128934723,0.5749227788725919,0.5749227788725919,0.0,0.0,0.0,0.0
Ibitinga Reservoir,PLSR,10,affine_only,0.23081228328227527,0.33907206550204216,0.5442811369791074,0.5442811369791074,0.0,0.0,0.06120090635860759,0.05876072764307146
Ibitinga Reservoir,PLSR,10,full,0.2666005383798564,0.26566203541742106,0.6780272399717058,0.5442811369791074,0.12754988754740948,0.08660656571460286,-0.24238927845314112,-0.4814014027813751
Ibitinga Reservoir,PLSR,10,full_minus_affine,0.26651806608918593,0.2656086706007649,0.6780272399717058,0.5442811369791074,0.12754988754740948,0.08603874100231844,-0.24323047314964197,-0.48112194759441596
Ibitinga Reservoir,PLSR,10,full_minus_repr0,0.24649573339191477,0.29996471764567556,0.7403201812595241,0.5442811369791074,0.1868854382751686,0.1940376569761302,-0.09849264229157162,-0.35047720604996835
Ibitinga Reservoir,PLSR,10,full_minus_repr1,0.23288716179430013,0.3388881512444693,0.46606417854336274,0.5442811369791074,-0.06659784057355553,-0.06803184928461795,0.07934065184318528,0.026510749403385873
Ibitinga Reservoir,PLSR,10,intercept_only,0.24625048616336853,0.29030559788264726,0.5442811369791074,0.5442811369791074,0.0,0.0,0.0,-7.771561172376097e-18
Ibitinga Reservoir,PLSR,10,repr_only,0.26651806608918593,0.2656086706007649,0.6780272399717058,0.5442811369791074,0.12754988754740948,0.08603874100231844,-0.24323047314964197,-0.48112194759441596
Ibitinga Reservoir,PLSR,10,source_only,0.24521547588588136,0.26419761806209974,0.5442811369791074,0.5442811369791074,0.0,0.0,0.0,0.0
Ibitinga Reservoir,XGBoost,5,affine_only,0.2350356000153777,0.36794053261209575,0.6863569813905684,0.6863569813905684,0.0,0.0,0.027659317733029265,0.02834766856928777
Ibitinga Reservoir,XGBoost,5,full,0.22464824203539055,0.3939601492120296,0.603140153250344,0.6863569813905684,-0.08353930827848915,-0.1840827738040878,0.05943366888718937,-0.22094258613360307
Ibitinga Reservoir,XGBoost,5,full_minus_affine,0.22464898961363308,0.39426723081878956,0.6007656909918759,0.6863569813905684,-0.08229343910521703,-0.18699905531710104,0.06086659072458289,-0.21964461354149992
Ibitinga Reservoir,XGBoost,5,full_minus_repr0,0.2350356000153777,0.36794053261209575,0.6863569813905684,0.6863569813905684,0.0,0.0,0.027659317733029265,0.02834766856928777
Ibitinga Reservoir,XGBoost,5,intercept_only,0.239393171351624,0.35363891906227857,0.6863569813905684,0.6863569813905684,0.0,0.0,0.0,5.960829208007112e-10
Ibitinga Reservoir,XGBoost,5,repr_only,0.22464898961363308,0.39426723081878956,0.6007656909918759,0.6863569813905684,-0.08229343910521703,-0.18699905531710104,0.06086659072458289,-0.21964461354149992
Ibitinga Reservoir,XGBoost,5,source_only,0.3542781409970587,0.04293254656035762,0.6863569813905684,0.6863569813905684,0.0,0.0,0.0,0.0
Ibitinga Reservoir,XGBoost,10,affine_only,0.20885163969896645,0.39959870519026996,0.6623645694253623,0.6623645694253623,0.0,0.0,0.06245322895717492,0.05858994077701066
Ibitinga Reservoir,XGBoost,10,full,0.18986328619429205,0.4586261192898503,0.7503229140317962,0.6623645694253623,0.07900868557773577,0.08172117882410061,0.09425267250851277,0.04574712998270671
Ibitinga Reservoir,XGBoost,10,full_minus_affine,0.19098147269789437,0.4526963802482998,0.7503229140317962,0.6623645694253623,0.0758708446224558,0.07794113540527882,0.08965850905043177,0.04002874353271198
Ibitinga Reservoir,XGBoost,10,full_minus_repr0,0.1770917561890942,0.4872656993526234,0.7320602769520566,0.6623645694253623,0.07072793921377613,0.07726027930962899,0.11762979245090077,0.08850502565607131
Ibitinga Reservoir,XGBoost,10,full_minus_repr1,0.20176639591965626,0.4288991712410989,0.6019618768121374,0.6623645694253623,-0.06398348813209492,-0.0762193515319424,0.09152037629077292,0.06965370378181478
Ibitinga Reservoir,XGBoost,10,intercept_only,0.23332598270831728,0.3368072626131696,0.6623645694253623,0.6623645694253623,0.0,0.0,5.551115123125783e-17,6.425753046324089e-09
Ibitinga Reservoir,XGBoost,10,repr_only,0.19098147269789437,0.4526963802482998,0.7503229140317962,0.6623645694253623,0.0758708446224558,0.07794113540527882,0.08965850905043177,0.04002874353271198
Ibitinga Reservoir,XGBoost,10,source_only,0.34995904798300753,-0.03578878657154114,0.6623645694253623,0.6623645694253623,0.0,0.0,0.0,0.0
Lake Chotkowskie,MLP,5,affine_only,0.14318558704462103,0.5286265883281274,0.911764705882353,0.911764705882353,0.0,0.0,0.01808551794207447,0.017587518533101924
Lake Chotkowskie,MLP,5,full,0.14846371697996086,0.5157733605004814,0.9056372549019609,0.911764705882353,-0.003676470588235281,-0.007475490196078428,0.03223833861930159,-0.04232035831697801
Lake Chotkowskie,MLP,5,full_minus_affine,0.14852938795676784,0.513824280370573,0.9044117647058825,0.911764705882353,-0.004901960784313597,-0.00720588235294117,0.027859274781969923,-0.04528568742380816
Lake Chotkowskie,MLP,5,full_minus_repr0,0.14318558704462103,0.5286265883281274,0.911764705882353,0.911764705882353,0.0,0.0,0.01808551794207447,0.017587518533101924
Lake Chotkowskie,MLP,5,intercept_only,0.14817639712146627,0.5133107417548253,0.911764705882353,0.911764705882353,0.0,0.0,0.0,5.551115123125783e-18
Lake Chotkowskie,MLP,5,repr_only,0.14852938795676784,0.513824280370573,0.9044117647058825,0.911764705882353,-0.004901960784313597,-0.00720588235294117,0.027859274781969923,-0.04528568742380816
Lake Chotkowskie,MLP,5,source_only,0.22174938043004072,0.26415198841944965,0.911764705882353,0.911764705882353,0.0,0.0,0.0,0.0
Lake Chotkowskie,MLP,10,affine_only,0.12418003944301159,0.5703226684992573,0.9055944055944056,0.9055944055944056,0.0,0.0,0.0345306776544721,0.032712238808650006
Lake Chotkowskie,MLP,10,full,0.12799902564122523,0.5731876665743993,0.9020979020979022,0.9055944055944056,0.0,-0.003006993006993003,0.04143320828995306,0.0015945132807257045
Lake Chotkowskie,MLP,10,full_minus_affine,0.12811194935445036,0.5712567085996629,0.9020979020979022,0.9055944055944056,0.0,-0.0021678321678321654,0.040028943956212315,-0.0002837268279269267
Lake Chotkowskie,MLP,10,full_minus_repr0,0.11229065696415388,0.6109764336909127,0.8986013986013986,0.9055944055944056,0.0,-0.0017482517482517478,0.06387062383090808,0.05703178014760948
Lake Chotkowskie,MLP,10,full_minus_repr1,0.1356545349565922,0.5399569658590957,0.9020979020979022,0.9055944055944056,-0.006993006993006867,-0.002167832167832182,0.030659032916800832,-0.02370658039958205
Lake Chotkowskie,MLP,10,intercept_only,0.13732739569437397,0.5316192733454443,0.9055944055944056,0.9055944055944056,0.0,0.0,0.0,-4.440892098500626e-18
Lake Chotkowskie,MLP,10,repr_only,0.12811194935445036,0.5712567085996629,0.9020979020979022,0.9055944055944056,0.0,-0.0021678321678321654,0.040028943956212315,-0.0002837268279269267
Lake Chotkowskie,MLP,10,source_only,0.2110593375671626,0.2572566426984014,0.9055944055944056,0.9055944055944056,0.0,0.0,0.0,0.0
Lake Chotkowskie,PLSR,5,affine_only,0.23869657753808743,0.1889648683714928,0.8578431372549021,0.8578431372549021,0.0,0.0,0.00807424370619958,0.009107161504569378
Lake Chotkowskie,PLSR,5,full,0.1951331256422843,0.3470963438992965,0.8002450980392157,0.8578431372549021,-0.06127450980392152,-0.06294117647058824,0.20709716720288418,0.1031528375505094
Lake Chotkowskie,PLSR,5,full_minus_affine,0.19519714610735905,0.3472665855916024,0.8002450980392157,0.8578431372549021,-0.062499999999999944,-0.06362745098039216,0.20698227082824422,0.10325709744028969
Lake Chotkowskie,PLSR,5,full_minus_repr0,0.23869657753808743,0.1889648683714928,0.8578431372549021,0.8578431372549021,0.0,0.0,0.00807424370619958,0.009107161504569378
Lake Chotkowskie,PLSR,5,intercept_only,0.239655200900679,0.18512362763536017,0.8578431372549021,0.8578431372549021,0.0,0.0,0.0,1.1102230246251566e-18
Lake Chotkowskie,PLSR,5,repr_only,0.19519714610735905,0.3472665855916024,0.8002450980392157,0.8578431372549021,-0.062499999999999944,-0.06362745098039216,0.20698227082824422,0.10325709744028969
Lake Chotkowskie,PLSR,5,source_only,0.2259238939319817,0.22412427975521199,0.8578431372549021,0.8578431372549021,0.0,0.0,0.0,0.0
Lake Chotkowskie,PLSR,10,affine_only,0.22609279523722836,0.21633557423606053,0.8391608391608393,0.8391608391608393,0.0,0.0,0.020997617349250375,0.020579887678442287
Lake Chotkowskie,PLSR,10,full,0.16217767121449636,0.45348434346618693,0.8811188811188813,0.8391608391608393,0.020979020979020935,0.023776223776223765,0.32791768380276864,0.26015931530423597
Lake Chotkowskie,PLSR,10,full_minus_affine,0.16216697504150718,0.45365863819487134,0.8811188811188813,0.8391608391608393,0.020979020979020935,0.024195804195804187,0.32793543483591403,0.2603952130967419
Lake Chotkowskie,PLSR,10,full_minus_repr0,0.14428675616237846,0.503865064615475,0.8986013986013986,0.8391608391608393,0.04195804195804198,0.04685314685314684,0.3900713601815677,0.3934392256556057
Lake Chotkowskie,PLSR,10,full_minus_repr1,0.1925404521443745,0.3425638287837632,0.8076923076923077,0.8391608391608393,-0.04195804195804198,-0.04475524475524477,0.18508965536840954,0.05465168128237638
Lake Chotkowskie,PLSR,10,intercept_only,0.23056916763032143,0.20161283941584218,0.8391608391608393,0.8391608391608393,0.0,0.0,0.0,1.2212453270876722e-17
Lake Chotkowskie,PLSR,10,repr_only,0.16216697504150718,0.45365863819487134,0.8811188811188813,0.8391608391608393,0.020979020979020935,0.024195804195804187,0.32793543483591403,0.2603952130967419
Lake Chotkowskie,PLSR,10,source_only,0.21740777274312223,0.23053674482111747,0.8391608391608393,0.8391608391608393,0.0,0.0,0.0,0.0
Lake Chotkowskie,XGBoost,5,affine_only,0.11613272544384359,0.6121486814159269,0.911764705882353,0.911764705882353,0.0,0.0,0.010904905747913085,0.008867559051680742
Lake Chotkowskie,XGBoost,5,full,0.13035785132442998,0.5857427806157649,0.9093137254901962,0.911764705882353,0.0,-0.0023774509803921404,-0.008418181777451406,-0.049087045669411536
Lake Chotkowskie,XGBoost,5,full_minus_affine,0.13075784365550766,0.5856820547790175,0.9093137254901962,0.911764705882353,0.0,-0.0022303921568627314,-0.008171173011353616,-0.05223338403101811
Lake Chotkowskie,XGBoost,5,full_minus_repr0,0.11613272544384359,0.6121486814159269,0.911764705882353,0.911764705882353,0.0,0.0,0.010904905747913085,0.008867559051680742
Lake Chotkowskie,XGBoost,5,intercept_only,0.12021226780616433,0.6013000855795041,0.911764705882353,0.911764705882353,0.0,0.0,0.0,3.963582995147874e-10
Lake Chotkowskie,XGBoost,5,repr_only,0.13075784365550766,0.5856820547790175,0.9093137254901962,0.911764705882353,0.0,-0.0022303921568627314,-0.008171173011353616,-0.05223338403101811
Lake Chotkowskie,XGBoost,5,source_only,0.15024883512542725,0.49470945493732915,0.911764705882353,0.911764705882353,0.0,0.0,0.0,0.0
Lake Chotkowskie,XGBoost,10,affine_only,0.10930117212957635,0.6245351429082237,0.9090909090909092,0.9090909090909092,0.0,0.0,0.01863229563989177,0.016366106004616906
Lake Chotkowskie,XGBoost,10,full,0.11062954361639994,0.6231022376292226,0.9020979020979022,0.9090909090909092,-0.006993006993006867,-0.0056643356643356554,0.02609645887576978,0.005568651293548649
Lake Chotkowskie,XGBoost,10,full_minus_affine,0.11078120789099052,0.6239900622086088,0.9055944055944056,0.9090909090909092,-0.006993006993006867,-0.005664335664335655,0.024769167829355676,0.004091299031730081
Lake Chotkowskie,XGBoost,10,full_minus_repr0,0.10402887374526029,0.6449528079620036,0.9055944055944056,0.9090909090909092,-0.006993006993006867,-0.004755244755244742,0.0337986696700352,0.02867136161140498
Lake Chotkowskie,XGBoost,10,full_minus_repr1,0.1177111899910761,0.6066103921822166,0.9090909090909092,0.9090909090909092,0.0,-0.00013986013986013845,0.015442179573629089,-0.01454904292335105
Lake Chotkowskie,XGBoost,10,intercept_only,0.11456101660118748,0.604212959334088,0.9090909090909092,0.9090909090909092,0.0,0.0,0.0,-7.973492754942413e-11
Lake Chotkowskie,XGBoost,10,repr_only,0.11078120789099052,0.6239900622086088,0.9055944055944056,0.9090909090909092,-0.006993006993006867,-0.005664335664335655,0.024769167829355676,0.004091299031730081
Lake Chotkowskie,XGBoost,10,source_only,0.14458109620926757,0.5019488063680029,0.9090909090909092,0.9090909090909092,0.0,0.0,0.0,0.0
Lake Erie,MLP,5,affine_only,0.21109572786281836,0.36881897548993536,0.8051509697710201,0.8051509697710201,0.0,0.0,0.014748346133810819,-0.001484002812232682
Lake Erie,MLP,5,full,0.23811159514333333,0.3027401271655886,0.7746642497232624,0.8051509697710201,-0.03110720166583114,-0.07257628794689264,-0.08542221601479177,-1.1363761306036895
Lake Erie,MLP,5,full_minus_affine,0.23915692734025346,0.3047113316823231,0.7707644065925077,0.8051509697710201,-0.03347355638357524,-0.07400544776643696,-0.06258114667041159,-1.0975535443078261
Lake Erie,MLP,5,full_minus_repr0,0.21109572786281836,0.36881897548993536,0.8051509697710201,0.8051509697710201,0.0,0.0,0.014748346133810819,-0.001484002812232682
Lake Erie,MLP,5,intercept_only,0.2089231436483137,0.37194366573341764,0.8051509697710201,0.8051509697710201,0.0,0.0,0.0,-1.1102230246251566e-18
Lake Erie,MLP,5,repr_only,0.23915692734025346,0.3047113316823231,0.7707644065925077,0.8051509697710201,-0.03347355638357524,-0.07400544776643696,-0.06258114667041159,-1.0975535443078261
Lake Erie,MLP,5,source_only,0.2458137120929408,0.25942954296364457,0.8051509697710201,0.8051509697710201,0.0,0.0,0.0,0.0
Lake Erie,MLP,10,affine_only,0.20782269065120235,0.36752985520193626,0.8048152277564755,0.8048152277564755,0.0,0.0,0.023238931944678076,-0.010739935121736828
Lake Erie,MLP,10,full,0.22160015690097828,0.33002379696526596,0.8358282695958034,0.8048152277564755,0.029959984882303115,0.002298249035654831,-0.4366509359088088,-0.6050616150239212
Lake Erie,MLP,10,full_minus_affine,0.22268486396175252,0.32878949797437973,0.8347251714887847,0.8048152277564755,0.027264139267585086,0.0015210364833285128,-0.42839461695846476,-0.6037797178173828
Lake Erie,MLP,10,full_minus_repr0,0.20802482415745474,0.3658105998774327,0.8475522413168435,0.8048152277564755,0.04173189146366274,0.014543533096122933,-0.2789885695477179,-0.38529330134073697
Lake Erie,MLP,10,full_minus_repr1,0.21189059736142526,0.3468451748019617,0.7971816453993802,0.8048152277564755,-0.008722743131184318,-0.03879053887750377,-0.0077288797853548585,-0.09754699233333156
Lake Erie,MLP,10,intercept_only,0.20534278829963964,0.37117313947178754,0.8048152277564755,0.8048152277564755,0.0,0.0,0.0,1.2212453270876722e-17
Lake Erie,MLP,10,repr_only,0.22268486396175252,0.32878949797437973,0.8347251714887847,0.8048152277564755,0.027264139267585086,0.0015210364833285128,-0.42839461695846476,-0.6037797178173828
Lake Erie,MLP,10,source_only,0.24596994666078048,0.2478250239217153,0.8048152277564755,0.8048152277564755,0.0,0.0,0.0,0.0
Lake Erie,PLSR,5,affine_only,0.3280344950450156,0.07605621547008476,0.7305137353734521,0.7305137353734521,0.0,8.648011516343424e-08,0.40824342231253163,0.2880050513175596
Lake Erie,PLSR,5,full,0.3141672780551594,0.12274497227033734,0.7002900115648691,0.7305137353734521,-0.029964738239491417,-0.0837104721113451,0.6390934442986983,-1.8446097767312515
Lake Erie,PLSR,5,full_minus_affine,0.312701997882746,0.12224316359285478,0.693566742648373,0.7305137353734521,-0.03601584767193505,-0.0965752242189398,0.6575879536453529,-1.8413395150877312
Lake Erie,PLSR,5,full_minus_repr0,0.3280344950450156,0.07605621547008476,0.7305137353734521,0.7305137353734521,0.0,8.648011516343424e-08,0.40824342231253163,0.2880050513175596
Lake Erie,PLSR,5,intercept_only,0.34997063613483903,-0.04518774772926104,0.7305137353734521,0.7305137353734521,0.0,0.0,0.0,2.220446049250313e-18
Lake Erie,PLSR,5,repr_only,0.312701997882746,0.12224316359285478,0.693566742648373,0.7305137353734521,-0.03601584767193505,-0.0965752242189398,0.6575879536453529,-1.8413395150877312
Lake Erie,PLSR,5,source_only,0.3507975936128485,-0.060591128058529634,0.7305137353734521,0.7305137353734521,0.0,0.0,0.0,0.0
Lake Erie,PLSR,10,affine_only,0.2897494753032719,0.13040247996508186,0.7309663948968503,0.7309663948968503,0.0,6.030656700239945e-08,0.7573784584505896,0.49381996847383924
Lake Erie,PLSR,10,full,0.3035531450841346,0.0742526928414248,0.6911013681105165,0.7309663948968503,-0.0384585280613009,-0.07707485433887502,0.389197668870343,-0.5247433947266193
Lake Erie,PLSR,10,full_minus_affine,0.3068259626586055,0.06985907705362002,0.6841645608178127,0.7309663948968503,-0.0467718472734977,-0.08035942552691452,0.392775678273795,-0.5316304057212203
Lake Erie,PLSR,10,full_minus_repr0,0.3016856982612859,0.10088993539486685,0.7796948000042756,0.7309663948968503,0.04759792591158313,-0.003772244667454831,0.31048819060587285,-0.08286183174788546
Lake Erie,PLSR,10,full_minus_repr1,0.27820449760245125,0.15623868454196457,0.713062609311415,0.7309663948968503,-0.02047342814235792,-0.054418107058520314,0.7054808597209218,0.41951690153558013
Lake Erie,PLSR,10,intercept_only,0.35396321070378434,-0.07432291607492171,0.7309663948968503,0.7309663948968503,0.0,0.0,0.0,7.549516567451065e-17
Lake Erie,PLSR,10,repr_only,0.3068259626586055,0.06985907705362002,0.6841645608178127,0.7309663948968503,-0.0467718472734977,-0.08035942552691452,0.392775678273795,-0.5316304057212203
Lake Erie,PLSR,10,source_only,0.3505447328458281,-0.07104623172497523,0.7309663948968503,0.7309663948968503,0.0,0.0,0.0,0.0
Lake Erie,XGBoost,5,affine_only,0.2078004638455584,0.3775997441965163,0.7836704368235572,0.7836704368235572,0.0,0.0,-0.0030078547371972797,-0.008450747153380624
Lake Erie,XGBoost,5,full,0.23506883594360556,0.3289160865783787,0.7716100690342049,0.7836704368235572,-0.011689200516412812,-0.06709030873542637,-0.04534448676686509,-1.2356555561582496
Lake Erie,XGBoost,5,full_minus_affine,0.2348294767859866,0.33331506561904833,0.768887037101246,0.7836704368235572,-0.013539509216461576,-0.06695105336807959,-0.044631018321410865,-1.2412468798095546
Lake Erie,XGBoost,5,full_minus_repr0,0.2078004638455584,0.3775997441965163,0.7836704368235572,0.7836704368235572,0.0,0.0,-0.0030078547371972797,-0.008450747153380624
Lake Erie,XGBoost,5,intercept_only,0.20614827443559552,0.38011383153259726,0.7836704368235572,0.7836704368235572,0.0,0.0,1.434795060539784e-10,4.554338217666043e-10
Lake Erie,XGBoost,5,repr_only,0.2348294767859866,0.33331506561904833,0.768887037101246,0.7836704368235572,-0.013539509216461576,-0.06695105336807959,-0.044631018321410865,-1.2412468798095546
Lake Erie,XGBoost,5,source_only,0.25566652409308255,0.22758907406048473,0.7836704368235572,0.7836704368235572,0.0,0.0,0.0,0.0
Lake Erie,XGBoost,10,affine_only,0.20572595823462098,0.369113815079136,0.7838276108460029,0.7838276108460029,0.0,0.0,-0.00303709578965744,-0.009423188307534212
Lake Erie,XGBoost,10,full,0.2278550876381562,0.3049524237526037,0.8098624161928796,0.7838276108460029,0.024625648847408477,0.0067191676892930175,-0.18174267464167038,-0.4685379980970055
Lake Erie,XGBoost,10,full_minus_affine,0.22899316562099986,0.3071869870945595,0.8094985353008096,0.7838276108460029,0.026936984214559423,0.005051590132568713,-0.21583647875056117,-0.46909836341277367
Lake Erie,XGBoost,10,full_minus_repr0,0.21364355047561945,0.36039151951925275,0.8310211306080337,0.7838276108460029,0.04809205874090422,0.027546922179270718,-0.06966363525038821,-0.21340086283746162
Lake Erie,XGBoost,10,full_minus_repr1,0.20918085193651476,0.36556419870895973,0.8026832113289606,0.7838276108460029,0.018879215984062336,-0.0027390534031842438,0.004431530130698691,-0.05369792172646298
Lake Erie,XGBoost,10,intercept_only,0.2033089629397747,0.3758155357336197,0.7838276108460029,0.7838276108460029,0.0,0.0,-2.1643320469166838e-10,-2.6389398777304507e-10
Lake Erie,XGBoost,10,repr_only,0.22899316562099986,0.3071869870945595,0.8094985353008096,0.7838276108460029,0.026936984214559423,0.005051590132568713,-0.21583647875056117,-0.46909836341277367
Lake Erie,XGBoost,10,source_only,0.2556026679369129,0.21568133758007785,0.7838276108460029,0.7838276108460029,0.0,0.0,0.0,0.0
Lake Geneva,MLP,5,affine_only,0.20148122769903934,0.27291800038098035,0.5295178419140133,0.5295178419140133,0.0,0.0,-0.001495908414586522,-0.005322084006033273
Lake Geneva,MLP,5,full,0.20557412149790089,0.284587360629859,0.5064759084683947,0.5295178419140133,0.0,-0.018476693340257186,0.009153836914934266,-0.17849450559406516
Lake Geneva,MLP,5,full_minus_affine,0.20454025949996296,0.2898830199573359,0.5064759084683947,0.5295178419140133,0.0035778232561758383,-0.01892296135819639,0.017496180493097424,-0.17739883758894873
Lake Geneva,MLP,5,full_minus_repr0,0.20148122769903934,0.27291800038098035,0.5295178419140133,0.5295178419140133,0.0,0.0,-0.001495908414586522,-0.005322084006033273
Lake Geneva,MLP,5,intercept_only,0.2000710911897935,0.28021473368444494,0.5295178419140133,0.5295178419140133,0.0,0.0,0.0,0.0
Lake Geneva,MLP,5,repr_only,0.20454025949996296,0.2898830199573359,0.5064759084683947,0.5295178419140133,0.0035778232561758383,-0.01892296135819639,0.017496180493097424,-0.17739883758894873
Lake Geneva,MLP,5,source_only,0.40271101121665887,-0.4954033131322563,0.5295178419140133,0.5295178419140133,0.0,0.0,0.0,0.0
Lake Geneva,MLP,10,affine_only,0.19777625965713996,0.2272331952014564,0.5826945271874246,0.5826945271874246,0.0,0.0,-0.0025418137360108117,-0.007754155219438523
Lake Geneva,MLP,10,full,0.19530886752045395,0.25509808537141443,0.6484848484848483,0.5826945271874246,0.10621742575826001,0.06038697976779094,0.04679874772422504,-0.17492306739311708
Lake Geneva,MLP,10,full_minus_affine,0.19613861752248335,0.2530850831527319,0.6484848484848483,0.5826945271874246,0.103030303030303,0.05650576804206839,0.06109909650126072,-0.17910511193662668
Lake Geneva,MLP,10,full_minus_repr0,0.17458860549586425,0.3027035074279998,0.7173285415424762,0.5826945271874246,0.14545454545454548,0.15130406521630232,0.11401341009234434,0.010341785662792717
Lake Geneva,MLP,10,full_minus_repr1,0.19914012186499874,0.25241146548283977,0.5393939393939393,0.5826945271874246,0.03951386033920412,-0.02438250417074221,0.04354484977613582,-0.15229774368415072
Lake Geneva,MLP,10,intercept_only,0.19300539394848348,0.23264002456567137,0.5826945271874246,0.5826945271874246,0.0,0.0,0.0,7.771561172376097e-18
Lake Geneva,MLP,10,repr_only,0.19613861752248335,0.2530850831527319,0.6484848484848483,0.5826945271874246,0.103030303030303,0.05650576804206839,0.06109909650126072,-0.17910511193662668
Lake Geneva,MLP,10,source_only,0.39000861993583913,-0.5328066531790754,0.5826945271874246,0.5826945271874246,0.0,0.0,0.0,0.0
Lake Geneva,PLSR,5,affine_only,0.19463118856284525,0.27417996410875906,0.817329091968902,0.817329091968902,0.0,0.0,0.01713126935067555,0.013211760474454737
Lake Geneva,PLSR,5,full,0.22189863152238537,0.20862379038778173,0.5701521490256695,0.817329091968902,-0.25289758938116275,-0.23916967808363776,-0.111241845122512,-0.2133142320103176
Lake Geneva,PLSR,5,full_minus_affine,0.22283333492997545,0.18637980420120104,0.5665775274016841,0.817329091968902,-0.2530189382477722,-0.25642058196202877,-0.13686213350779763,-0.23547988767809613
Lake Geneva,PLSR,5,full_minus_repr0,0.19463118856284525,0.27417996410875906,0.817329091968902,0.817329091968902,0.0,0.0,0.01713126935067555,0.013211760474454737
Lake Geneva,PLSR,5,intercept_only,0.19791309287463948,0.2560108384503817,0.817329091968902,0.817329091968902,0.0,0.0,0.0,2.220446049250313e-18
Lake Geneva,PLSR,5,repr_only,0.22283333492997545,0.18637980420120104,0.5665775274016841,0.817329091968902,-0.2530189382477722,-0.25642058196202877,-0.13686213350779763,-0.23547988767809613
Lake Geneva,PLSR,5,source_only,0.606173987487574,-1.1938467833932862,0.817329091968902,0.817329091968902,0.0,0.0,0.0,0.0
Lake Geneva,PLSR,10,affine_only,0.18522717135656866,0.27744940906785376,0.8406669463513657,0.8406669463513657,0.0,0.0,0.026342096667072323,0.019692872536157938
Lake Geneva,PLSR,10,full,0.18674626148691037,0.2599714357114734,0.776929111145932,0.8406669463513657,-0.01820026755801274,-0.0493618908767899,-0.1406957999070093,-0.23239957060124372
Lake Geneva,PLSR,10,full_minus_affine,0.18685391951391267,0.2600201677298527,0.776929111145932,0.8406669463513657,-0.024242424242424232,-0.04984673936163839,-0.1391541162274924,-0.23107384585420485
Lake Geneva,PLSR,10,full_minus_repr0,0.19362417423170059,0.27692557900980697,0.8163876233565523,0.8406669463513657,0.0,-0.013570026402723543,-0.07924394156319542,-0.2504761786209711
Lake Geneva,PLSR,10,full_minus_repr1,0.20671213791648557,0.21758454520443912,0.7587288435879191,0.8406669463513657,-0.02431622174720255,-0.10272159608108765,-0.035935598495873744,-0.12744727509740497
Lake Geneva,PLSR,10,intercept_only,0.19084719564598907,0.2562969588113496,0.8406669463513657,0.8406669463513657,0.0,0.0,0.0,1.3322676295501878e-17
Lake Geneva,PLSR,10,repr_only,0.18685391951391267,0.2600201677298527,0.776929111145932,0.8406669463513657,-0.024242424242424232,-0.04984673936163839,-0.1391541162274924,-0.23107384585420485
Lake Geneva,PLSR,10,source_only,0.585468144289635,-1.252928883512669,0.8406669463513657,0.8406669463513657,0.0,0.0,0.0,0.0
Lake Geneva,XGBoost,5,affine_only,0.26352956262637484,0.04352800869181398,0.3620921218541346,0.3620921218541346,0.0,0.0,0.03742437031227169,0.03030625507977368
Lake Geneva,XGBoost,5,full,0.22614307241899617,0.1827786231913549,0.453083290840148,0.3620921218541346,0.10008940547159084,0.09273374980050506,0.19831186409844542,0.026866772719513304
Lake Geneva,XGBoost,5,full_minus_affine,0.2274390514228719,0.17953614993745987,0.44772135840416993,0.3620921218541346,0.10272566895378452,0.09201772219954732,0.20366097534401156,0.027578947416431254
Lake Geneva,XGBoost,5,full_minus_repr0,0.26352956262637484,0.04352800869181398,0.3620921218541346,0.3620921218541346,0.0,0.0,0.03742437031227169,0.03030625507977368
Lake Geneva,XGBoost,5,intercept_only,0.2659120561200168,0.026330300828857952,0.3620921218541346,0.3620921218541346,0.0,0.0,5.812867409638045e-10,-5.383009016313168e-10
Lake Geneva,XGBoost,5,repr_only,0.2274390514228719,0.17953614993745987,0.44772135840416993,0.3620921218541346,0.10272566895378452,0.09201772219954732,0.20366097534401156,0.027578947416431254
Lake Geneva,XGBoost,5,source_only,0.36437705520657665,-0.3178037114452881,0.3620921218541346,0.3620921218541346,0.0,0.0,0.0,0.0
Lake Geneva,XGBoost,10,affine_only,0.25799368785957416,0.02593032328156074,0.4024465059906087,0.4024465059906087,0.0,0.0,0.06575638995155952,0.062182293633286055
Lake Geneva,XGBoost,10,full,0.2079528376716499,0.21211219352032662,0.6100133779006383,0.4024465059906087,0.19786720403826732,0.2168780442477031,0.16743599317651664,0.09596991596062249
Lake Geneva,XGBoost,10,full_minus_affine,0.21250447244570284,0.2015807305184445,0.5918131103426255,0.4024465059906087,0.20333471773751366,0.208263496928593,0.16403462107793743,0.07839146703262555
Lake Geneva,XGBoost,10,full_minus_repr0,0.18894579455827631,0.27082650259713825,0.7333333333333332,0.4024465059906087,0.2978737164032317,0.3178902550207774,0.3441630410320577,0.29588701624676406
Lake Geneva,XGBoost,10,full_minus_repr1,0.21288888052163402,0.18388967622852587,0.43030303030303024,0.4024465059906087,0.05765877976863317,0.045467854997072725,0.18509838705808934,0.05787626973221093
Lake Geneva,XGBoost,10,intercept_only,0.26315490433179567,-0.0031246351842289305,0.4024465059906087,0.4024465059906087,0.0,0.0,2.046361247121098e-09,1.986548544552491e-09
Lake Geneva,XGBoost,10,repr_only,0.21250447244570284,0.2015807305184445,0.5918131103426255,0.4024465059906087,0.20333471773751366,0.208263496928593,0.16403462107793743,0.07839146703262555
Lake Geneva,XGBoost,10,source_only,0.3470467040184407,-0.3404459979614297,0.4024465059906087,0.4024465059906087,0.0,0.0,0.0,0.0
Lake Hume,MLP,5,affine_only,0.1323317972149538,0.47477786619596984,0.8323655310044091,0.8323655310044091,0.0,0.0,0.0047433841926761144,0.0027038516458219117
Lake Hume,MLP,5,full,0.16147766598121727,0.371610285223297,0.8059291047643204,0.8323655310044091,-0.014671047989965547,-0.1232396667200249,-0.10951406941044112,-0.4621880667089092
Lake Hume,MLP,5,full_minus_affine,0.16168405910760542,0.3745158547139712,0.8048901671376831,0.8323655310044091,-0.016963399238397847,-0.12581152880690055,-0.1096554766132335,-0.46787280090445804
Lake Hume,MLP,5,full_minus_repr0,0.1323317972149538,0.47477786619596984,0.8323655310044091,0.8323655310044091,0.0,0.0,0.0047433841926761144,0.0027038516458219117
Lake Hume,MLP,5,intercept_only,0.13269539991193977,0.47003049533288466,0.8323655310044091,0.8323655310044091,0.0,0.0,0.0,-5.551115123125783e-18
Lake Hume,MLP,5,repr_only,0.16168405910760542,0.3745158547139712,0.8048901671376831,0.8323655310044091,-0.016963399238397847,-0.12581152880690055,-0.1096554766132335,-0.46787280090445804
Lake Hume,MLP,5,source_only,0.13025666748147893,0.48199228378948555,0.8323655310044091,0.8323655310044091,0.0,0.0,0.0,0.0
Lake Hume,MLP,10,affine_only,0.12770283091788825,0.4659237045841639,0.8253988524618112,0.8253988524618112,0.0,0.0,0.008361195229436735,0.005480909697063794
Lake Hume,MLP,10,full,0.12321591146600003,0.4664206545184566,0.8390195900566733,0.8253988524618112,0.02106170726654305,0.002754359168467725,0.03683460850043552,-0.0211337817472449
Lake Hume,MLP,10,full_minus_affine,0.12368051001916903,0.46539606644859716,0.8404976046016939,0.8253988524618112,0.02093853938779139,0.00255227491665732,0.03452754859727297,-0.02620613883968722
Lake Hume,MLP,10,full_minus_repr0,0.11690275083385435,0.4987481282910561,0.8426952707084936,0.8253988524618112,0.022419315782626237,0.017853359198698824,0.05347345950260096,0.03459224719737862
Lake Hume,MLP,10,full_minus_repr1,0.13588518678037265,0.41600092013515355,0.8120958717566833,0.8253988524618112,-0.011577082810624084,-0.02671642087745718,-0.015650177036050483,-0.10543662603612539
Lake Hume,MLP,10,intercept_only,0.13073224915099266,0.4581260796561778,0.8253988524618112,0.8253988524618112,0.0,0.0,0.0,1.1102230246251566e-18
Lake Hume,MLP,10,repr_only,0.12368051001916903,0.46539606644859716,0.8404976046016939,0.8253988524618112,0.02093853938779139,0.00255227491665732,0.03452754859727297,-0.02620613883968722
Lake Hume,MLP,10,source_only,0.13009467971617358,0.4545847862562842,0.8253988524618112,0.8253988524618112,0.0,0.0,0.0,0.0
Lake Hume,PLSR,5,affine_only,0.19888830620430686,0.18507013279951184,0.6728807761709654,0.6728807761709654,0.0,0.0,0.005284244254453285,0.0112530510053244
Lake Hume,PLSR,5,full,0.18674958372368156,0.26603763277996484,0.5467812443052549,0.6728807761709654,-0.11171391750692525,-0.26982648585372787,0.12128399273506535,-0.4555963478291322
Lake Hume,PLSR,5,full_minus_affine,0.18679376624351618,0.2655006533191581,0.5432456272752326,0.6728807761709654,-0.11323349765460028,-0.27053097354327577,0.1201561969714609,-0.45661944182728653
Lake Hume,PLSR,5,full_minus_repr0,0.19888830620430686,0.18507013279951184,0.6728807761709654,0.6728807761709654,0.0,0.0,0.005284244254453285,0.0112530510053244
Lake Hume,PLSR,5,intercept_only,0.20007265736407298,0.1824704500244782,0.6728807761709654,0.6728807761709654,0.0,0.0,0.0,-1.1102230246251566e-18
Lake Hume,PLSR,5,repr_only,0.18679376624351618,0.2655006533191581,0.5432456272752326,0.6728807761709654,-0.11323349765460028,-0.27053097354327577,0.1201561969714609,-0.45661944182728653
Lake Hume,PLSR,5,source_only,0.20461625803389333,0.1508441662758846,0.6728807761709654,0.6728807761709654,0.0,0.0,0.0,0.0
Lake Hume,PLSR,10,affine_only,0.18727756923105157,0.1926983005335687,0.6805025301032179,0.6805025301032179,0.0,0.0,0.031201625752929174,0.02826788185301885
Lake Hume,PLSR,10,full,0.16468644168409424,0.30473418051602763,0.7939636933464048,0.6805025301032179,0.10187238545182342,0.05234704674058456,0.18019009098984085,-0.03326866013221666
Lake Hume,PLSR,10,full_minus_affine,0.16470391615034435,0.30469522073678246,0.7929782289163994,0.6805025301032179,0.1006405549143165,0.052053862270821885,0.1801924562685469,-0.033571612107525975
Lake Hume,PLSR,10,full_minus_repr0,0.17134781156682388,0.269588742972222,0.70796896706485,0.6805025301032179,0.05567531074554399,0.021294550811602177,0.1848812307529037,0.15947266772670937
Lake Hume,PLSR,10,full_minus_repr1,0.16074879934252678,0.3051690688468508,0.5567185211853654,0.6805025301032179,-0.12316788155514963,-0.14127687956834237,0.18770164233585934,0.12886144740233685
Lake Hume,PLSR,10,intercept_only,0.19144533361675203,0.1794511981077997,0.6805025301032179,0.6805025301032179,0.0,0.0,0.0,0.0
Lake Hume,PLSR,10,repr_only,0.16470391615034435,0.30469522073678246,0.7929782289163994,0.6805025301032179,0.1006405549143165,0.052053862270821885,0.1801924562685469,-0.033571612107525975
Lake Hume,PLSR,10,source_only,0.20407092191638115,0.10905378160925987,0.6805025301032179,0.6805025301032179,0.0,0.0,0.0,0.0
Lake Hume,XGBoost,5,affine_only,0.163039606143766,0.35283144092894847,0.6246179779530072,0.6246179779530072,0.0,0.0,0.00018501973926743354,-0.005909457786841103
Lake Hume,XGBoost,5,full,0.19135607481623768,0.217481992600079,0.5316881307363837,0.6246179779530072,-0.055625539686168735,-0.2742283348599186,-0.23242309996068278,-1.3119688078915634
Lake Hume,XGBoost,5,full_minus_affine,0.19436361940207764,0.21264188191919736,0.5277353362350362,0.6246179779530072,-0.05791752305124681,-0.27434590892745914,-0.23244199936986354,-1.357103568322886
Lake Hume,XGBoost,5,full_minus_repr0,0.163039606143766,0.35283144092894847,0.6246179779530072,0.6246179779530072,0.0,0.0,0.00018501973926743354,-0.005909457786841103
Lake Hume,XGBoost,5,intercept_only,0.16550081542379927,0.34556440818621215,0.6246179779530072,0.6246179779530072,0.0,0.0,5.551115123125783e-17,-3.873933940301555e-10
Lake Hume,XGBoost,5,repr_only,0.19436361940207764,0.21264188191919736,0.5277353362350362,0.6246179779530072,-0.05791752305124681,-0.27434590892745914,-0.23244199936986354,-1.357103568322886
Lake Hume,XGBoost,5,source_only,0.14559646798488746,0.4234619214909448,0.6246179779530072,0.6246179779530072,0.0,0.0,0.0,0.0
Lake Hume,XGBoost,10,affine_only,0.15844476605017438,0.3404803717377962,0.6338608279287015,0.6338608279287015,0.0,0.0,-0.006341275184060413,-0.013576599460904065
Lake Hume,XGBoost,10,full,0.14516883175679823,0.3689485899178766,0.6457691882952346,0.6338608279287015,0.050994734077992154,-0.0002871011617413599,0.0884226811614241,-0.050841449887037
Lake Hume,XGBoost,10,full_minus_affine,0.1492861682749825,0.3691188233015002,0.6461786325288044,0.6338608279287015,0.046680611937206185,-0.009417045250183003,0.07966149159815356,-0.07469650157857803
Lake Hume,XGBoost,10,full_minus_repr0,0.13244833502115647,0.44179017884615995,0.6967606900984441,0.6338608279287015,0.0688635927978527,0.06578614257712292,0.12630678883287988,0.11026573603229547
Lake Hume,XGBoost,10,full_minus_repr1,0.17151067797480102,0.2699634202993456,0.5644783883191036,0.6338608279287015,-0.009607686367593904,-0.1110748269470956,-0.0265727280983985,-0.2635255625451165
Lake Hume,XGBoost,10,intercept_only,0.1567920625778203,0.34060316836643567,0.6338608279287015,0.6338608279287015,0.0,0.0,0.0,-1.1819720202588258e-10
Lake Hume,XGBoost,10,repr_only,0.1492861682749825,0.3691188233015002,0.6461786325288044,0.6338608279287015,0.046680611937206185,-0.009417045250183003,0.07966149159815356,-0.07469650157857803
Lake Hume,XGBoost,10,source_only,0.14356301342873734,0.4015988094747831,0.6338608279287015,0.6338608279287015,0.0,0.0,0.0,0.0
Lake Jasień Południowy,MLP,5,affine_only,0.12107489250790895,0.3908885682995178,0.761029411764706,0.761029411764706,0.0,0.0,0.004072000139782872,0.002851808287927179
Lake Jasień Południowy,MLP,5,full,0.12619533921299636,0.3655410140523472,0.6973039215686275,0.761029411764706,-0.045343137254901966,-0.057818627450980396,-0.03960599816345112,-0.07208850752351087
Lake Jasień Południowy,MLP,5,full_minus_affine,0.12597962137495788,0.36357999895870075,0.6960784313725491,0.761029411764706,-0.04779411764705882,-0.06039215686274511,-0.04071529595313511,-0.07477406777469506
Lake Jasień Południowy,MLP,5,full_minus_repr0,0.12107489250790895,0.3908885682995178,0.761029411764706,0.761029411764706,0.0,0.0,0.004072000139782872,0.002851808287927179
Lake Jasień Południowy,MLP,5,intercept_only,0.1216892180374274,0.39012079190043925,0.761029411764706,0.761029411764706,0.0,0.0,0.0,-1.3322676295501878e-17
Lake Jasień Południowy,MLP,5,repr_only,0.12597962137495788,0.36357999895870075,0.6960784313725491,0.761029411764706,-0.04779411764705882,-0.06039215686274511,-0.04071529595313511,-0.07477406777469506
Lake Jasień Południowy,MLP,5,source_only,0.12009872263064465,0.41657761614238026,0.761029411764706,0.761029411764706,0.0,0.0,0.0,0.0
Lake Jasień Południowy,MLP,10,affine_only,0.1191943299699387,0.39493291926823243,0.7727272727272728,0.7727272727272728,0.0,0.0,0.0059308520126545305,0.004584390181988845
Lake Jasień Południowy,MLP,10,full,0.12354833154223065,0.36923160382215914,0.7272727272727274,0.7727272727272728,-0.0174825174825175,-0.06034965034965035,-0.005846853761052262,-0.06596016998152651
Lake Jasień Południowy,MLP,10,full_minus_affine,0.1237534783321449,0.3717315633664058,0.7272727272727274,0.7727272727272728,-0.0174825174825175,-0.06,-0.0037479014625469986,-0.06485618501568184
Lake Jasień Południowy,MLP,10,full_minus_repr0,0.12090553263195751,0.3877808375469955,0.7762237762237763,0.7727272727272728,0.0,-0.004475524475524472,0.0006105729847364905,-0.010267086864411377
Lake Jasień Południowy,MLP,10,full_minus_repr1,0.12506223931733976,0.36401229861214646,0.7097902097902098,0.7727272727272728,-0.02447552447552448,-0.06454545454545454,0.0016705047414725116,-0.07680169281716515
Lake Jasień Południowy,MLP,10,intercept_only,0.11980675876552116,0.3896964127085767,0.7727272727272728,0.7727272727272728,0.0,0.0,0.0,1.2212453270876722e-17
Lake Jasień Południowy,MLP,10,repr_only,0.1237534783321449,0.3717315633664058,0.7272727272727274,0.7727272727272728,-0.0174825174825175,-0.06,-0.0037479014625469986,-0.06485618501568184
Lake Jasień Południowy,MLP,10,source_only,0.11652473941862221,0.39679453757582067,0.7727272727272728,0.7727272727272728,0.0,0.0,0.0,0.0
Lake Jasień Południowy,PLSR,5,affine_only,0.17805770389576653,0.10035849957540924,0.553921568627451,0.553921568627451,0.0,0.0,0.0017172864881363492,0.0016855676315618562
Lake Jasień Południowy,PLSR,5,full,0.19071457050557156,0.05524365282722075,0.3026960784313726,0.553921568627451,-0.19607843137254907,-0.26960784313725494,-0.14440082784762853,-0.2268455617012978
Lake Jasień Południowy,PLSR,5,full_minus_affine,0.19087277448824258,0.05461780323249191,0.2977941176470589,0.553921568627451,-0.1985294117647059,-0.2704166666666667,-0.14503757083502328,-0.22825677247024614
Lake Jasień Południowy,PLSR,5,full_minus_repr0,0.17805770389576653,0.10035849957540924,0.553921568627451,0.553921568627451,0.0,0.0,0.0017172864881363492,0.0016855676315618562
Lake Jasień Południowy,PLSR,5,intercept_only,0.17811485503298125,0.09963400589135006,0.553921568627451,0.553921568627451,0.0,0.0,0.0,1.1102230246251566e-18
Lake Jasień Południowy,PLSR,5,repr_only,0.19087277448824258,0.05461780323249191,0.2977941176470589,0.553921568627451,-0.1985294117647059,-0.2704166666666667,-0.14503757083502328,-0.22825677247024614
Lake Jasień Południowy,PLSR,5,source_only,0.2839927795088062,-0.39112921607052886,0.553921568627451,0.553921568627451,0.0,0.0,0.0,0.0
Lake Jasień Południowy,PLSR,10,affine_only,0.17708339070670603,0.10496533701644409,0.5909090909090909,0.5909090909090909,0.0,0.0,0.004086111541686366,0.003721935138481873
Lake Jasień Południowy,PLSR,10,full,0.14284356933304662,0.28900048053165944,0.7272727272727274,0.5909090909090909,0.12237762237762237,0.10734265734265737,0.2923028547922217,0.22580809437424837
Lake Jasień Południowy,PLSR,10,full_minus_affine,0.14290036210082943,0.28888486764937615,0.7272727272727274,0.5909090909090909,0.12587412587412591,0.10650349650349654,0.2918380372169754,0.22555772883173208
Lake Jasień Południowy,PLSR,10,full_minus_repr0,0.147135244198295,0.2661425039454658,0.7412587412587414,0.5909090909090909,0.12587412587412594,0.1676923076923077,0.2060226413801276,0.21177473282276993
Lake Jasień Południowy,PLSR,10,full_minus_repr1,0.19020362574142174,0.07433988224689164,0.3846153846153847,0.5909090909090909,-0.09790209790209792,-0.1956643356643357,-0.060989338826508144,-0.24316787395897768
Lake Jasień Południowy,PLSR,10,intercept_only,0.17770652520254224,0.1031881197593125,0.5909090909090909,0.5909090909090909,0.0,0.0,0.0,2.220446049250313e-18
Lake Jasień Południowy,PLSR,10,repr_only,0.14290036210082943,0.28888486764937615,0.7272727272727274,0.5909090909090909,0.12587412587412591,0.10650349650349654,0.2918380372169754,0.22555772883173208
Lake Jasień Południowy,PLSR,10,source_only,0.27956050651500164,-0.41128325547738764,0.5909090909090909,0.5909090909090909,0.0,0.0,0.0,0.0
Lake Jasień Południowy,XGBoost,5,affine_only,0.1290937239189754,0.36210516390823755,0.7389705882352943,0.7389705882352943,0.0,0.0,0.0027013742468589563,0.0004503825109546944
Lake Jasień Południowy,XGBoost,5,full,0.13719056163417334,0.33228825745697405,0.7561274509803922,0.7389705882352943,-0.003676470588235281,-0.04257352941176471,-0.06683936234185761,-0.09957621278294364
Lake Jasień Południowy,XGBoost,5,full_minus_affine,0.13787072885796253,0.32560772518542846,0.752450980392157,0.7389705882352943,-0.004901960784313708,-0.045735294117647075,-0.07190489295260727,-0.10658013307011764
Lake Jasień Południowy,XGBoost,5,full_minus_repr0,0.1290937239189754,0.36210516390823755,0.7389705882352943,0.7389705882352943,0.0,0.0,0.0027013742468589563,0.0004503825109546944
Lake Jasień Południowy,XGBoost,5,intercept_only,0.12974792868336354,0.3580966357205414,0.7389705882352943,0.7389705882352943,0.0,0.0,0.0,-1.4991712982137528e-10
Lake Jasień Południowy,XGBoost,5,repr_only,0.13787072885796253,0.32560772518542846,0.752450980392157,0.7389705882352943,-0.004901960784313708,-0.045735294117647075,-0.07190489295260727,-0.10658013307011764
Lake Jasień Południowy,XGBoost,5,source_only,0.13110711831717015,0.3560109923725801,0.7389705882352943,0.7389705882352943,0.0,0.0,0.0,0.0
Lake Jasień Południowy,XGBoost,10,affine_only,0.12419379397807759,0.37325361888738245,0.7342657342657343,0.7342657342657343,0.0,0.0,0.0023366440066849292,7.149446878403465e-05
Lake Jasień Południowy,XGBoost,10,full,0.11991481597463274,0.40067200910662315,0.7727272727272728,0.7342657342657343,0.02097902097902099,0.023566433566433568,0.04650345631102526,0.0037362952038918797
Lake Jasień Południowy,XGBoost,10,full_minus_affine,0.12012764424030356,0.4003069267201219,0.7692307692307694,0.7342657342657343,0.02097902097902099,0.02125874125874126,0.04592967025408956,0.0028484972448488944
Lake Jasień Południowy,XGBoost,10,full_minus_repr0,0.11253677188771162,0.4323621513807445,0.7902097902097903,0.7342657342657343,0.05594405594405599,0.061398601398601406,0.09430594148725113,0.08498896716685582
Lake Jasień Południowy,XGBoost,10,full_minus_repr1,0.13545798762884698,0.3326134502317635,0.7447552447552449,0.7342657342657343,0.0,-0.02216783216783217,-0.055868498689465695,-0.09547906446327584
Lake Jasień Południowy,XGBoost,10,intercept_only,0.12517961288235593,0.3666792752029289,0.7342657342657343,0.7342657342657343,0.0,0.0,0.0,-2.076150301677515e-09
Lake Jasień Południowy,XGBoost,10,repr_only,0.12012764424030356,0.4003069267201219,0.7692307692307694,0.7342657342657343,0.02097902097902099,0.02125874125874126,0.04592967025408956,0.0028484972448488944
Lake Jasień Południowy,XGBoost,10,source_only,0.12766795755118748,0.35227390757472155,0.7342657342657343,0.7342657342657343,0.0,0.0,0.0,0.0
Lake Jeleń,MLP,5,affine_only,0.12144799456719468,0.19684162294276641,0.6691197148351478,0.6691197148351478,0.0,0.0,0.0022479431689049756,0.0018589621394997802
Lake Jeleń,MLP,5,full,0.1105850158309211,0.26572561123814553,0.582643689823794,0.6691197148351478,-0.07543796633923683,-0.11422610254356194,0.11611762417796734,0.05250129210939116
Lake Jeleń,MLP,5,full_minus_affine,0.11070712035403249,0.2654351832727313,0.5857104238068558,0.6691197148351478,-0.0748233394620248,-0.11461870311573615,0.11611559672483729,0.05233013727000733
Lake Jeleń,MLP,5,full_minus_repr0,0.12144799456719468,0.19684162294276641,0.6691197148351478,0.6691197148351478,0.0,0.0,0.0022479431689049756,0.0018589621394997802
Lake Jeleń,MLP,5,intercept_only,0.12143284484024924,0.1958164928841395,0.6691197148351478,0.6691197148351478,0.0,0.0,0.0,8.881784197001253e-18
Lake Jeleń,MLP,5,repr_only,0.11070712035403249,0.2654351832727313,0.5857104238068558,0.6691197148351478,-0.0748233394620248,-0.11461870311573615,0.11611559672483729,0.05233013727000733
Lake Jeleń,MLP,5,source_only,0.2408228232210658,-0.6523731271066713,0.6691197148351478,0.6691197148351478,0.0,0.0,0.0,0.0
Lake Jeleń,MLP,10,affine_only,0.11926364399129075,0.17085059675946268,0.663172717302889,0.663172717302889,0.0,0.0,0.004358224987214998,0.004250283473717952
Lake Jeleń,MLP,10,full,0.10410002619126049,0.29114895438183835,0.5849396010625192,0.663172717302889,-0.07692307692307698,-0.09602547482247571,0.12568797225043332,0.08008268661074465
Lake Jeleń,MLP,10,full_minus_affine,0.1040810000204328,0.29089448541752216,0.5849396010625192,0.663172717302889,-0.07523917804930169,-0.09413393078105842,0.1254782794638047,0.07997484131625904
Lake Jeleń,MLP,10,full_minus_repr0,0.11818531336709781,0.18584481795004903,0.5734265734265735,0.663172717302889,-0.07523917804930169,-0.1268251091917527,0.009203592719015274,-0.019881407766964218
Lake Jeleń,MLP,10,full_minus_repr1,0.10340371114811547,0.2933178117190218,0.5949265462465945,0.663172717302889,-0.08924357857088039,-0.09186304313215458,0.12437397729419869,0.08746038796672251
Lake Jeleń,MLP,10,intercept_only,0.11954648316485414,0.1669958437039019,0.663172717302889,0.663172717302889,0.0,0.0,0.0,-2.220446049250313e-18
Lake Jeleń,MLP,10,repr_only,0.1040810000204328,0.29089448541752216,0.5849396010625192,0.663172717302889,-0.07523917804930169,-0.09413393078105842,0.1254782794638047,0.07997484131625904
Lake Jeleń,MLP,10,source_only,0.24527713482515634,-0.7116329831206243,0.663172717302889,0.663172717302889,0.0,0.0,0.0,0.0
Lake Jeleń,PLSR,5,affine_only,0.1348359112475625,0.09107966090748326,0.36959841051865805,0.36959841051865805,0.0,0.0,0.0004598900973328268,0.000359132808435445
Lake Jeleń,PLSR,5,full,0.12129259179380875,0.1836429874728301,0.4201162010788736,0.36959841051865805,0.10239119030600027,-0.014029696196393961,0.1278279736385543,0.045871306768228474
Lake Jeleń,PLSR,5,full_minus_affine,0.12126318598038666,0.18384738458511918,0.4201162010788736,0.36959841051865805,0.10239119030600027,-0.013980646524391087,0.12800992412019702,0.04595160594442109
Lake Jeleń,PLSR,5,full_minus_repr0,0.1348359112475625,0.09107966090748326,0.36959841051865805,0.36959841051865805,0.0,0.0,0.0004598900973328268,0.000359132808435445
Lake Jeleń,PLSR,5,intercept_only,0.13486888688315757,0.09050904377506117,0.36959841051865805,0.36959841051865805,0.0,0.0,0.0,-1.7763568394002505e-17
Lake Jeleń,PLSR,5,repr_only,0.12126318598038666,0.18384738458511918,0.4201162010788736,0.36959841051865805,0.10239119030600027,-0.013980646524391087,0.12800992412019702,0.04595160594442109
Lake Jeleń,PLSR,5,source_only,0.5077320315942646,-2.472132515509209,0.36959841051865805,0.36959841051865805,0.0,0.0,0.0,0.0
Lake Jeleń,PLSR,10,affine_only,0.1329137463551336,0.06318383968899244,0.3636363636363637,0.3636363636363637,0.0,0.0,0.000703121282825403,0.000524441451025569
Lake Jeleń,PLSR,10,full,0.11277291955191054,0.22905230898844342,0.5061303733744553,0.3636363636363637,0.11208423493413547,0.12244596202000096,0.14634472382104707,0.10408635937544018
Lake Jeleń,PLSR,10,full_minus_affine,0.11277652046257372,0.22902176112127864,0.5061303733744553,0.3636363636363637,0.11208423493413547,0.1223058567263333,0.14630548650204722,0.10410062334662257
Lake Jeleń,PLSR,10,full_minus_repr0,0.13287526298030725,0.07329233074806325,0.35201455034001905,0.3636363636363637,0.0,-0.005758716268921208,-0.015338487972514248,-0.06894226798611895
Lake Jeleń,PLSR,10,full_minus_repr1,0.11440631418653743,0.21418303692991364,0.46153846153846156,0.3636363636363637,0.09807370556736841,0.10600699314684377,0.13314679385894773,0.08183176082132655
Lake Jeleń,PLSR,10,intercept_only,0.13299671370406663,0.06261386513838721,0.3636363636363637,0.3636363636363637,0.0,0.0,0.0,-2.220446049250313e-18
Lake Jeleń,PLSR,10,repr_only,0.11277652046257372,0.22902176112127864,0.5061303733744553,0.3636363636363637,0.11208423493413547,0.1223058567263333,0.14630548650204722,0.10410062334662257
Lake Jeleń,PLSR,10,source_only,0.5148288650955416,-2.6100939941491363,0.3636363636363637,0.3636363636363637,0.0,0.0,0.0,0.0
Lake Jeleń,XGBoost,5,affine_only,0.12085898372224582,0.1981459959893142,0.6425507032376544,0.6425507032376544,0.0,0.0,0.015113139645596296,0.01204979867565025
Lake Jeleń,XGBoost,5,full,0.12825484174461452,0.14491994689477936,0.5950924725000537,0.6425507032376544,-0.026372105081719444,-0.054100217909126086,-0.043827808228233844,-0.1217908705352469
Lake Jeleń,XGBoost,5,full_minus_affine,0.12866701520576207,0.142004587979548,0.5950924725000537,0.6425507032376544,-0.023305371098657768,-0.054345451652438974,-0.053854631869589276,-0.12752117079755165
Lake Jeleń,XGBoost,5,full_minus_repr0,0.12085898372224582,0.1981459959893142,0.6425507032376544,0.6425507032376544,0.0,0.0,0.015113139645596296,0.01204979867565025
Lake Jeleń,XGBoost,5,intercept_only,0.12193106632200272,0.18825347353519212,0.6425507032376544,0.6425507032376544,0.0,0.0,0.0,-1.4353619359752657e-09
Lake Jeleń,XGBoost,5,repr_only,0.12866701520576207,0.142004587979548,0.5950924725000537,0.6425507032376544,-0.023305371098657768,-0.054345451652438974,-0.053854631869589276,-0.12752117079755165
Lake Jeleń,XGBoost,5,source_only,0.20668737082355587,-0.3810861058925139,0.6425507032376544,0.6425507032376544,0.0,0.0,0.0,0.0
Lake Jeleń,XGBoost,10,affine_only,0.11689068801472044,0.1911354427484625,0.6223776223776225,0.6223776223776225,0.0,0.0,0.027464189123817873,0.02519739842312375
Lake Jeleń,XGBoost,10,full,0.12489089875227148,0.15306087909391075,0.5721778225611629,0.6223776223776225,-0.028021058733533832,-0.050293975046373986,-0.03285648535188673,-0.07319557412625724
Lake Jeleń,XGBoost,10,full_minus_affine,0.12604106274148852,0.14210306855624597,0.5756804549028547,0.6223776223776225,-0.031493046849284445,-0.05074661732468784,-0.045406958009078846,-0.08623206781904585
Lake Jeleń,XGBoost,10,full_minus_repr0,0.12111665354268597,0.17172929531221295,0.5959681184246509,0.6223776223776225,-0.014010529366766888,-0.038433599066705945,-0.005785887867838457,-0.030587010000659897
Lake Jeleń,XGBoost,10,full_minus_repr1,0.12312559073580018,0.16265196961126047,0.5944055944055945,0.6223776223776225,0.0,-0.029049484296128497,0.007958758948310773,-0.036606498159240435
Lake Jeleń,XGBoost,10,intercept_only,0.11938769340728449,0.1708252456427895,0.6223776223776225,0.6223776223776225,0.0,0.0,0.0,1.2292390760837434e-09
Lake Jeleń,XGBoost,10,repr_only,0.12604106274148852,0.14210306855624597,0.5756804549028547,0.6223776223776225,-0.031493046849284445,-0.05074661732468784,-0.045406958009078846,-0.08623206781904585
Lake Jeleń,XGBoost,10,source_only,0.20644255005825668,-0.4025454574655989,0.6223776223776225,0.6223776223776225,0.0,0.0,0.0,0.0
Lake Kasumigaura,MLP,5,affine_only,0.11640739750198881,0.16140396462813922,0.575663414164332,0.575663414164332,0.0,0.0,0.025824183251786925,0.027780020413954304
Lake Kasumigaura,MLP,5,full,0.1227394824387312,0.12980194278845092,0.5440289257672823,0.575663414164332,-0.030490775960685557,-0.07528828673874298,0.004945116887538625,-0.1904585192364031
Lake Kasumigaura,MLP,5,full_minus_affine,0.12356937269247278,0.12859791822419675,0.5423845721807601,0.575663414164332,-0.03325176256749146,-0.07609290844633661,0.004900115950870809,-0.20409143205852423
Lake Kasumigaura,MLP,5,full_minus_repr0,0.11640739750198881,0.16140396462813922,0.575663414164332,0.575663414164332,0.0,0.0,0.025824183251786925,0.027780020413954304
Lake Kasumigaura,MLP,5,intercept_only,0.11781568684201679,0.14422476569980391,0.575663414164332,0.575663414164332,0.0,0.0,0.0,1.1102230246251566e-18
Lake Kasumigaura,MLP,5,repr_only,0.12356937269247278,0.12859791822419675,0.5423845721807601,0.575663414164332,-0.03325176256749146,-0.07609290844633661,0.004900115950870809,-0.20409143205852423
Lake Kasumigaura,MLP,5,source_only,0.20494143155229075,-0.45640509131653484,0.575663414164332,0.575663414164332,0.0,0.0,0.0,0.0
Lake Kasumigaura,MLP,10,affine_only,0.11540591916810933,0.17630824255464728,0.5744054949170956,0.5744054949170956,0.0,0.0,0.05148546654480962,0.04514885550636854
Lake Kasumigaura,MLP,10,full,0.11756191627415695,0.18159833036635026,0.6262179573816486,0.5744054949170956,0.057503906488938106,0.00642951134655461,0.034054308906056485,-0.029930683089284326
Lake Kasumigaura,MLP,10,full_minus_affine,0.11811873981489303,0.1604038691065339,0.6215846143914091,0.5744054949170956,0.051442689411497766,-0.00047254461164553894,0.011428357159778468,-0.04960835530741422
Lake Kasumigaura,MLP,10,full_minus_repr0,0.11100725787064294,0.21561168248110324,0.6675209952759671,0.5744054949170956,0.09013526123361137,0.06107332977742792,0.10360792493543303,0.04757121981675616
Lake Kasumigaura,MLP,10,full_minus_repr1,0.11825887595409694,0.1492234221999822,0.5518642824219302,0.5744054949170956,-0.021044349557669484,-0.051125872581714873,0.04815715901497969,-0.016115621339881665
Lake Kasumigaura,MLP,10,intercept_only,0.11803435200747456,0.145067970233466,0.5744054949170956,0.5744054949170956,0.0,0.0,0.0,1.1102230246251566e-18
Lake Kasumigaura,MLP,10,repr_only,0.11811873981489303,0.1604038691065339,0.6215846143914091,0.5744054949170956,0.051442689411497766,-0.00047254461164553894,0.011428357159778468,-0.04960835530741422
Lake Kasumigaura,MLP,10,source_only,0.20506970500006952,-0.49418100376613827,0.5744054949170956,0.5744054949170956,0.0,0.0,0.0,0.0
Lake Kasumigaura,PLSR,5,affine_only,0.15254470273254744,-0.08709892981549737,0.4030445278066769,0.4030445278066769,0.0,0.0,0.10029597566038173,0.09169140272078678
Lake Kasumigaura,PLSR,5,full,0.1740181543340607,-0.18139733471952424,0.35508874537217416,0.4030445278066769,-0.03960350503694307,-0.08975858768871443,-0.00641234586523276,-0.30874142716178876
Lake Kasumigaura,PLSR,5,full_minus_affine,0.17706263461602878,-0.20812000319613505,0.35409645348081253,0.4030445278066769,-0.04125033594686606,-0.09455322501415418,-0.06147473006144344,-0.3689032144056908
Lake Kasumigaura,PLSR,5,full_minus_repr0,0.15254470273254744,-0.08709892981549737,0.4030445278066769,0.4030445278066769,0.0,0.0,0.10029597566038173,0.09169140272078678
Lake Kasumigaura,PLSR,5,intercept_only,0.15931371152866422,-0.13154946208940005,0.4030445278066769,0.4030445278066769,0.0,0.0,0.0,1.1102230246251566e-17
Lake Kasumigaura,PLSR,5,repr_only,0.17706263461602878,-0.20812000319613505,0.35409645348081253,0.4030445278066769,-0.04125033594686606,-0.09455322501415418,-0.06147473006144344,-0.3689032144056908
Lake Kasumigaura,PLSR,5,source_only,0.35338481632369495,-1.5188230946346,0.4030445278066769,0.4030445278066769,0.0,0.0,0.0,0.0
Lake Kasumigaura,PLSR,10,affine_only,0.14691783849647466,-0.05465301394260126,0.404120353925007,0.404120353925007,0.0,0.0,0.15024557421526213,0.15273268916568244
Lake Kasumigaura,PLSR,10,full,0.15307633244472751,-0.086795673518827,0.4557866623420961,0.404120353925007,0.05500511121498952,0.03267700406029437,0.09875767865204366,-0.07981516897654455
Lake Kasumigaura,PLSR,10,full_minus_affine,0.15814069611884524,-0.1307421884579097,0.4344448830411033,0.404120353925007,0.03651748978375963,0.01158913462348839,0.040614850540706016,-0.20694153570746693
Lake Kasumigaura,PLSR,10,full_minus_repr0,0.14461205212082984,-0.035071632036802636,0.5105410735398257,0.404120353925007,0.10349119868327986,0.07116398208249279,0.21870178522530348,0.16176404747056325
Lake Kasumigaura,PLSR,10,full_minus_repr1,0.1532474065262936,-0.08757028207017845,0.37682252668463256,0.404120353925007,-0.026253850524132316,-0.03495962472468616,0.09148982676934292,-0.058431425095400946
Lake Kasumigaura,PLSR,10,intercept_only,0.15673629699889738,-0.15137045819865091,0.404120353925007,0.404120353925007,0.0,0.0,0.0,2.6645352591003756e-17
Lake Kasumigaura,PLSR,10,repr_only,0.15814069611884524,-0.1307421884579097,0.4344448830411033,0.404120353925007,0.03651748978375963,0.01158913462348839,0.040614850540706016,-0.20694153570746693
Lake Kasumigaura,PLSR,10,source_only,0.3532221314742173,-1.5713345784492343,0.404120353925007,0.404120353925007,0.0,0.0,0.0,0.0
Lake Kasumigaura,XGBoost,5,affine_only,0.11471632655490474,0.17358256852212073,0.6645908671339289,0.6645908671339289,0.0,0.0,0.026381382268298614,0.032200220607991874
Lake Kasumigaura,XGBoost,5,full,0.11636758971422681,0.18086437202229497,0.6615674909376261,0.6645908671339289,-0.0024475174883069606,-0.08584039491180866,0.07032919883014255,-0.0825530359082097
Lake Kasumigaura,XGBoost,5,full_minus_affine,0.11574642453681844,0.18182764308639587,0.6617045613225072,0.6645908671339289,-0.0031779061608556147,-0.08563723707311771,0.06814835883289055,-0.08405886001705044
Lake Kasumigaura,XGBoost,5,full_minus_repr0,0.11471632655490474,0.17358256852212073,0.6645908671339289,0.6645908671339289,0.0,0.0,0.026381382268298614,0.032200220607991874
Lake Kasumigaura,XGBoost,5,intercept_only,0.11724465453513253,0.15242491814265666,0.6645908671339289,0.6645908671339289,0.0,0.0,6.226513804552525e-09,6.184816669918547e-10
Lake Kasumigaura,XGBoost,5,repr_only,0.11574642453681844,0.18182764308639587,0.6617045613225072,0.6645908671339289,-0.0031779061608556147,-0.08563723707311771,0.06814835883289055,-0.08405886001705044
Lake Kasumigaura,XGBoost,5,source_only,0.2024099186809889,-0.44047496736112246,0.6645908671339289,0.6645908671339289,0.0,0.0,0.0,0.0
Lake Kasumigaura,XGBoost,10,affine_only,0.11308675081139274,0.1850952673200208,0.6644881083948726,0.6644881083948726,0.0,0.0,0.07022068937550674,0.061367846530748366
Lake Kasumigaura,XGBoost,10,full,0.10728386774828519,0.2265644052623944,0.7023709750331787,0.6644881083948726,0.03951047167568855,0.011725510922454436,0.1805359838204611,0.1056861778231913
Lake Kasumigaura,XGBoost,10,full_minus_affine,0.10771862050643746,0.2250451764239908,0.7009610931782866,0.6644881083948726,0.03951472735702327,0.010263002670825463,0.17374243088024482,0.10157375486938722
Lake Kasumigaura,XGBoost,10,full_minus_repr0,0.10796967777746039,0.22282562452951857,0.7347617188705478,0.6644881083948726,0.07119085172792078,0.05465721460126241,0.1584306440697822,0.13965849734790128
Lake Kasumigaura,XGBoost,10,full_minus_repr1,0.10797133170207689,0.22879473897568636,0.6647767877456825,0.6644881083948726,0.005097596117828895,-0.021039937280290442,0.1517880601725317,0.08282593676533453
Lake Kasumigaura,XGBoost,10,intercept_only,0.11727050899223992,0.14682787638349545,0.6644881083948726,0.6644881083948726,0.0,0.0,7.19396592296917e-09,7.182853500875552e-10
Lake Kasumigaura,XGBoost,10,repr_only,0.10771862050643746,0.2250451764239908,0.7009610931782866,0.6644881083948726,0.03951472735702327,0.010263002670825463,0.17374243088024482,0.10157375486938722
Lake Kasumigaura,XGBoost,10,source_only,0.20248279144751977,-0.46844127259668344,0.6644881083948726,0.6644881083948726,0.0,0.0,0.0,0.0
Lake Kummerow,MLP,5,affine_only,0.2903992614875991,0.11810851215509315,0.5050375118895414,0.5050375118895414,0.0,0.0,-0.011271051104118579,-0.019489085294950435
Lake Kummerow,MLP,5,full,0.33239871814133004,-0.0026545751847756134,0.39954561302641967,0.5050375118895414,-0.023093700670708428,-0.290323629706297,-0.3419630398298647,-0.9560227065465537
Lake Kummerow,MLP,5,full_minus_affine,0.33235785583093336,-0.0026571233384648637,0.40253419803629364,0.5050375118895414,-0.018864781029602096,-0.289380456024256,-0.3346936296044267,-0.9545461555130853
Lake Kummerow,MLP,5,full_minus_repr0,0.2903992614875991,0.11810851215509315,0.5050375118895414,0.5050375118895414,0.0,0.0,-0.011271051104118579,-0.019489085294950435
Lake Kummerow,MLP,5,intercept_only,0.29092645797459793,0.1253672632536455,0.5050375118895414,0.5050375118895414,0.0,0.0,0.0,-3.7747582837255325e-17
Lake Kummerow,MLP,5,repr_only,0.33235785583093336,-0.0026571233384648637,0.40253419803629364,0.5050375118895414,-0.018864781029602096,-0.289380456024256,-0.3346936296044267,-0.9545461555130853
Lake Kummerow,MLP,5,source_only,0.49162072494520104,-0.5061276445791925,0.5050375118895414,0.5050375118895414,0.0,0.0,0.0,0.0
Lake Kummerow,MLP,10,affine_only,0.30151537148512186,0.0849000647016874,0.5239517961177858,0.5239517961177858,0.0,0.0,0.006663925642030721,-0.021862703961096894
Lake Kummerow,MLP,10,full,0.3505954988087823,-0.054227006705987096,0.25891770769207056,0.5239517961177858,-0.2444738907752528,-0.3152465170706108,-0.3158450671089348,-0.4914218489243719
Lake Kummerow,MLP,10,full_minus_affine,0.35037497990223754,-0.05418721201155337,0.2575415060193564,0.5239517961177858,-0.2442064127942843,-0.31526295741749855,-0.31016656905216733,-0.48925826793447363
Lake Kummerow,MLP,10,full_minus_repr0,0.32355914356420584,0.03042204596383933,0.3639060144636167,0.5239517961177858,-0.02138490488550565,-0.14386279882057995,-0.11012040950410812,-0.2335072774749901
Lake Kummerow,MLP,10,full_minus_repr1,0.328972149690291,0.0008585506563243945,0.3617008286462186,0.5239517961177858,-0.10452713689982843,-0.22148487933878847,-0.11112020269401901,-0.29235417231721855
Lake Kummerow,MLP,10,intercept_only,0.2932101370017813,0.10608531787918121,0.5239517961177858,0.5239517961177858,0.0,0.0,0.0,0.0
Lake Kummerow,MLP,10,repr_only,0.35037497990223754,-0.05418721201155337,0.2575415060193564,0.5239517961177858,-0.2442064127942843,-0.31526295741749855,-0.31016656905216733,-0.48925826793447363
Lake Kummerow,MLP,10,source_only,0.46966869935433875,-0.4697305222179595,0.5239517961177858,0.5239517961177858,0.0,0.0,0.0,0.0
Lake Kummerow,PLSR,5,affine_only,0.2971609232567599,0.08324188528743995,0.5056917254174892,0.5056917254174892,0.0,0.0,-0.003735768939022055,-0.004391580389504264
Lake Kummerow,PLSR,5,full,0.3432271682992679,-0.05500259056908533,0.37524390904030513,0.5056917254174892,-0.05165693098286578,-0.408128640908269,-0.2905994102123184,-1.0256679601270462
Lake Kummerow,PLSR,5,full_minus_affine,0.34326350785769544,-0.05369568349448718,0.37524390904030513,0.5056917254174892,-0.05165693098286578,-0.40674458085045045,-0.2909533057121192,-1.0239452035448242
Lake Kummerow,PLSR,5,full_minus_repr0,0.2971609232567599,0.08324188528743995,0.5056917254174892,0.5056917254174892,0.0,0.0,-0.003735768939022055,-0.004391580389504264
Lake Kummerow,PLSR,5,intercept_only,0.29715436947859886,0.08679034983410334,0.5056917254174892,0.5056917254174892,0.0,0.0,0.0,-2.4424906541753444e-17
Lake Kummerow,PLSR,5,repr_only,0.34326350785769544,-0.05369568349448718,0.37524390904030513,0.5056917254174892,-0.05165693098286578,-0.40674458085045045,-0.2909533057121192,-1.0239452035448242
Lake Kummerow,PLSR,5,source_only,0.5555261789227213,-0.7142313765265641,0.5056917254174892,0.5056917254174892,0.0,0.0,0.0,0.0
Lake Kummerow,PLSR,10,affine_only,0.30273651025752946,0.08504331909140979,0.5185989391351351,0.5185989391351351,0.0,0.0,0.0015585717305620639,-0.004173923595458523
Lake Kummerow,PLSR,10,full,0.35426109955337354,-0.05421017785396777,0.04269092796834022,0.5185989391351351,-0.478292991885524,-0.5153262554389852,-0.2339218347112419,-0.5298143703792292
Lake Kummerow,PLSR,10,full_minus_affine,0.35427435858196366,-0.05455047019840564,0.05518765290986814,0.5185989391351351,-0.478292991885524,-0.5162545833115536,-0.2337216787456901,-0.5300740742472252
Lake Kummerow,PLSR,10,full_minus_repr0,0.32874752162443716,0.02741698508362532,0.3649156679461471,0.5185989391351351,-0.07584534855262337,-0.24448212583600415,-0.06988072271739487,-0.19963868233142218
Lake Kummerow,PLSR,10,full_minus_repr1,0.33425764082780873,0.005169528543597364,0.1929376638096874,0.5185989391351351,-0.24493142307672547,-0.420687894240337,-0.07168601332336771,-0.33127095195450984
Lake Kummerow,PLSR,10,intercept_only,0.300865190223889,0.09794643776672021,0.5185989391351351,0.5185989391351351,0.0,0.0,0.0,-9.992007221626408e-18
Lake Kummerow,PLSR,10,repr_only,0.35427435858196366,-0.05455047019840564,0.05518765290986814,0.5185989391351351,-0.478292991885524,-0.5162545833115536,-0.2337216787456901,-0.5300740742472252
Lake Kummerow,PLSR,10,source_only,0.5410447134388844,-0.6873596509362191,0.5185989391351351,0.5185989391351351,0.0,0.0,0.0,0.0
Lake Kummerow,XGBoost,5,affine_only,0.2618367544228999,0.20359528591672332,0.5131626020278673,0.5131626020278673,0.0,0.0,-0.005015137723545504,-0.009125975658901449
Lake Kummerow,XGBoost,5,full,0.29289872414041995,0.11876210218265354,0.4254362576702445,0.5131626020278673,-0.04617151138891709,-0.1589197659361068,-0.174230982669979,-0.6207835395448363
Lake Kummerow,XGBoost,5,full_minus_affine,0.29398387003225956,0.12087274642111769,0.4211897373092279,0.5131626020278673,-0.04617151138891709,-0.15851594455567303,-0.18380974906369035,-0.6221389854333278
Lake Kummerow,XGBoost,5,full_minus_repr0,0.2618367544228999,0.20359528591672332,0.5131626020278673,0.5131626020278673,0.0,0.0,-0.005015137723545504,-0.009125975658901449
Lake Kummerow,XGBoost,5,intercept_only,0.25999849609536146,0.20670847191140124,0.5131626020278673,0.5131626020278673,0.0,0.0,0.0,-8.687764585513236e-10
Lake Kummerow,XGBoost,5,repr_only,0.29398387003225956,0.12087274642111769,0.4211897373092279,0.5131626020278673,-0.04617151138891709,-0.15851594455567303,-0.18380974906369035,-0.6221389854333278
Lake Kummerow,XGBoost,5,source_only,0.43917112628006916,-0.3569068504877161,0.5131626020278673,0.5131626020278673,0.0,0.0,0.0,0.0
Lake Kummerow,XGBoost,10,affine_only,0.2692345694093067,0.18927789433513476,0.5314689636737753,0.5314689636737753,0.0,0.0,-0.002501133606980288,-0.014751160965063969
Lake Kummerow,XGBoost,10,full,0.3006354853866427,0.09817515920846201,0.3737523371144504,0.5314689636737753,-0.08980446249059701,-0.17281409512730556,-0.12836117915719952,-0.2767454160989677
Lake Kummerow,XGBoost,10,full_minus_affine,0.3004809278613385,0.08832229112904952,0.3736193228894569,0.5314689636737753,-0.10019756382058695,-0.1816077320052508,-0.13702695616274757,-0.2849921896700719
Lake Kummerow,XGBoost,10,full_minus_repr0,0.28623841926485294,0.13342038017792754,0.41237191764288006,0.5314689636737753,-0.05739412200422725,-0.13484528391726527,-0.05699900181692896,-0.15193606559424
Lake Kummerow,XGBoost,10,full_minus_repr1,0.28694691680943063,0.13728507356546354,0.48487414983320215,0.5314689636737753,-0.03165231248334843,-0.059921453647063645,-0.008223251694172873,-0.14840129610460706
Lake Kummerow,XGBoost,10,intercept_only,0.264609991673642,0.19750940249938426,0.5314689636737753,0.5314689636737753,0.0,0.0,0.0,2.58208668668658e-09
Lake Kummerow,XGBoost,10,repr_only,0.3004809278613385,0.08832229112904952,0.3736193228894569,0.5314689636737753,-0.10019756382058695,-0.1816077320052508,-0.13702695616274757,-0.2849921896700719
Lake Kummerow,XGBoost,10,source_only,0.4288196259148349,-0.3325326786822751,0.5314689636737753,0.5314689636737753,0.0,0.0,0.0,0.0
Lake Obłęże,MLP,5,affine_only,0.15637626527518508,0.3632686338160953,0.782142857142857,0.782142857142857,0.0,0.0,0.0028666390971403,0.0009310938779185052
Lake Obłęże,MLP,5,full,0.1716975519666987,0.3147613373505518,0.7660714285714285,0.782142857142857,0.0,-0.08324999999999999,-0.016193886213386688,-0.41447389110401617
Lake Obłęże,MLP,5,full_minus_affine,0.17124874557811154,0.3184673212021646,0.7660714285714285,0.782142857142857,0.0,-0.08324999999999998,-0.015347825814207794,-0.41236492482874
Lake Obłęże,MLP,5,full_minus_repr0,0.15637626527518508,0.3632686338160953,0.782142857142857,0.782142857142857,0.0,0.0,0.0028666390971403,0.0009310938779185052
Lake Obłęże,MLP,5,intercept_only,0.15646723856946954,0.37010101868943074,0.782142857142857,0.782142857142857,0.0,0.0,0.0,3.3306690738754695e-18
Lake Obłęże,MLP,5,repr_only,0.17124874557811154,0.3184673212021646,0.7660714285714285,0.782142857142857,0.0,-0.08324999999999998,-0.015347825814207794,-0.41236492482874
Lake Obłęże,MLP,5,source_only,0.20273624467226914,0.16663811353755564,0.782142857142857,0.782142857142857,0.0,0.0,0.0,0.0
Lake Obłęże,MLP,10,affine_only,0.15588507242172583,0.3343408120643522,0.7454545454545454,0.7454545454545454,0.0,0.0,0.002403555415612879,-0.003877273637795017
Lake Obłęże,MLP,10,full,0.1684999383408263,0.2779079304704569,0.7454545454545454,0.7454545454545454,0.0,0.012484848484848486,0.0050729504654606905,-0.3017832335372591
Lake Obłęże,MLP,10,full_minus_affine,0.16705038049625143,0.2829447308780584,0.7454545454545454,0.7454545454545454,0.0,0.011515151515151513,0.0039335460374752,-0.30623673096550497
Lake Obłęże,MLP,10,full_minus_repr0,0.15313415422002646,0.36074515901489246,0.7393939393939393,0.7454545454545454,0.0,-0.007151515151515155,0.010514986781832603,0.004965987502638661
Lake Obłęże,MLP,10,full_minus_repr1,0.165890777276421,0.2928803186740664,0.7454545454545454,0.7454545454545454,0.0,0.009454545454545459,0.017489122068077068,-0.26642553742183045
Lake Obłęże,MLP,10,intercept_only,0.15508701399746933,0.3423764538971391,0.7454545454545454,0.7454545454545454,0.0,0.0,0.0,9.992007221626408e-18
Lake Obłęże,MLP,10,repr_only,0.16705038049625143,0.2829447308780584,0.7454545454545454,0.7454545454545454,0.0,0.011515151515151513,0.0039335460374752,-0.30623673096550497
Lake Obłęże,MLP,10,source_only,0.19472885259772177,0.15296779589821932,0.7454545454545454,0.7454545454545454,0.0,0.0,0.0,0.0
Lake Obłęże,PLSR,5,affine_only,0.17173660788213124,0.29408331543716926,0.7214285714285712,0.7214285714285712,0.0,0.0,0.006322254631839552,0.006485340903654309
Lake Obłęże,PLSR,5,full,0.20155576218017532,0.2213623441130673,0.7124999999999999,0.7214285714285712,0.0,-0.05007142857142857,-0.0730081874193172,-0.8592754321704335
Lake Obłęże,PLSR,5,full_minus_affine,0.2015965889308634,0.2211947086535136,0.7124999999999999,0.7214285714285712,0.0,-0.04992857142857142,-0.0708077758999851,-0.8576537525560838
Lake Obłęże,PLSR,5,full_minus_repr0,0.17173660788213124,0.29408331543716926,0.7214285714285712,0.7214285714285712,0.0,0.0,0.006322254631839552,0.006485340903654309
Lake Obłęże,PLSR,5,intercept_only,0.1728367677178479,0.28720448558837985,0.7214285714285712,0.7214285714285712,0.0,0.0,0.0,-3.3306690738754695e-18
Lake Obłęże,PLSR,5,repr_only,0.2015965889308634,0.2211947086535136,0.7124999999999999,0.7214285714285712,0.0,-0.04992857142857142,-0.0708077758999851,-0.8576537525560838
Lake Obłęże,PLSR,5,source_only,0.22938092351096148,0.06172066045837872,0.7214285714285712,0.7214285714285712,0.0,0.0,0.0,0.0
Lake Obłęże,PLSR,10,affine_only,0.17488581457671815,0.2936337078086787,0.709090909090909,0.709090909090909,0.0,0.0,0.013425053962745459,0.012005090622653931
Lake Obłęże,PLSR,10,full,0.18820030280835273,0.2452064663913909,0.709090909090909,0.709090909090909,0.03636363636363632,0.032363636363636365,0.04487956365163209,-0.7628008924744155
Lake Obłęże,PLSR,10,full_minus_affine,0.18818259786127367,0.24558870655572798,0.709090909090909,0.709090909090909,0.03636363636363632,0.032363636363636365,0.04538846078480541,-0.7611624282843207
Lake Obłęże,PLSR,10,full_minus_repr0,0.1787050069906765,0.2672685840453512,0.6727272727272726,0.709090909090909,0.0,-0.027151515151515145,-0.005602819886488308,-0.030266314472152285
Lake Obłęże,PLSR,10,full_minus_repr1,0.19653894809384737,0.2452267697443825,0.6848484848484848,0.709090909090909,0.0,-0.0019393939393939363,0.0360974547071547,-0.9133558374336636
Lake Obłęże,PLSR,10,intercept_only,0.17663251601985674,0.2776743995460832,0.709090909090909,0.709090909090909,0.0,0.0,0.0,3.3306690738754695e-18
Lake Obłęże,PLSR,10,repr_only,0.18818259786127367,0.24558870655572798,0.709090909090909,0.709090909090909,0.03636363636363632,0.032363636363636365,0.04538846078480541,-0.7611624282843207
Lake Obłęże,PLSR,10,source_only,0.2192044583493465,0.04583022878094542,0.709090909090909,0.709090909090909,0.0,0.0,0.0,0.0
Lake Obłęże,XGBoost,5,affine_only,0.1293164787699636,0.47358089245195734,0.8107142857142855,0.8107142857142855,0.0,0.0,-0.002438388973400929,-0.005045329193764716
Lake Obłęże,XGBoost,5,full,0.14741793872137476,0.3674291402356248,0.7839285714285713,0.8107142857142855,-0.0035714285714286143,-0.11899999999999998,-0.04916008834873281,-0.3709033330040413
Lake Obłęże,XGBoost,5,full_minus_affine,0.14686342240647277,0.3701153159026802,0.7803571428571427,0.8107142857142855,-0.0035714285714286698,-0.1189642857142857,-0.03241066827079181,-0.3661922639135564
Lake Obłęże,XGBoost,5,full_minus_repr0,0.1293164787699636,0.47358089245195734,0.8107142857142855,0.8107142857142855,0.0,0.0,-0.002438388973400929,-0.005045329193764716
Lake Obłęże,XGBoost,5,intercept_only,0.12638252800992486,0.48187433811729463,0.8107142857142855,0.8107142857142855,0.0,0.0,0.0,7.669146873112708e-11
Lake Obłęże,XGBoost,5,repr_only,0.14686342240647277,0.3701153159026802,0.7803571428571427,0.8107142857142855,-0.0035714285714286698,-0.1189642857142857,-0.03241066827079181,-0.3661922639135564
Lake Obłęże,XGBoost,5,source_only,0.1787551730277308,0.2781179075900323,0.8107142857142855,0.8107142857142855,0.0,0.0,0.0,0.0
Lake Obłęże,XGBoost,10,affine_only,0.13531960831543613,0.43774529694575764,0.7939393939393938,0.7939393939393938,0.0,0.0,-0.008096872285662027,-0.014691325178601316
Lake Obłęże,XGBoost,10,full,0.14863761745041454,0.34700551295274695,0.7757575757575756,0.7939393939393938,0.0,-0.019636363636363636,-0.04366416365567444,-0.20317840343865673
Lake Obłęże,XGBoost,10,full_minus_affine,0.14831381808251493,0.3526700226521844,0.7757575757575756,0.7939393939393938,0.0,-0.017818181818181816,-0.04173521181195661,-0.20656998556008177
Lake Obłęże,XGBoost,10,full_minus_repr0,0.137012702577047,0.4301454056284089,0.7939393939393938,0.7939393939393938,0.0,-0.00012121212121212144,-0.01460704126428064,-0.03502464027522359
Lake Obłęże,XGBoost,10,full_minus_repr1,0.14378919482250732,0.36126937626029265,0.7818181818181817,0.7939393939393938,0.0,-0.023151515151515145,-0.020300764733648724,-0.16984613918622618
Lake Obłęże,XGBoost,10,intercept_only,0.13286998445732445,0.45116965835279615,0.7939393939393938,0.7939393939393938,0.0,0.0,0.0,-4.02866739968033e-10
Lake Obłęże,XGBoost,10,repr_only,0.14831381808251493,0.3526700226521844,0.7757575757575756,0.7939393939393938,0.0,-0.017818181818181816,-0.04173521181195661,-0.20656998556008177
Lake Obłęże,XGBoost,10,source_only,0.18198267333063212,0.23158277992516413,0.7939393939393938,0.7939393939393938,0.0,0.0,0.0,0.0
Lake Peipsi,MLP,5,affine_only,0.1861212602085049,0.19825882272152526,0.5957215475373672,0.5957215475373672,0.0,0.0,0.00755070773006411,0.005782820993149885
Lake Peipsi,MLP,5,full,0.19635981992472173,0.16726684054424973,0.5562458551497309,0.5957215475373672,-0.025426150331507247,-0.1760860107026524,-0.01279078990368604,-0.3036024153365804
Lake Peipsi,MLP,5,full_minus_affine,0.19655813388186663,0.16174341134118178,0.5593101275787982,0.5957215475373672,-0.02801160901312294,-0.17721111477714185,-0.02755875853784029,-0.3056121811459968
Lake Peipsi,MLP,5,full_minus_repr0,0.1861212602085049,0.19825882272152526,0.5957215475373672,0.5957215475373672,0.0,0.0,0.00755070773006411,0.005782820993149885
Lake Peipsi,MLP,5,intercept_only,0.18586284313743895,0.19397638132930978,0.5957215475373672,0.5957215475373672,0.0,0.0,0.0,0.0
Lake Peipsi,MLP,5,repr_only,0.19655813388186663,0.16174341134118178,0.5593101275787982,0.5957215475373672,-0.02801160901312294,-0.17721111477714185,-0.02755875853784029,-0.3056121811459968
Lake Peipsi,MLP,5,source_only,0.17976847905829246,0.23443891916532494,0.5957215475373672,0.5957215475373672,0.0,0.0,0.0,0.0
Lake Peipsi,MLP,10,affine_only,0.18207145533417365,0.2041657664558967,0.5994412365536399,0.5994412365536399,0.0,0.0,0.023507835452783732,0.012116771798381824
Lake Peipsi,MLP,10,full,0.21476652755055287,0.07668685179601793,0.4717845043395861,0.5994412365536399,-0.10603423211606158,-0.25856715192013846,-0.16664525358871357,-0.217969797048191
Lake Peipsi,MLP,10,full_minus_affine,0.2148293300952193,0.07492008546764084,0.46747914877950514,0.5994412365536399,-0.11172361229161018,-0.2599560549714301,-0.168309884386161,-0.2205630907078383
Lake Peipsi,MLP,10,full_minus_repr0,0.1887774341812662,0.16423855822884958,0.5691190279139099,0.5994412365536399,-0.015377046526428018,-0.0772932032069912,0.0010923089207511283,-0.06966380603380969
Lake Peipsi,MLP,10,full_minus_repr1,0.2020274893196789,0.13096271487349725,0.529820599475711,0.5994412365536399,-0.044655191774293945,-0.1830682249582426,-0.03584851256178001,-0.13838489655751327
Lake Peipsi,MLP,10,intercept_only,0.1835330434122613,0.1881446235187243,0.5994412365536399,0.5994412365536399,0.0,0.0,0.0,-8.881784197001253e-18
Lake Peipsi,MLP,10,repr_only,0.2148293300952193,0.07492008546764084,0.46747914877950514,0.5994412365536399,-0.11172361229161018,-0.2599560549714301,-0.168309884386161,-0.2205630907078383
Lake Peipsi,MLP,10,source_only,0.1774305250626465,0.21729720759276028,0.5994412365536399,0.5994412365536399,0.0,0.0,0.0,0.0
Lake Peipsi,PLSR,5,affine_only,0.20773161541583177,0.1022048477230822,0.47685091213536834,0.47685091213536834,0.0,0.0,0.000965767892892988,0.000607379396464629
Lake Peipsi,PLSR,5,full,0.22238754951245682,0.07435299551360144,0.4616509191989504,0.47685091213536834,-0.008989996151371443,-0.175331861219918,-0.03370754838997725,-0.3128089410301433
Lake Peipsi,PLSR,5,full_minus_affine,0.22238993746118502,0.07437920280443358,0.46176757821249437,0.47685091213536834,-0.008679313767393088,-0.17532363405215534,-0.033527854462107876,-0.3128190717126892
Lake Peipsi,PLSR,5,full_minus_repr0,0.20773161541583177,0.1022048477230822,0.47685091213536834,0.47685091213536834,0.0,0.0,0.000965767892892988,0.000607379396464629
Lake Peipsi,PLSR,5,intercept_only,0.20789195314901823,0.1000902578587652,0.47685091213536834,0.47685091213536834,0.0,0.0,0.0,3.3306690738754695e-18
Lake Peipsi,PLSR,5,repr_only,0.22238993746118502,0.07437920280443358,0.46176757821249437,0.47685091213536834,-0.008679313767393088,-0.17532363405215534,-0.033527854462107876,-0.3128190717126892
Lake Peipsi,PLSR,5,source_only,0.2508578735971738,-0.07177827669341816,0.47685091213536834,0.47685091213536834,0.0,0.0,0.0,0.0
Lake Peipsi,PLSR,10,affine_only,0.20632682103635594,0.09415607512509923,0.4746725526964649,0.4746725526964649,0.0,0.0,0.002908132213825021,0.0021093400823814635
Lake Peipsi,PLSR,10,full,0.20833032164497386,0.1042722341057373,0.49569770370358085,0.4746725526964649,0.04230715148657868,-0.11333728277134238,-0.04612950434350083,-0.12167447929254861
Lake Peipsi,PLSR,10,full_minus_affine,0.20830005990441608,0.10425456078997011,0.49569770370358085,0.4746725526964649,0.04230715148657868,-0.1133629297347278,-0.046016091182472296,-0.12165700119987351
Lake Peipsi,PLSR,10,full_minus_repr0,0.1889505748379382,0.16289424366195315,0.5759168337346103,0.4746725526964649,0.10565308598360831,0.02475459012279016,0.07696098593870199,0.005153202060434689
Lake Peipsi,PLSR,10,full_minus_repr1,0.21192628327946378,0.07860338829678101,0.44781333512401805,0.4746725526964649,-0.009205138255682976,-0.13952140038430808,-0.019619383870019103,-0.11618846360306817
Lake Peipsi,PLSR,10,intercept_only,0.20732973756106646,0.09122068243170654,0.4746725526964649,0.4746725526964649,0.0,0.0,0.0,6.661338147750939e-18
Lake Peipsi,PLSR,10,repr_only,0.20830005990441608,0.10425456078997011,0.49569770370358085,0.4746725526964649,0.04230715148657868,-0.1133629297347278,-0.046016091182472296,-0.12165700119987351
Lake Peipsi,PLSR,10,source_only,0.2508786714672051,-0.1161212591195485,0.4746725526964649,0.4746725526964649,0.0,0.0,0.0,0.0
Lake Peipsi,XGBoost,5,affine_only,0.1597641904250862,0.3022780860741306,0.6961737387295605,0.6961737387295605,0.0,0.0,-0.0008872500441229891,-0.005015910817241536
Lake Peipsi,XGBoost,5,full,0.1697777024239578,0.2728182226308653,0.6695964269738366,0.6961737387295605,-0.015614154932369562,-0.1176816762516672,-0.03432072485459764,-0.26780947195191246
Lake Peipsi,XGBoost,5,full_minus_affine,0.16931521723630877,0.27369829894091696,0.6699192625197419,0.6961737387295605,-0.016262751130679987,-0.11901630662665567,-0.03226290295816897,-0.26645691449637504
Lake Peipsi,XGBoost,5,full_minus_repr0,0.1597641904250862,0.3022780860741306,0.6961737387295605,0.6961737387295605,0.0,0.0,-0.0008872500441229891,-0.005015910817241536
Lake Peipsi,XGBoost,5,intercept_only,0.15983566615732328,0.3015502596868498,0.6961737387295605,0.6961737387295605,0.0,0.0,-1.597777465889294e-11,-5.492924515237973e-10
Lake Peipsi,XGBoost,5,repr_only,0.16931521723630877,0.27369829894091696,0.6699192625197419,0.6961737387295605,-0.016262751130679987,-0.11901630662665567,-0.03226290295816897,-0.26645691449637504
Lake Peipsi,XGBoost,5,source_only,0.1669531789736,0.2863078909279333,0.6961737387295605,0.6961737387295605,0.0,0.0,0.0,0.0
Lake Peipsi,XGBoost,10,affine_only,0.16000676058043115,0.30147653700738364,0.6937037350791548,0.6937037350791548,0.0,0.0,-0.0013320044287131738,-0.00884983612891954
Lake Peipsi,XGBoost,10,full,0.1807946479298761,0.20914706438645944,0.6446878413830799,0.6937037350791548,-0.0366270588661583,-0.1495563365595102,-0.09353125908895832,-0.19383883855452788
Lake Peipsi,XGBoost,10,full_minus_affine,0.18148749090890162,0.2089157211124897,0.6400796549971342,0.6937037350791548,-0.036122980205270494,-0.15174333252617417,-0.0919532941758252,-0.19501074759853698
Lake Peipsi,XGBoost,10,full_minus_repr0,0.1659764901911086,0.28566747011123983,0.6836543318416348,0.6937037350791548,-0.0032630368734278825,-0.04585271904292609,-0.01441999670823424,-0.08137494110000026
Lake Peipsi,XGBoost,10,full_minus_repr1,0.17331404178594118,0.25715500404036246,0.6650217374696501,0.6937037350791548,-0.014931092853163463,-0.0960062835005611,-0.03846086724202019,-0.12279031372508044
Lake Peipsi,XGBoost,10,intercept_only,0.15962258556442607,0.3024287400562848,0.6937037350791548,0.6937037350791548,0.0,0.0,-2.281249633639959e-10,-3.0546290719080105e-10
Lake Peipsi,XGBoost,10,repr_only,0.18148749090890162,0.2089157211124897,0.6400796549971342,0.6937037350791548,-0.036122980205270494,-0.15174333252617417,-0.0919532941758252,-0.19501074759853698
Lake Peipsi,XGBoost,10,source_only,0.16691131196121298,0.26741256258762336,0.6937037350791548,0.6937037350791548,0.0,0.0,0.0,0.0
Lake Winnipeg,MLP,5,affine_only,0.23446445324867793,0.3466829534888579,0.6972795497185742,0.6972795497185742,0.0,0.0,-0.007487274333101646,-0.01709018743365914
Lake Winnipeg,MLP,5,full,0.25600113316274875,0.31310285527356163,0.6677142462432608,0.6972795497185742,-0.013555982940941458,-0.060501150578683174,-0.043920775057794625,-0.25845481591396147
Lake Winnipeg,MLP,5,full_minus_affine,0.25640062800452496,0.3217961845099244,0.6656972660824978,0.6972795497185742,-0.012242323289309964,-0.0571745396288175,-0.04363235510177127,-0.2618479598997368
Lake Winnipeg,MLP,5,full_minus_repr0,0.23446445324867793,0.3466829534888579,0.6972795497185742,0.6972795497185742,0.0,0.0,-0.007487274333101646,-0.01709018743365914
Lake Winnipeg,MLP,5,intercept_only,0.22725027375571233,0.3612980151069073,0.6972795497185742,0.6972795497185742,0.0,0.0,0.0,2.220446049250313e-18
Lake Winnipeg,MLP,5,repr_only,0.25640062800452496,0.3217961845099244,0.6656972660824978,0.6972795497185742,-0.012242323289309964,-0.0571745396288175,-0.04363235510177127,-0.2618479598997368
Lake Winnipeg,MLP,5,source_only,0.30428343130254265,0.1467076934757517,0.6972795497185742,0.6972795497185742,0.0,0.0,0.0,0.0
Lake Winnipeg,MLP,10,affine_only,0.22893037132940885,0.3481562638886009,0.7031758856850463,0.7031758856850463,0.0,0.0,-0.010939784362868354,-0.02196041116334249
Lake Winnipeg,MLP,10,full,0.21105669886399134,0.3973498194592887,0.7996358308005052,0.7031758856850463,0.09986343593711333,0.08191620837150584,0.05540257005049254,-0.009558928129463599
Lake Winnipeg,MLP,10,full_minus_affine,0.21024972591638136,0.3981890421371582,0.8004061928725674,0.7031758856850463,0.1019643547442482,0.08202692688239316,0.06032006539207885,-0.0024982508119513434
Lake Winnipeg,MLP,10,full_minus_repr0,0.20871036328556306,0.4026128793075646,0.8099306693998811,0.7031758856850463,0.09713565399547225,0.0945024690409881,0.05473520506410334,0.030384907194543724
Lake Winnipeg,MLP,10,full_minus_repr1,0.23286767633330124,0.33075304661761756,0.6827970232811,0.7031758856850463,-0.010224805683733962,-0.020636718307452208,-0.02290436205155988,-0.06021382988690803
Lake Winnipeg,MLP,10,intercept_only,0.22273089098738907,0.3616204285680845,0.7031758856850463,0.7031758856850463,0.0,0.0,0.0,3.3306690738754695e-18
Lake Winnipeg,MLP,10,repr_only,0.21024972591638136,0.3981890421371582,0.8004061928725674,0.7031758856850463,0.1019643547442482,0.08202692688239316,0.06032006539207885,-0.0024982508119513434
Lake Winnipeg,MLP,10,source_only,0.3040078996880545,0.12585518942971546,0.7031758856850463,0.7031758856850463,0.0,0.0,0.0,0.0
Lake Winnipeg,PLSR,5,affine_only,0.3034367121842565,0.1535946904714074,0.657097963782665,0.657097963782665,0.0,0.0,-0.015697211289882163,-0.028331041979253836
Lake Winnipeg,PLSR,5,full,0.32288496112889586,0.09790469465357719,0.6389136458081809,0.657097963782665,-0.003987053806159269,-0.08444512046610685,-0.09944966984346681,-0.33920088269901383
Lake Winnipeg,PLSR,5,full_minus_affine,0.32248967564556313,0.09773519210552284,0.6380074564627227,0.657097963782665,-0.00459672849744569,-0.08492825845445046,-0.10227526362184569,-0.34272822964118105
Lake Winnipeg,PLSR,5,full_minus_repr0,0.3034367121842565,0.1535946904714074,0.657097963782665,0.657097963782665,0.0,0.0,-0.015697211289882163,-0.028331041979253836
Lake Winnipeg,PLSR,5,intercept_only,0.30151750941704913,0.15500975638559739,0.657097963782665,0.657097963782665,0.0,0.0,0.0,-9.992007221626408e-18
Lake Winnipeg,PLSR,5,repr_only,0.32248967564556313,0.09773519210552284,0.6380074564627227,0.657097963782665,-0.00459672849744569,-0.08492825845445046,-0.10227526362184569,-0.34272822964118105
Lake Winnipeg,PLSR,5,source_only,0.29453642905475186,0.16051342004008493,0.657097963782665,0.657097963782665,0.0,0.0,0.0,0.0
Lake Winnipeg,PLSR,10,affine_only,0.3014793756825745,0.14337312799732252,0.6743933774791855,0.6743933774791855,0.0,0.0,-0.019766726827139203,-0.04664283808694648
Lake Winnipeg,PLSR,10,full,0.2870718511846734,0.18832361608022102,0.7511467457733145,0.6743933774791855,0.08256880754193341,0.06305432032392351,0.02614497568287205,-0.06872232053280344
Lake Winnipeg,PLSR,10,full_minus_affine,0.28729805887812104,0.17770218090606926,0.7426290374679066,0.6743933774791855,0.07843686551905465,0.0560581101299319,0.007818056198919454,-0.08548439458528351
Lake Winnipeg,PLSR,10,full_minus_repr0,0.2697441692352239,0.24481665810514586,0.7680941228261778,0.6743933774791855,0.10896739127769794,0.09747037945339358,0.08335393028124055,0.020439535884453484
Lake Winnipeg,PLSR,10,full_minus_repr1,0.3127137854027686,0.11306318960524636,0.6450506353748136,0.6743933774791855,-0.0048321044284228565,-0.024830464678782062,-0.0775947879449741,-0.1519370325994059
Lake Winnipeg,PLSR,10,intercept_only,0.29827835811760295,0.1515802277087014,0.6743933774791855,0.6743933774791855,0.0,0.0,0.0,-2.220446049250313e-18
Lake Winnipeg,PLSR,10,repr_only,0.28729805887812104,0.17770218090606926,0.7426290374679066,0.6743933774791855,0.07843686551905465,0.0560581101299319,0.007818056198919454,-0.08548439458528351
Lake Winnipeg,PLSR,10,source_only,0.29509175880621075,0.14182155119066436,0.6743933774791855,0.6743933774791855,0.0,0.0,0.0,0.0
Lake Winnipeg,XGBoost,5,affine_only,0.20473819751066688,0.42699113906190134,0.7542567670946001,0.7542567670946001,0.0,0.0,-0.005814069263922972,-0.01033315530110709
Lake Winnipeg,XGBoost,5,full,0.22320272519308315,0.38051220585430134,0.7253154471134206,0.7542567670946001,-0.011539002780178498,-0.04291709281384655,-0.024538516537954136,-0.12372934334233167
Lake Winnipeg,XGBoost,5,full_minus_affine,0.224915166295924,0.37473683380128897,0.730381350773011,0.7542567670946001,-0.016511093409036004,-0.04140951679391721,-0.027797748327487326,-0.12813905805230622
Lake Winnipeg,XGBoost,5,full_minus_repr0,0.20473819751066688,0.42699113906190134,0.7542567670946001,0.7542567670946001,0.0,0.0,-0.005814069263922972,-0.01033315530110709
Lake Winnipeg,XGBoost,5,intercept_only,0.20190164362318402,0.43167794003717375,0.7542567670946001,0.7542567670946001,0.0,0.0,0.0,-1.012935033628537e-09
Lake Winnipeg,XGBoost,5,repr_only,0.224915166295924,0.37473683380128897,0.730381350773011,0.7542567670946001,-0.016511093409036004,-0.04140951679391721,-0.027797748327487326,-0.12813905805230622
Lake Winnipeg,XGBoost,5,source_only,0.23636468879999878,0.3277065025143925,0.7542567670946001,0.7542567670946001,0.0,0.0,0.0,0.0
Lake Winnipeg,XGBoost,10,affine_only,0.20316555378162504,0.4293376122114884,0.7644257703081233,0.7644257703081233,0.0,0.0,-0.006011016017944737,-0.0120693310880829
Lake Winnipeg,XGBoost,10,full,0.18260122123502154,0.47275457405545285,0.8057422969187675,0.7644257703081233,0.048322711792989026,0.03712613737584721,0.020177371220844065,0.008593851827544555
Lake Winnipeg,XGBoost,10,full_minus_affine,0.1821608459165701,0.47347927038830373,0.8073811956410883,0.7644257703081233,0.049233139696335304,0.03925788832183976,0.02391137768956325,0.014205895326207783
Lake Winnipeg,XGBoost,10,full_minus_repr0,0.19657598528396764,0.44894010999172185,0.8064708069732425,0.7644257703081233,0.0473422509740008,0.04462365906547735,0.027471113766051325,0.011528348989253883
Lake Winnipeg,XGBoost,10,full_minus_repr1,0.20485473159188566,0.4152239898282958,0.7514531848388002,0.7644257703081233,0.0023810210430778578,-0.016862159361066588,-0.00365497477781912,-0.02274373788386419
Lake Winnipeg,XGBoost,10,intercept_only,0.20139908243411472,0.435755246960785,0.7644257703081233,0.7644257703081233,0.0,0.0,0.0,-1.382994841980789e-09
Lake Winnipeg,XGBoost,10,repr_only,0.1821608459165701,0.47347927038830373,0.8073811956410883,0.7644257703081233,0.049233139696335304,0.03925788832183976,0.02391137768956325,0.014205895326207783
Lake Winnipeg,XGBoost,10,source_only,0.2339367407934078,0.32905452366554494,0.7644257703081233,0.7644257703081233,0.0,0.0,0.0,0.0
Lake Łebsko,MLP,5,affine_only,0.1415904538600654,0.026640953133309435,0.4722498266667617,0.4722498266667617,0.0,0.0,0.09162141884320962,0.08842749066996689
Lake Łebsko,MLP,5,full,0.12460154469442034,0.12946880509250458,0.706160707769864,0.4722498266667617,0.2306048078406813,0.14653205445933706,0.35110366910459834,-0.04804774368557685
Lake Łebsko,MLP,5,full_minus_affine,0.12998940533010797,0.09961150659665358,0.7017327832360903,0.4722498266667617,0.2251069448722942,0.14032033592681678,0.31593456445058826,-0.12281693922276699
Lake Łebsko,MLP,5,full_minus_repr0,0.1415904538600654,0.026640953133309435,0.4722498266667617,0.4722498266667617,0.0,0.0,0.09162141884320962,0.08842749066996689
Lake Łebsko,MLP,5,intercept_only,0.14522845257418843,-0.0164296442864409,0.4722498266667617,0.4722498266667617,0.0,0.0,0.0,-2.3314683517128286e-17
Lake Łebsko,MLP,5,repr_only,0.12998940533010797,0.09961150659665358,0.7017327832360903,0.4722498266667617,0.2251069448722942,0.14032033592681678,0.31593456445058826,-0.12281693922276699
Lake Łebsko,MLP,5,source_only,0.2541889310131667,-0.7600467604718258,0.4722498266667617,0.4722498266667617,0.0,0.0,0.0,0.0
Lake Łebsko,MLP,10,affine_only,0.13010057587997498,0.08085291602931137,0.45602199633938467,0.45602199633938467,0.0,0.0,0.1714682780776947,0.1683458307012513
Lake Łebsko,MLP,10,full,0.11173691701132982,0.18697888606053004,0.670149701956279,0.45602199633938467,0.1942682922653211,0.151713363209787,0.40981337073135066,0.2829143309593821
Lake Łebsko,MLP,10,full_minus_affine,0.11935813201906946,0.1341221210039833,0.643038715277896,0.45602199633938467,0.1709280661216323,0.12700884445939128,0.30071218602881195,0.15176912621152516
Lake Łebsko,MLP,10,full_minus_repr0,0.13220775323420492,0.06334201520085764,0.5734855548672197,0.45602199633938467,0.087533135770236,0.07540308207251269,0.16956312501236637,0.0334656828188709
Lake Łebsko,MLP,10,full_minus_repr1,0.10233964239452623,0.254814674614053,0.7333334825068463,0.45602199633938467,0.2527179046438564,0.22606198709580563,0.5165569229377005,0.47437439630324313
Lake Łebsko,MLP,10,intercept_only,0.14179447057169497,0.00013743157984754466,0.45602199633938467,0.45602199633938467,0.0,0.0,0.0,-1.3322676295501878e-17
Lake Łebsko,MLP,10,repr_only,0.11935813201906946,0.1341221210039833,0.643038715277896,0.45602199633938467,0.1709280661216323,0.12700884445939128,0.30071218602881195,0.15176912621152516
Lake Łebsko,MLP,10,source_only,0.25066475234181607,-0.813158873949224,0.45602199633938467,0.45602199633938467,0.0,0.0,0.0,0.0
Lake Łebsko,PLSR,5,affine_only,0.141514761417602,0.006471422456178839,0.3689676925450901,0.3689676925450901,0.0,0.0,0.05337168038384188,0.04961928363129948
Lake Łebsko,PLSR,5,full,0.1426260600112957,-0.009500364111669216,0.21955758884751897,0.3689676925450901,-0.15607822093587836,-0.2158037408748404,0.07959485303883695,-0.2760542271630956
Lake Łebsko,PLSR,5,full_minus_affine,0.14311888658378802,-0.010491590264985712,0.21624927675655942,0.3689676925450901,-0.16951744152526907,-0.21786512462965452,0.07399694643603522,-0.2840684524858009
Lake Łebsko,PLSR,5,full_minus_repr0,0.141514761417602,0.006471422456178839,0.3689676925450901,0.3689676925450901,0.0,0.0,0.05337168038384188,0.04961928363129948
Lake Łebsko,PLSR,5,intercept_only,0.14418834133751482,-0.01848064834783944,0.3689676925450901,0.3689676925450901,0.0,0.0,0.0,-2.886579864025407e-17
Lake Łebsko,PLSR,5,repr_only,0.14311888658378802,-0.010491590264985712,0.21624927675655942,0.3689676925450901,-0.16951744152526907,-0.21786512462965452,0.07399694643603522,-0.2840684524858009
Lake Łebsko,PLSR,5,source_only,0.7136114481774101,-3.9788887441207885,0.3689676925450901,0.3689676925450901,0.0,0.0,0.0,0.0
Lake Łebsko,PLSR,10,affine_only,0.14018699995678874,-0.00912624625090333,0.34552908911240504,0.34552908911240504,0.0,0.0,0.0839860336863042,0.08555501740192455
Lake Łebsko,PLSR,10,full,0.12938934428758964,0.08319570150052219,0.4647562285373127,0.34552908911240504,0.12316328175311358,0.09773785715096447,0.23229577512884825,0.0885337798525898
Lake Łebsko,PLSR,10,full_minus_affine,0.1300749099780793,0.07310227928662877,0.4622988040886763,0.34552908911240504,0.10962053900552518,0.08782430890216557,0.21799482885816684,0.06454155379814522
Lake Łebsko,PLSR,10,full_minus_repr0,0.14661346920043844,-0.06894802475016323,0.4689927994695555,0.34552908911240504,0.12091870050983344,0.05753685969706084,-0.09711067829055231,-0.2149261592344757
Lake Łebsko,PLSR,10,full_minus_repr1,0.13627860801002112,0.012298762060581288,0.21638431904491245,0.34552908911240504,-0.11555346366014894,-0.14688727470179494,0.12736984250292255,0.06823768447878466
Lake Łebsko,PLSR,10,intercept_only,0.14525745782228183,-0.04833670683761553,0.34552908911240504,0.34552908911240504,0.0,0.0,0.0,1.5543122344752193e-17
Lake Łebsko,PLSR,10,repr_only,0.1300749099780793,0.07310227928662877,0.4622988040886763,0.34552908911240504,0.10962053900552518,0.08782430890216557,0.21799482885816684,0.06454155379814522
Lake Łebsko,PLSR,10,source_only,0.7103445182102931,-4.052174290849317,0.34552908911240504,0.34552908911240504,0.0,0.0,0.0,0.0
Lake Łebsko,XGBoost,5,affine_only,0.09294696663761731,0.3450606920515138,0.8082448919068366,0.8082448919068366,0.0,0.0,0.020059088260737712,0.018291753464929818
Lake Łebsko,XGBoost,5,full,0.10197159655743052,0.296805724724423,0.7868699094862449,0.8082448919068366,-0.012217473263082423,-0.11617574690007687,-0.03301669586109268,-0.24688454885685626
Lake Łebsko,XGBoost,5,full_minus_affine,0.10242361834121896,0.28688663499478345,0.7849726571530475,0.8082448919068366,-0.015271841578853085,-0.12096477810522872,-0.04744917148722422,-0.2740902269103728
Lake Łebsko,XGBoost,5,full_minus_repr0,0.09294696663761731,0.3450606920515138,0.8082448919068366,0.8082448919068366,0.0,0.0,0.020059088260737712,0.018291753464929818
Lake Łebsko,XGBoost,5,intercept_only,0.09397343693877386,0.3338491771774329,0.8082448919068366,0.8082448919068366,0.0,0.0,1.3426179445996667e-08,7.058691554595598e-09
Lake Łebsko,XGBoost,5,repr_only,0.10242361834121896,0.28688663499478345,0.7849726571530475,0.8082448919068366,-0.015271841578853085,-0.12096477810522872,-0.04744917148722422,-0.2740902269103728
Lake Łebsko,XGBoost,5,source_only,0.2818190778649476,-0.9465372840644457,0.8082448919068366,0.8082448919068366,0.0,0.0,0.0,0.0
Lake Łebsko,XGBoost,10,affine_only,0.08756144895551858,0.38274953451114263,0.7981353848061274,0.7981353848061274,0.0,0.0,0.04137987824469158,0.038436562532581396
Lake Łebsko,XGBoost,10,full,0.09946095383446019,0.27377336909860084,0.7074273086390557,0.7981353848061274,-0.06551821780609213,-0.14526946134988294,-0.057451589426953165,-0.21843376719150961
Lake Łebsko,XGBoost,10,full_minus_affine,0.10389279146076164,0.2524900921520078,0.696597235619718,0.7981353848061274,-0.0700664299380448,-0.15404331243991987,-0.11112241598391587,-0.2614733331328529
Lake Łebsko,XGBoost,10,full_minus_repr0,0.09467043919356788,0.31672453299355985,0.7311494219826407,0.7981353848061274,-0.024297469368452673,-0.11244108967501758,-0.021126414384659842,-0.10588766541157217
Lake Łebsko,XGBoost,10,full_minus_repr1,0.0938987752803328,0.3058311860418298,0.7454469540231323,0.7981353848061274,-0.021468301523128563,-0.09738661562626774,-0.004549397041853809,-0.09825755500682071
Lake Łebsko,XGBoost,10,intercept_only,0.0926735850404081,0.3416214151226863,0.7981353848061274,0.7981353848061274,0.0,0.0,8.818778651775716e-09,1.2931686422801292e-08
Lake Łebsko,XGBoost,10,repr_only,0.10389279146076164,0.2524900921520078,0.696597235619718,0.7981353848061274,-0.0700664299380448,-0.15404331243991987,-0.11112241598391587,-0.2614733331328529
Lake Łebsko,XGBoost,10,source_only,0.2789754987483529,-0.9850788845951279,0.7981353848061274,0.7981353848061274,0.0,0.0,0.0,0.0
Mantova,MLP,5,affine_only,0.1873967345736103,-0.044403462153493466,0.49166593231255884,0.49166593231255884,0.0,0.0,0.018972947710400312,0.015404744771574106
Mantova,MLP,5,full,0.2129011833881671,-0.18393732976442145,0.3961022805908587,0.49166593231255884,-0.09094829633435211,-0.13492571387664098,-0.09496864036468533,-1.0725618398320127
Mantova,MLP,5,full_minus_affine,0.2127164457534384,-0.18682148713595176,0.39746980195838005,0.49166593231255884,-0.09043544659349498,-0.13321626657150212,-0.07433436406403199,-1.0953715595124733
Mantova,MLP,5,full_minus_repr0,0.1873967345736103,-0.044403462153493466,0.49166593231255884,0.49166593231255884,0.0,0.0,0.018972947710400312,0.015404744771574106
Mantova,MLP,5,intercept_only,0.19009465691279478,-0.06358327236311472,0.49166593231255884,0.49166593231255884,0.0,0.0,0.0,3.1086244689504386e-17
Mantova,MLP,5,repr_only,0.2127164457534384,-0.18682148713595176,0.39746980195838005,0.49166593231255884,-0.09043544659349498,-0.13321626657150212,-0.07433436406403199,-1.0953715595124733
Mantova,MLP,5,source_only,0.16751003198677217,0.017296675587419097,0.49166593231255884,0.49166593231255884,0.0,0.0,0.0,0.0
Mantova,MLP,10,affine_only,0.17895384199302378,0.008444401195612752,0.4734536131421794,0.4734536131421794,0.0,0.0,0.032213094016606325,0.026180972429035023
Mantova,MLP,10,full,0.20051384409428413,-0.15146612387306052,0.4296155890579131,0.4734536131421794,-0.04448800752621043,-0.1337144228196902,-0.11931588631726947,-0.4457609298276377
Mantova,MLP,10,full_minus_affine,0.20243743276181841,-0.17239120653364493,0.4207792207792207,0.4734536131421794,-0.05844155844155846,-0.14111118271078282,-0.13344488202890165,-0.4698536123403321
Mantova,MLP,10,full_minus_repr0,0.1862524977253472,-0.06280282050650068,0.46630906855240595,0.4734536131421794,-0.006169991288586113,-0.021335798763645424,0.0182349019694093,-0.23570253395052695
Mantova,MLP,10,full_minus_repr1,0.18474092478131332,-0.05247144195648978,0.438961038961039,0.4734536131421794,-0.012337662337662342,-0.07133780788030139,0.04391320482492511,-0.10143278219259612
Mantova,MLP,10,intercept_only,0.1834931661825562,-0.02158681319103173,0.4734536131421794,0.4734536131421794,0.0,0.0,0.0,-1.2212453270876722e-17
Mantova,MLP,10,repr_only,0.20243743276181841,-0.17239120653364493,0.4207792207792207,0.4734536131421794,-0.05844155844155846,-0.14111118271078282,-0.13344488202890165,-0.4698536123403321
Mantova,MLP,10,source_only,0.17475372754746593,0.010580267473913432,0.4734536131421794,0.4734536131421794,0.0,0.0,0.0,0.0
Mantova,PLSR,5,affine_only,0.15928355719406817,0.08661106623067324,0.5494017094017093,0.5494017094017093,0.0,0.0,-0.000546912487075224,-0.0017288797311710569
Mantova,PLSR,5,full,0.1787888253020617,-0.010368238851781997,0.4833304909073963,0.5494017094017093,-0.08565566888737375,-0.11614667359380877,0.009108160504742502,-0.4971572940590238
Mantova,PLSR,5,full_minus_affine,0.1791147426602992,-0.011339609107253647,0.4840143685033035,0.5494017094017093,-0.0839459748976058,-0.11746306431127781,0.007106755086263128,-0.5023848917523243
Mantova,PLSR,5,full_minus_repr0,0.15928355719406817,0.08661106623067324,0.5494017094017093,0.5494017094017093,0.0,0.0,-0.000546912487075224,-0.0017288797311710569
Mantova,PLSR,5,intercept_only,0.15936812784375426,0.08798348531649207,0.5494017094017093,0.5494017094017093,0.0,0.0,0.0,1.8873791418627663e-17
Mantova,PLSR,5,repr_only,0.1791147426602992,-0.011339609107253647,0.4840143685033035,0.5494017094017093,-0.0839459748976058,-0.11746306431127781,0.007106755086263128,-0.5023848917523243
Mantova,PLSR,5,source_only,0.15930353523918545,0.08131033282562485,0.5494017094017093,0.5494017094017093,0.0,0.0,0.0,0.0
Mantova,PLSR,10,affine_only,0.16210035484138763,0.08612965441772066,0.5642857142857143,0.5642857142857143,0.0,0.0,-0.000500046232831175,-0.002238595898682214
Mantova,PLSR,10,full,0.16657847755404526,0.08235263114641347,0.5617794338217916,0.5642857142857143,0.01721042884359897,-0.009377029418708882,0.05764692223344264,-0.14105761562834498
Mantova,PLSR,10,full_minus_affine,0.1667140514494077,0.0815072958084091,0.5617794338217916,0.5642857142857143,0.01656107819424829,-0.009831667682834727,0.056821601100284946,-0.1422434443378171
Mantova,PLSR,10,full_minus_repr0,0.15414093970926504,0.12322084519101684,0.5936026779807224,0.5642857142857143,0.03961692846719023,0.004102494468129984,0.10779393868348125,-0.0415128183584122
Mantova,PLSR,10,full_minus_repr1,0.15858566918323105,0.10523278080297385,0.598051948051948,0.5642857142857143,0.04805194805194804,-0.005345276941872123,0.08424026516449135,0.002200791491034669
Mantova,PLSR,10,intercept_only,0.16206477449113665,0.08717167260337266,0.5642857142857143,0.5642857142857143,0.0,0.0,0.0,-1.3322676295501878e-17
Mantova,PLSR,10,repr_only,0.1667140514494077,0.0815072958084091,0.5617794338217916,0.5642857142857143,0.01656107819424829,-0.009831667682834727,0.056821601100284946,-0.1422434443378171
Mantova,PLSR,10,source_only,0.16094176446496067,0.06319503001570269,0.5642857142857143,0.5642857142857143,0.0,0.0,0.0,0.0
Mantova,XGBoost,5,affine_only,0.17093760553434195,0.03249026292935517,0.49081126068589453,0.49081126068589453,0.0,0.0,0.006544672963657405,0.005074117859007314
Mantova,XGBoost,5,full,0.1996327798988726,-0.13156899379663756,0.3499743597054971,0.49081126068589453,-0.10701760769990012,-0.13857094747807425,-0.1262055965998934,-0.732070788530017
Mantova,XGBoost,5,full_minus_affine,0.19950255110380855,-0.13446813778979883,0.3535647170840098,0.49081126068589453,-0.10872700940930183,-0.13916923281531823,-0.140212210555843,-0.7317089472410819
Mantova,XGBoost,5,full_minus_repr0,0.17093760553434195,0.03249026292935517,0.49081126068589453,0.49081126068589453,0.0,0.0,0.006544672963657405,0.005074117859007314
Mantova,XGBoost,5,intercept_only,0.17165312927857782,0.03147160697691637,0.49081126068589453,0.49081126068589453,0.0,0.0,0.0,-8.896120636814331e-09
Mantova,XGBoost,5,repr_only,0.19950255110380855,-0.13446813778979883,0.3535647170840098,0.49081126068589453,-0.10872700940930183,-0.13916923281531823,-0.140212210555843,-0.7317089472410819
Mantova,XGBoost,5,source_only,0.15601006816134189,0.09400665899039151,0.49081126068589453,0.49081126068589453,0.0,0.0,0.0,0.0
Mantova,XGBoost,10,affine_only,0.16598553324103565,0.06810283110984575,0.46818181818181814,0.46818181818181814,0.0,0.0,0.010312227769767701,0.007721517023661261
Mantova,XGBoost,10,full,0.190554760959635,-0.06786288693959852,0.3478402262052323,0.46818181818181814,-0.09350649350649348,-0.13221666079616293,-0.10797953529903154,-0.3986952203493588
Mantova,XGBoost,10,full_minus_affine,0.19174794804281048,-0.07304349747910271,0.34545454545454546,0.46818181818181814,-0.08506493506493504,-0.1355415428330855,-0.11764742479959489,-0.40987390580257
Mantova,XGBoost,10,full_minus_repr0,0.179141087815064,-0.006824080860032381,0.40194805194805194,0.46818181818181814,-0.03377171796871173,-0.06116530651442729,0.01051803020186387,-0.24191360407788615
Mantova,XGBoost,10,full_minus_repr1,0.17887684197180456,-0.014178349496923953,0.3701298701298701,0.46818181818181814,-0.06202279529818802,-0.10109462358377613,0.02314246015986743,-0.18537336248595454
Mantova,XGBoost,10,intercept_only,0.16751644431936547,0.04802604818937995,0.46818181818181814,0.46818181818181814,0.0,0.0,0.0,2.448192625292833e-09
Mantova,XGBoost,10,repr_only,0.19174794804281048,-0.07304349747910271,0.34545454545454546,0.46818181818181814,-0.08506493506493504,-0.1355415428330855,-0.11764742479959489,-0.40987390580257
Mantova,XGBoost,10,source_only,0.16252397070413943,0.06590074875540905,0.46818181818181814,0.46818181818181814,0.0,0.0,0.0,0.0
Morse Reservoir,MLP,5,affine_only,0.14861530859627764,-0.027956250898111542,0.38286149275564,0.38286149275564,0.0,0.0,0.06885369843259292,0.06884420826786669
Morse Reservoir,MLP,5,full,0.11146656999500937,0.24883940483794625,0.7711203005469591,0.38286149275564,0.36968678616085926,0.30596844169675813,0.6560242429800083,0.07485134776752181
Morse Reservoir,MLP,5,full_minus_affine,0.11482745391232563,0.223003276478687,0.7673746528765361,0.38286149275564,0.3702024912021844,0.30144805593339014,0.6258128247903146,-0.008294013855202474
Morse Reservoir,MLP,5,full_minus_repr0,0.14861530859627764,-0.027956250898111542,0.38286149275564,0.38286149275564,0.0,0.0,0.06885369843259292,0.06884420826786669
Morse Reservoir,MLP,5,intercept_only,0.15153181830742907,-0.05196598957078515,0.38286149275564,0.38286149275564,0.0,0.0,0.0,1.3322676295501878e-17
Morse Reservoir,MLP,5,repr_only,0.11482745391232563,0.223003276478687,0.7673746528765361,0.38286149275564,0.3702024912021844,0.30144805593339014,0.6258128247903146,-0.008294013855202474
Morse Reservoir,MLP,5,source_only,0.14510564276967727,-0.007728014451938046,0.38286149275564,0.38286149275564,0.0,0.0,0.0,0.0
Morse Reservoir,MLP,10,affine_only,0.13652949989983343,0.03331308304391762,0.39719068178468697,0.39719068178468697,0.0,0.0,0.16221640835498352,0.1467983873789277
Morse Reservoir,MLP,10,full,0.09492314972417212,0.3253419112027477,0.78284191854482,0.39719068178468697,0.3813838827417896,0.36612730965554235,0.6989806064053481,0.6434012518824946
Morse Reservoir,MLP,10,full_minus_affine,0.10454898723316497,0.2673098122723522,0.7710839721259571,0.39719068178468697,0.3665817144275727,0.3469341238059341,0.6059594776688855,0.527585472747058
Morse Reservoir,MLP,10,full_minus_repr0,0.08868668739327204,0.3794499084270596,0.8307059136819627,0.39719068178468697,0.4277839197978094,0.418089908577317,0.743912479093211,0.7190884845172321
Morse Reservoir,MLP,10,full_minus_repr1,0.0895474520386477,0.3672742936474156,0.7853191513536801,0.39719068178468697,0.3810890513944901,0.376388183139773,0.7639250739556182,0.7245228492427658
Morse Reservoir,MLP,10,intercept_only,0.14441249484536295,-0.029208689566430652,0.39719068178468697,0.39719068178468697,0.0,0.0,0.0,-7.771561172376097e-18
Morse Reservoir,MLP,10,repr_only,0.10454898723316497,0.2673098122723522,0.7710839721259571,0.39719068178468697,0.3665817144275727,0.3469341238059341,0.6059594776688855,0.527585472747058
Morse Reservoir,MLP,10,source_only,0.14377406552508332,-0.025496660168396253,0.39719068178468697,0.39719068178468697,0.0,0.0,0.0,0.0
Morse Reservoir,PLSR,5,affine_only,0.1697909626130048,-0.14112144696359677,0.802920507896014,0.802920507896014,0.0,0.0,1.2617857748961558,1.181581382520764
Morse Reservoir,PLSR,5,full,0.0928173624025832,0.3656928137868951,0.7937516245754185,0.802920507896014,-0.007328592464593386,-0.04652938492146727,2.2834555364457687,1.804745388472829
Morse Reservoir,PLSR,5,full_minus_affine,0.09453779745763329,0.3568405257914534,0.7917486791925489,0.802920507896014,-0.013191445818801273,-0.048050981859348994,2.271191374557748,1.7916306640168558
Morse Reservoir,PLSR,5,full_minus_repr0,0.1697909626130048,-0.14112144696359677,0.802920507896014,0.802920507896014,0.0,0.0,1.2617857748961558,1.181581382520764
Morse Reservoir,PLSR,5,intercept_only,0.22222559607844566,-0.5717276155827115,0.802920507896014,0.802920507896014,0.0,0.0,0.0,-4.4408920985006264e-17
Morse Reservoir,PLSR,5,repr_only,0.09453779745763329,0.3568405257914534,0.7917486791925489,0.802920507896014,-0.013191445818801273,-0.048050981859348994,2.271191374557748,1.7916306640168558
Morse Reservoir,PLSR,5,source_only,0.20954535863262125,-0.4647001782177785,0.802920507896014,0.802920507896014,0.0,0.0,0.0,0.0
Morse Reservoir,PLSR,10,affine_only,0.1212169050690684,0.1304473325426979,0.8034965944748268,0.8034965944748268,0.0,0.0,1.845888658912995,1.8083418694611026
Morse Reservoir,PLSR,10,full,0.08838778977930228,0.3930127336042266,0.7913377938436287,0.8034965944748268,-0.006797069882184703,-0.02921604136472283,2.2130124898379866,2.187461460768531
Morse Reservoir,PLSR,10,full_minus_affine,0.08966073930157575,0.38317991981746036,0.7899934043308376,0.8034965944748268,-0.010157227286931969,-0.033751698345192864,2.196753243269959,2.1647701581392216
Morse Reservoir,PLSR,10,full_minus_repr0,0.0913944306493534,0.3581802182403485,0.740626075202061,0.8034965944748268,-0.05142825567689546,-0.06498185163257966,2.1581420730068412,2.1449230739749408
Morse Reservoir,PLSR,10,full_minus_repr1,0.08427413246805981,0.41066902598824845,0.7999396021344509,0.8034965944748268,0.004455520364970267,-0.013321950553918698,2.3217013972870846,2.318052003381544
Morse Reservoir,PLSR,10,intercept_only,0.22113866816357403,-0.5705026341674004,0.8034965944748268,0.8034965944748268,0.0,0.0,0.0,2.2204460492503132e-17
Morse Reservoir,PLSR,10,repr_only,0.08966073930157575,0.38317991981746036,0.7899934043308376,0.8034965944748268,-0.010157227286931969,-0.033751698345192864,2.196753243269959,2.1647701581392216
Morse Reservoir,PLSR,10,source_only,0.20816382590867288,-0.47585900687905636,0.8034965944748268,0.8034965944748268,0.0,0.0,0.0,0.0
Morse Reservoir,XGBoost,5,affine_only,0.09482197510946225,0.3599425091103311,0.8374321433676137,0.8374321433676137,0.0,0.0,0.049795348739822554,0.04840980798477559
Morse Reservoir,XGBoost,5,full,0.0923961726335453,0.369629638910977,0.8028933656977888,0.8374321433676137,-0.03344419193625742,-0.0784692237570679,0.1149014276760551,-0.10564931594202676
Morse Reservoir,XGBoost,5,full_minus_affine,0.09254874539944039,0.36487126756121413,0.8027794465723045,0.8374321433676137,-0.034800797269065986,-0.07954294860551331,0.11140221087865643,-0.10398675621065687
Morse Reservoir,XGBoost,5,full_minus_repr0,0.09482197510946225,0.3599425091103311,0.8374321433676137,0.8374321433676137,0.0,0.0,0.049795348739822554,0.04840980798477559
Morse Reservoir,XGBoost,5,intercept_only,0.09709499960661575,0.3322162580481907,0.8374321433676137,0.8374321433676137,0.0,0.0,0.0,-2.7776445921112725e-10
Morse Reservoir,XGBoost,5,repr_only,0.09254874539944039,0.36487126756121413,0.8027794465723045,0.8374321433676137,-0.034800797269065986,-0.07954294860551331,0.11140221087865643,-0.10398675621065687
Morse Reservoir,XGBoost,5,source_only,0.09438426981116828,0.3425889773391866,0.8374321433676137,0.8374321433676137,0.0,0.0,0.0,0.0
Morse Reservoir,XGBoost,10,affine_only,0.08688884930392088,0.40385402987560703,0.8379592951920063,0.8379592951920063,0.0,0.0,0.09806034990327467,0.0898199954819178
Morse Reservoir,XGBoost,10,full,0.08793536382856143,0.3938975296319449,0.7920403893008329,0.8379592951920063,-0.047250038113919535,-0.06373312210930354,0.12048636446328942,0.05820406011354276
Morse Reservoir,XGBoost,10,full_minus_affine,0.08907155519537449,0.382232669708909,0.7835362892010551,0.8379592951920063,-0.052816728774637056,-0.06827030814363283,0.10981019460153263,0.04852057386724162
Morse Reservoir,XGBoost,10,full_minus_repr0,0.08264245809061013,0.4148528100375959,0.7881282472528508,0.8379592951920063,-0.04963031314324595,-0.05885599213517541,0.13589880161929863,0.10795374335030558
Morse Reservoir,XGBoost,10,full_minus_repr1,0.08372727248527062,0.40881498953139483,0.803556949281542,0.8379592951920063,-0.02712349507267564,-0.042304429030424646,0.1480794661011351,0.1158953899425905
Morse Reservoir,XGBoost,10,intercept_only,0.09486934335023547,0.33318095122328933,0.8379592951920063,0.8379592951920063,0.0,0.0,0.0,-2.0463276440008114e-09
Morse Reservoir,XGBoost,10,repr_only,0.08907155519537449,0.382232669708909,0.7835362892010551,0.8379592951920063,-0.052816728774637056,-0.06827030814363283,0.10981019460153263,0.04852057386724162
Morse Reservoir,XGBoost,10,source_only,0.09357444178943067,0.3434670354605479,0.8379592951920063,0.8379592951920063,0.0,0.0,0.0,0.0
Taihu,MLP,5,affine_only,0.19084619239234996,0.3479905091261859,0.6452085856551744,0.6452085856551744,0.0,0.0,-0.0049102339439036635,-0.022184726193331207
Taihu,MLP,5,full,0.18605018352963226,0.3817055246579348,0.7207265863198876,0.6452085856551744,0.07720101940704166,0.0347146410674526,0.11135104688085867,-0.03318663871231654
Taihu,MLP,5,full_minus_affine,0.186141728659506,0.3808743947361767,0.7221995948701104,0.6452085856551744,0.07858924159657527,0.03562752458380897,0.10048053743590091,-0.07897904927267264
Taihu,MLP,5,full_minus_repr0,0.19084619239234996,0.3479905091261859,0.6452085856551744,0.6452085856551744,0.0,0.0,-0.0049102339439036635,-0.022184726193331207
Taihu,MLP,5,intercept_only,0.1933104908732768,0.34021550411187973,0.6452085856551744,0.6452085856551744,0.0,0.0,0.0,1.3322676295501878e-17
Taihu,MLP,5,repr_only,0.186141728659506,0.3808743947361767,0.7221995948701104,0.6452085856551744,0.07858924159657527,0.03562752458380897,0.10048053743590091,-0.07897904927267264
Taihu,MLP,5,source_only,0.248674318268567,0.15888208171673748,0.6452085856551744,0.6452085856551744,0.0,0.0,0.0,0.0
Taihu,MLP,10,affine_only,0.19129381609885648,0.34317938170156587,0.6451551813465066,0.6451551813465066,0.0,0.0,-0.008181371495422474,-0.023626660502624297
Taihu,MLP,10,full,0.17262167597721645,0.41548445637576786,0.7834811273553439,0.6451551813465066,0.1392675688329224,0.10827987497771295,0.03030249461509177,-0.08583089527513652
Taihu,MLP,10,full_minus_affine,0.17272981026932566,0.404568182157766,0.7804910874064948,0.6451551813465066,0.13745614326787836,0.09774371914474062,0.0005328427392519153,-0.13268696499618313
Taihu,MLP,10,full_minus_repr0,0.1894501787488327,0.36030536524149703,0.7202928109183075,0.6451551813465066,0.0690726058712392,0.02609088373420257,-0.046588032781695765,-0.21660359882210362
Taihu,MLP,10,full_minus_repr1,0.18098801082830487,0.3808724240560554,0.725317977440844,0.6451551813465066,0.08500412274345942,0.06259112286717414,0.12357264786549199,0.08442665595143488
Taihu,MLP,10,intercept_only,0.1937948797245614,0.33435466996322294,0.6451551813465066,0.6451551813465066,0.0,0.0,0.0,-4.440892098500626e-18
Taihu,MLP,10,repr_only,0.17272981026932566,0.404568182157766,0.7804910874064948,0.6451551813465066,0.13745614326787836,0.09774371914474062,0.0005328427392519153,-0.13268696499618313
Taihu,MLP,10,source_only,0.24908893513474145,0.13799838055800256,0.6451551813465066,0.6451551813465066,0.0,0.0,0.0,0.0
Taihu,PLSR,5,affine_only,0.21897138479039815,0.2770611074815491,0.7486257556641984,0.7486257556641984,0.0,0.0,0.044177253667799954,0.024278109579716364
Taihu,PLSR,5,full,0.2406735061670625,0.2069009741722157,0.7377083489849725,0.7486257556641984,-0.00849831231457765,-0.11675233841473681,-0.04722144039959586,-0.23784494813524984
Taihu,PLSR,5,full_minus_affine,0.25121420578917253,0.17826955403781614,0.7317347429396485,0.7486257556641984,-0.01607434246568984,-0.1275914748845163,-0.07695408519540409,-0.29395258455107265
Taihu,PLSR,5,full_minus_repr0,0.21897138479039815,0.2770611074815491,0.7486257556641984,0.7486257556641984,0.0,0.0,0.044177253667799954,0.024278109579716364
Taihu,PLSR,5,intercept_only,0.22262898414760718,0.24466378588888618,0.7486257556641984,0.7486257556641984,0.0,0.0,0.0,-2.220446049250313e-18
Taihu,PLSR,5,repr_only,0.25121420578917253,0.17826955403781614,0.7317347429396485,0.7486257556641984,-0.01607434246568984,-0.1275914748845163,-0.07695408519540409,-0.29395258455107265
Taihu,PLSR,5,source_only,0.21142010411109835,0.28501789732397864,0.7486257556641984,0.7486257556641984,0.0,0.0,0.0,0.0
Taihu,PLSR,10,affine_only,0.21161452547323428,0.2792140546329567,0.7479462446271556,0.7479462446271556,0.0,0.0,0.06883339094315821,0.03921716105892848
Taihu,PLSR,10,full,0.23873211080131657,0.19319513945969718,0.709598639355367,0.7479462446271556,-0.034648546053149654,-0.07878571798609005,-0.0434039297963863,-0.2815245907918425
Taihu,PLSR,10,full_minus_affine,0.24288000375376123,0.16484848722319095,0.6965914265507254,0.7479462446271556,-0.048032036835905456,-0.09843409182201251,-0.06538943803539532,-0.32297742824775666
Taihu,PLSR,10,full_minus_repr0,0.2255798027345424,0.22560667191455608,0.7301412347857352,0.7479462446271556,-0.018697762839871068,-0.03936147580335659,0.006810216093328936,-0.17477043486264673
Taihu,PLSR,10,full_minus_repr1,0.22267020150142194,0.24169420258726654,0.7486784175616774,0.7479462446271556,0.006511693226498694,-0.04785905670789848,0.026125703974945513,-0.034895184754131635
Taihu,PLSR,10,intercept_only,0.21944247808096382,0.23594662836829208,0.7479462446271556,0.7479462446271556,0.0,0.0,0.0,-1.1102230246251566e-18
Taihu,PLSR,10,repr_only,0.24288000375376123,0.16484848722319095,0.6965914265507254,0.7479462446271556,-0.048032036835905456,-0.09843409182201251,-0.06538943803539532,-0.32297742824775666
Taihu,PLSR,10,source_only,0.21191893457873498,0.2703749524778567,0.7479462446271556,0.7479462446271556,0.0,0.0,0.0,0.0
Taihu,XGBoost,5,affine_only,0.18145928815726597,0.4035464449778643,0.7993497027154295,0.7993497027154295,0.0,0.0,-0.0005135603038526892,-0.007207701669483318
Taihu,XGBoost,5,full,0.20596622821546914,0.31391026910108183,0.804474636750751,0.7993497027154295,0.0032681306351902695,-0.05466180072680174,-0.0332816605677404,-0.18692134078530187
Taihu,XGBoost,5,full_minus_affine,0.20609328059584464,0.3090085989088053,0.80097544595082,0.7993497027154295,0.0005272283843769099,-0.05613076567076809,-0.046657036822184195,-0.20677466346827206
Taihu,XGBoost,5,full_minus_repr0,0.18145928815726597,0.4035464449778643,0.7993497027154295,0.7993497027154295,0.0,0.0,-0.0005135603038526892,-0.007207701669483318
Taihu,XGBoost,5,intercept_only,0.17967114608984133,0.4014962891971327,0.7993497027154295,0.7993497027154295,0.0,0.0,9.086956187509543e-10,1.3114000518843483e-09
Taihu,XGBoost,5,repr_only,0.20609328059584464,0.3090085989088053,0.80097544595082,0.7993497027154295,0.0005272283843769099,-0.05613076567076809,-0.046657036822184195,-0.20677466346827206
Taihu,XGBoost,5,source_only,0.17539271028608358,0.40474437898539817,0.7993497027154295,0.7993497027154295,0.0,0.0,0.0,0.0
Taihu,XGBoost,10,affine_only,0.17594845260746741,0.3937591914297859,0.7973225509161522,0.7973225509161522,0.0,0.0,0.0011045008549440682,-0.010638476357873801
Taihu,XGBoost,10,full,0.20203373351630383,0.3163609975208245,0.7895389470202182,0.7973225509161522,-0.008265555502103838,-0.047253792900158985,-0.06480887920287803,-0.20031513734371742
Taihu,XGBoost,10,full_minus_affine,0.20298436789711052,0.3144067763977335,0.7803576829517926,0.7973225509161522,-0.016429506672901384,-0.05553465977751176,-0.09976919708465926,-0.2195521312141474
Taihu,XGBoost,10,full_minus_repr0,0.18956334564996258,0.3592378635333991,0.7891775382213213,0.7973225509161522,-0.006485630753216565,-0.03521327100169419,-0.044517292897831406,-0.15524734217193983
Taihu,XGBoost,10,full_minus_repr1,0.18398136294234657,0.3674535853710195,0.8036598667454279,0.7973225509161522,0.0072803698845894105,-0.010278296802358762,-0.008100285007141605,-0.04511752376770832
Taihu,XGBoost,10,intercept_only,0.17446903793617874,0.39689329679095176,0.7973225509161522,0.7973225509161522,0.0,0.0,-1.3428891332267767e-10,-4.4843647128978147e-10
Taihu,XGBoost,10,repr_only,0.20298436789711052,0.3144067763977335,0.7803576829517926,0.7973225509161522,-0.016429506672901384,-0.05553465977751176,-0.09976919708465926,-0.2195521312141474
Taihu,XGBoost,10,source_only,0.17616007178390425,0.39159838516346657,0.7973225509161522,0.7973225509161522,0.0,0.0,0.0,0.0
