lake,learner,k,variant,delta_spearman_lake,delta_r2_log_lake,mae_log_lake,rer_log_lake,delta_spearman_lake_altmean,delta_r2_log_lake_altmean
Branched Oak Lake,MLP,5,affine_only,0.0,0.00044729064203525,0.08130395844285895,0.3435079842805252,0.0,-0.00012571829362526953
Branched Oak Lake,MLP,5,full,0.02823810442328025,0.10910195779701405,0.07462811714849624,0.417484097006778,-0.0005832932121531935,0.02398777960088816
Branched Oak Lake,MLP,5,full_minus_affine,0.02795587044854405,0.10876671857579376,0.07471314146777869,0.41648381044852045,-0.0014520255862101755,0.023126493928019114
Branched Oak Lake,MLP,5,full_minus_repr0,0.0,0.00044729064203525,0.08130395844285895,0.3435079842805252,0.0,-0.00012571829362526953
Branched Oak Lake,MLP,5,intercept_only,0.0,0.0,0.08133887100361385,0.34352838973438016,0.0,9.992007221626407e-18
Branched Oak Lake,MLP,5,repr_only,0.02795587044854405,0.10876671857579376,0.07471314146777869,0.41648381044852045,-0.0014520255862101755,0.023126493928019114
Branched Oak Lake,MLP,5,source_only,0.0,0.0,0.09204461331029279,0.2554610504220385,0.0,0.0
Branched Oak Lake,MLP,10,affine_only,0.0,0.00051984629981155,0.0787712724601788,0.33469818199058565,0.0,-0.0007547045733009221
Branched Oak Lake,MLP,10,full,0.030940413833568353,0.10254453390581911,0.06806426804303034,0.4159942823631083,0.01545456458267453,0.07187231903961028
Branched Oak Lake,MLP,10,full_minus_affine,0.030163158484640303,0.1031844478728065,0.0678557663997808,0.41701033731649717,0.015919735682435196,0.07270636436585755
Branched Oak Lake,MLP,10,full_minus_repr0,-0.0010018927677319998,-0.0113333966205778,0.08084771728549495,0.3202408501803672,-0.004074238346231792,-0.030827019319802293
Branched Oak Lake,MLP,10,full_minus_repr1,0.02760303753877315,0.1034615880951769,0.0686292657953551,0.41157769364320496,0.012294183575505291,0.07536922788407856
Branched Oak Lake,MLP,10,intercept_only,0.0,0.0,0.07849819919380495,0.3325793567074994,0.0,-1.3322676295501878e-17
Branched Oak Lake,MLP,10,repr_only,0.030163158484640303,0.1031844478728065,0.0678557663997808,0.41701033731649717,0.015919735682435196,0.07270636436585755
Branched Oak Lake,MLP,10,source_only,0.0,0.0,0.0909644432713496,0.22565292137753223,0.0,0.0
Branched Oak Lake,PLSR,5,affine_only,0.0,0.0005882255403650001,0.11471943887266745,0.06497816608123369,0.0,0.0008773375445825992
Branched Oak Lake,PLSR,5,full,-0.0079179067276583,-0.0256646335622239,0.1208372285101289,0.03014834870149115,-0.07102658569339901,-0.20785979242203304
Branched Oak Lake,PLSR,5,full_minus_affine,-0.0065154612996328,-0.02565748498332475,0.12083353209552225,0.0302153016033577,-0.0706062166073122,-0.20764680912859437
Branched Oak Lake,PLSR,5,full_minus_repr0,0.0,0.0005882255403650001,0.11471943887266745,0.06497816608123369,0.0,0.0008773375445825992
Branched Oak Lake,PLSR,5,intercept_only,0.0,0.0,0.11488795660878981,0.06472722782325595,0.0,1.6653345369377347e-17
Branched Oak Lake,PLSR,5,repr_only,-0.0065154612996328,-0.02565748498332475,0.12083353209552225,0.0302153016033577,-0.0706062166073122,-0.20764680912859437
Branched Oak Lake,PLSR,5,source_only,0.0,0.0,0.4256834843816476,-2.4525596310899593,0.0,0.0
Branched Oak Lake,PLSR,10,affine_only,0.0,0.005335167281915449,0.10950161107681189,0.0729054091874484,0.0,0.002957955138995196
Branched Oak Lake,PLSR,10,full,0.2584740120209539,0.3360120445183421,0.0916130719242385,0.2171271572433391,0.2261429232032345,0.27622260869468396
Branched Oak Lake,PLSR,10,full_minus_affine,0.2609230832309656,0.3344807284277398,0.0915627595880215,0.21727614682368057,0.22585355322002956,0.2754771698729218
Branched Oak Lake,PLSR,10,full_minus_repr0,0.1957272379259346,0.21038539255349303,0.09842059111105564,0.17139527670065674,0.1861905115398459,0.18347789958817529
Branched Oak Lake,PLSR,10,full_minus_repr1,-0.0057874243796893505,0.0191478280910556,0.11443509681177044,0.038338467538039656,-0.10657865002112593,-0.08336187329351602
Branched Oak Lake,PLSR,10,intercept_only,0.0,0.0,0.1095606010191437,0.0763650747135767,0.0,-3.3306690738754695e-17
Branched Oak Lake,PLSR,10,repr_only,0.2609230832309656,0.3344807284277398,0.0915627595880215,0.21727614682368057,0.22585355322002956,0.2754771698729218
Branched Oak Lake,PLSR,10,source_only,0.0,0.0,0.4260406354188747,-2.6266195555406324,0.0,0.0
Branched Oak Lake,XGBoost,5,affine_only,0.0,0.00457041116470645,0.0877524574146093,0.30639234208284327,0.0,0.003592032685948067
Branched Oak Lake,XGBoost,5,full,-0.030759519470594902,-0.0687856621923705,0.0947155076724832,0.25490958981356204,-0.05719422140940395,-0.1774745751087425
Branched Oak Lake,XGBoost,5,full_minus_affine,-0.0309686552420512,-0.07029560546068836,0.09494827029865835,0.24986285256570373,-0.0571493933820895,-0.180187161262787
Branched Oak Lake,XGBoost,5,full_minus_repr0,0.0,0.00457041116470645,0.0877524574146093,0.30639234208284327,0.0,0.003592032685948067
Branched Oak Lake,XGBoost,5,intercept_only,0.0,0.0,0.08758898323873905,0.3038582654276937,0.0,1.2162437612595056e-10
Branched Oak Lake,XGBoost,5,repr_only,-0.0309686552420512,-0.07029560546068836,0.09494827029865835,0.24986285256570373,-0.0571493933820895,-0.180187161262787
Branched Oak Lake,XGBoost,5,source_only,0.0,0.0,0.10618614146638505,0.1499105730580863,0.0,0.0
Branched Oak Lake,XGBoost,10,affine_only,0.0,0.00950971319338065,0.0853193145442767,0.2990130521018666,0.0,0.0067813501393990915
Branched Oak Lake,XGBoost,10,full,-0.01725283621267345,-0.0709986087737189,0.09577542687416116,0.20096359381019185,-0.04792221660411907,-0.14714575996218987
Branched Oak Lake,XGBoost,10,full_minus_affine,-0.01692085563280725,-0.07588974398273055,0.0963264677242444,0.1956621865554543,-0.04891498602509101,-0.15364140809952515
Branched Oak Lake,XGBoost,10,full_minus_repr0,-0.0041182231107136005,-0.00227064242161745,0.08767524212037406,0.2575068502179457,-0.008133975365025444,-0.02632636262660673
Branched Oak Lake,XGBoost,10,full_minus_repr1,-0.019699542694883852,-0.02278802483432945,0.09082324290469075,0.2120211560130852,-0.04546346952145755,-0.09337628222040475
Branched Oak Lake,XGBoost,10,intercept_only,0.0,0.0,0.08477133088804359,0.29694843607732657,0.0,1.9721243982306906e-09
Branched Oak Lake,XGBoost,10,repr_only,-0.01692085563280725,-0.07588974398273055,0.0963264677242444,0.1956621865554543,-0.04891498602509101,-0.15364140809952515
Branched Oak Lake,XGBoost,10,source_only,0.0,0.0,0.1056394257924082,0.1150708297885148,0.0,0.0
Chaohu,MLP,5,affine_only,0.0,0.01551634425461275,0.17677053870022924,0.390513050246319,0.0,0.011429532767300236
Chaohu,MLP,5,full,-0.0692435492921032,-0.060028508558917795,0.198776597361095,0.3270445211809357,-0.09242169534661522,-0.1816190906744347
Chaohu,MLP,5,full_minus_affine,-0.0707152200363663,-0.06289139565796556,0.19937347781894985,0.3160776534082451,-0.10028566562954795,-0.19146898225008663
Chaohu,MLP,5,full_minus_repr0,0.0,0.01551634425461275,0.17677053870022924,0.390513050246319,0.0,0.011429532767300236
Chaohu,MLP,5,intercept_only,0.0,0.0,0.17733939886006256,0.38599730176758024,0.0,4.4408920985006255e-18
Chaohu,MLP,5,repr_only,-0.0707152200363663,-0.06289139565796556,0.19937347781894985,0.3160776534082451,-0.10028566562954795,-0.19146898225008663
Chaohu,MLP,5,source_only,0.0,0.0,0.162950456143853,0.4080097505836322,0.0,0.0
Chaohu,MLP,10,affine_only,0.0,0.025144117919879548,0.1699345842573649,0.38787323629339426,0.0,0.01963144488667629
Chaohu,MLP,10,full,-0.03669879217087855,-0.04050255947449005,0.18861250636697902,0.3241856354713961,-0.05904743105610069,-0.16620366418997684
Chaohu,MLP,10,full_minus_affine,-0.03669879217087855,-0.040678274397570796,0.18847514470491955,0.32520023794736075,-0.059593507557374886,-0.1653623651481002
Chaohu,MLP,10,full_minus_repr0,0.0045558204757820495,0.0137111803224983,0.1794616964394454,0.3795836177255508,0.011641321138067135,-0.04385528894014528
Chaohu,MLP,10,full_minus_repr1,-0.0363636363636363,-0.023077074458084552,0.19117757484121578,0.3373037093873499,-0.055548838932686605,-0.07101418013354245
Chaohu,MLP,10,intercept_only,0.0,0.0,0.1753991995744169,0.3778362463502749,0.0,-1.3322676295501876e-17
Chaohu,MLP,10,repr_only,-0.03669879217087855,-0.040678274397570796,0.18847514470491955,0.32520023794736075,-0.059593507557374886,-0.1653623651481002
Chaohu,MLP,10,source_only,0.0,0.0,0.1547046775560601,0.4154301293632468,0.0,0.0
Chaohu,PLSR,5,affine_only,0.0,-0.0037153278052502,0.18069442619292841,0.36967483901614945,0.0,-0.010972699171630304
Chaohu,PLSR,5,full,-0.04277304745494945,-0.0632429222751382,0.1981734120454462,0.2877843355846974,-0.08767891534400515,-0.23389409854482893
Chaohu,PLSR,5,full_minus_affine,-0.0353983841006477,-0.06433953309415524,0.19979275033325433,0.27514586237480076,-0.0905040670792544,-0.24062245460547974
Chaohu,PLSR,5,full_minus_repr0,0.0,-0.0037153278052502,0.18069442619292841,0.36967483901614945,0.0,-0.010972699171630304
Chaohu,PLSR,5,intercept_only,0.0,0.0,0.1803611617231732,0.37163924637987766,0.0,-9.860761315262648e-34
Chaohu,PLSR,5,repr_only,-0.0353983841006477,-0.06433953309415524,0.19979275033325433,0.27514586237480076,-0.0905040670792544,-0.24062245460547974
Chaohu,PLSR,5,source_only,0.0,0.0,0.17316432331856485,0.3882864693386699,0.0,0.0
Chaohu,PLSR,10,affine_only,0.0,-0.0030607716598225502,0.1846863033661004,0.3625150179480407,0.0,-0.012685275508322425
Chaohu,PLSR,10,full,-0.04090909090909095,-0.0883876834773153,0.21514598230683107,0.21478085789279683,-0.09870776555859619,-0.293824848184832
Chaohu,PLSR,10,full_minus_affine,-0.04096092056072835,-0.0820110161626404,0.2158123098084343,0.2169385665921354,-0.09588211165548666,-0.2860598446451501
Chaohu,PLSR,10,full_minus_repr0,0.0,-0.03413301691133615,0.18963336732752256,0.3125626071537453,-0.01328827525354865,-0.07817617334852427
Chaohu,PLSR,10,full_minus_repr1,-0.0227791023789102,-0.04758829717736405,0.20623209515475877,0.2560411003946082,-0.06874659607487237,-0.14350659526973483
Chaohu,PLSR,10,intercept_only,0.0,0.0,0.18247327347524928,0.37942004692011777,0.0,1.7763568394002505e-17
Chaohu,PLSR,10,repr_only,-0.04096092056072835,-0.0820110161626404,0.2158123098084343,0.2169385665921354,-0.09588211165548666,-0.2860598446451501
Chaohu,PLSR,10,source_only,0.0,0.0,0.1767467075890041,0.37784906032811716,0.0,0.0
Chaohu,XGBoost,5,affine_only,0.0,0.00385250621962355,0.19438145306173432,0.33502513484070773,0.0,0.0029136285560829476
Chaohu,XGBoost,5,full,-0.0596679036746009,-0.02413113510452185,0.2052583937646339,0.26988727755483055,-0.09558323602290515,-0.2110683768681904
Chaohu,XGBoost,5,full_minus_affine,-0.0559648972169344,-0.02288004057315835,0.20408504017110451,0.26953696482896594,-0.09758568738906981,-0.20800119385259397
Chaohu,XGBoost,5,full_minus_repr0,0.0,0.00385250621962355,0.19438145306173432,0.33502513484070773,0.0,0.0029136285560829476
Chaohu,XGBoost,5,intercept_only,0.0,0.0,0.1923937169213669,0.3369752934437563,0.0,-1.0192880928183715e-09
Chaohu,XGBoost,5,repr_only,-0.0559648972169344,-0.02288004057315835,0.20408504017110451,0.26953696482896594,-0.09758568738906981,-0.20800119385259397
Chaohu,XGBoost,5,source_only,0.0,0.0,0.1633835670655704,0.4162673747994242,0.0,0.0
Chaohu,XGBoost,10,affine_only,0.0,0.006611545327078749,0.1775822175683407,0.36068379610071455,0.0,0.004254767049671703
Chaohu,XGBoost,10,full,-0.040950554630400954,-0.0703175536252823,0.21754255039619141,0.2285739796036614,-0.04943648895971393,-0.21591248456164608
Chaohu,XGBoost,10,full_minus_affine,-0.036446563806256355,-0.072957327186918,0.2187431129040626,0.23015308225430386,-0.043785112232759625,-0.21913526382054102
Chaohu,XGBoost,10,full_minus_repr0,0.0,-0.00897092559676655,0.20440708154617382,0.2834831567097046,-0.01442271390968029,-0.11739236968991394
Chaohu,XGBoost,10,full_minus_repr1,-0.0365312142672575,-0.00903088284585405,0.19779869944064354,0.3092915613040196,-0.060923332485020854,-0.04893288621701066
Chaohu,XGBoost,10,intercept_only,0.0,0.0,0.1793206706909703,0.35787099798744326,0.0,3.828228383184751e-09
Chaohu,XGBoost,10,repr_only,-0.036446563806256355,-0.072957327186918,0.2187431129040626,0.23015308225430386,-0.043785112232759625,-0.21913526382054102
Chaohu,XGBoost,10,source_only,0.0,0.0,0.15966789567379908,0.40650628055403637,0.0,0.0
Dianchi,MLP,5,affine_only,0.0,6.58468449340848,0.25330490628264085,-1.3521253501200432,0.0,6.338857470933013
Dianchi,MLP,5,full,-0.3028726430022995,11.976339508951867,0.1808056175168712,-0.684483525974247,-0.29706576695210607,7.7286283099471556
Dianchi,MLP,5,full_minus_affine,-0.3013628563569166,11.834599875887807,0.18967492906466904,-0.7382398805392953,-0.29838021749785537,7.430982933571065
Dianchi,MLP,5,full_minus_repr0,0.0,6.58468449340848,0.25330490628264085,-1.3521253501200432,0.0,6.338857470933013
Dianchi,MLP,5,intercept_only,0.0,0.0,0.3494247475177056,-2.232048173161746,0.0,-3.552713678800508e-17
Dianchi,MLP,5,repr_only,-0.3013628563569166,11.834599875887807,0.18967492906466904,-0.7382398805392953,-0.29838021749785537,7.430982933571065
Dianchi,MLP,5,source_only,0.0,0.0,0.5236736697181783,-3.7970180438140324,0.0,0.0
Dianchi,MLP,10,affine_only,0.0,11.2235489005079,0.16524984486564695,-0.48991610144923226,0.0,10.3095316626736
Dianchi,MLP,10,full,0.14995248304706787,13.168151707780346,0.14115957997606135,-0.3345320516208077,0.07438833624439427,12.532513431912326
Dianchi,MLP,10,full_minus_affine,0.13359782156522054,13.025389376484092,0.1481514227582796,-0.4184168461263511,0.057943889584968905,12.330047719803968
Dianchi,MLP,10,full_minus_repr0,0.32833550771349884,12.006278863132344,0.17319207836843956,-0.5823482096141459,0.31514044163479904,11.132828542506031
Dianchi,MLP,10,full_minus_repr1,-0.33444850221137634,12.96006423093986,0.16392545619397245,-0.5242288181726666,-0.34202884938395944,11.620840121440056
Dianchi,MLP,10,intercept_only,0.0,0.0,0.3444967397377901,-2.276100807986949,0.0,-2.842170943040401e-16
Dianchi,MLP,10,repr_only,0.13359782156522054,13.025389376484092,0.1481514227582796,-0.4184168461263511,0.057943889584968905,12.330047719803968
Dianchi,MLP,10,source_only,0.0,0.0,0.5242089528778946,-3.9747230461944696,0.0,0.0
Dianchi,PLSR,5,affine_only,0.0,3.1611337865018125,0.21738404935505812,-0.9585904366234086,0.0,3.1583279544028215
Dianchi,PLSR,5,full,-0.19869488621730974,4.4551641718540615,0.20251696113258205,-0.8430363705896833,-0.22396491374116487,0.4587979409232292
Dianchi,PLSR,5,full_minus_affine,-0.1990879747119858,3.817809333983454,0.21062744790909477,-0.9250522251621176,-0.22467549452298863,-0.04654915707158012
Dianchi,PLSR,5,full_minus_repr0,0.0,3.1611337865018125,0.21738404935505812,-0.9585904366234086,0.0,3.1583279544028215
Dianchi,PLSR,5,intercept_only,0.0,0.0,0.2775020525279148,-1.5955557034715377,0.0,-4.4408920985006264e-17
Dianchi,PLSR,5,repr_only,-0.1990879747119858,3.817809333983454,0.21062744790909477,-0.9250522251621176,-0.22467549452298863,-0.04654915707158012
Dianchi,PLSR,5,source_only,0.0,0.0,0.26969383182073725,-1.4348690657570233,0.0,0.0
Dianchi,PLSR,10,affine_only,0.0,5.061220787820419,0.16120891830473771,-0.44948351238533174,0.0,5.019619861475777
Dianchi,PLSR,10,full,-0.25857921918378785,5.016379796490219,0.18334951986505343,-0.7034212161671802,-0.24525629646188793,4.712639549787528
Dianchi,PLSR,10,full_minus_affine,-0.2645124736502559,4.089582672248637,0.2043492224693857,-0.8743274661532899,-0.2706806613117413,3.8486687729177094
Dianchi,PLSR,10,full_minus_repr0,0.04015112418057115,4.555159213536166,0.18012195652330626,-0.7026458880089186,0.019456589091542475,4.332369931910272
Dianchi,PLSR,10,full_minus_repr1,-0.18491511054333465,5.818837042183796,0.16836512947124732,-0.5927098328675104,-0.172735322951516,5.238194128268191
Dianchi,PLSR,10,intercept_only,0.0,0.0,0.2786469382014958,-1.6661141130685788,0.0,3.996802888650562e-17
Dianchi,PLSR,10,repr_only,-0.2645124736502559,4.089582672248637,0.2043492224693857,-0.8743274661532899,-0.2706806613117413,3.8486687729177094
Dianchi,PLSR,10,source_only,0.0,0.0,0.27086730031903805,-1.521503158241854,0.0,0.0
Dianchi,XGBoost,5,affine_only,0.0,0.9788167512660542,0.20223058338682876,-0.8869092912069134,0.0,1.0137928958943128
Dianchi,XGBoost,5,full,-0.09759954057548034,1.1078492933364696,0.2043294284915556,-0.930019462222733,-0.17294455143199441,-5.063367349068967
Dianchi,XGBoost,5,full_minus_affine,-0.09932414902067105,0.7666554364582354,0.2176525765532279,-1.0499712245456085,-0.17589016698457446,-5.826866691310147
Dianchi,XGBoost,5,full_minus_repr0,0.0,0.9788167512660542,0.20223058338682876,-0.8869092912069134,0.0,1.0137928958943128
Dianchi,XGBoost,5,intercept_only,0.0,4.280517451604737e-08,0.2344807114097871,-1.1917076209244915,0.0,4.717369558093765e-08
Dianchi,XGBoost,5,repr_only,-0.09932414902067105,0.7666554364582354,0.2176525765532279,-1.0499712245456085,-0.17589016698457446,-5.826866691310147
Dianchi,XGBoost,5,source_only,0.0,0.0,0.3086206422448814,-1.8478208732051176,0.0,0.0
Dianchi,XGBoost,10,affine_only,0.0,1.7236064023569475,0.16806333887746705,-0.5850502144314855,0.0,1.7435260583457903
Dianchi,XGBoost,10,full,0.19378142372512094,1.332624964148094,0.16687301511968894,-0.6110127744512854,0.1266059813076839,0.30931233513656375
Dianchi,XGBoost,10,full_minus_affine,0.1355751303153089,0.5963425807164213,0.1947162395622469,-0.8533901451449308,0.08374492706346738,-0.7484797695175213
Dianchi,XGBoost,10,full_minus_repr0,0.36448734317668713,1.9525841424287789,0.15182850310467805,-0.45329044504189464,0.3277952419161147,1.8664854774938127
Dianchi,XGBoost,10,full_minus_repr1,-0.10251175695144249,1.6127376216016065,0.18052948871234448,-0.7442944285231055,-0.16450815399663274,0.8493462496634442
Dianchi,XGBoost,10,intercept_only,0.0,5.129275049142734e-08,0.22768009535734415,-1.1972325977359546,0.0,2.8378676413254317e-08
Dianchi,XGBoost,10,repr_only,0.1355751303153089,0.5963425807164213,0.1947162395622469,-0.8533901451449308,0.08374492706346738,-0.7484797695175213
Dianchi,XGBoost,10,source_only,0.0,0.0,0.3080033469721825,-1.9373076243689065,0.0,0.0
Eagle Creek Reservoir,MLP,5,affine_only,0.0,0.01103432825536615,0.117415081766342,0.2527383776421954,0.0,0.009443407657934465
Eagle Creek Reservoir,MLP,5,full,-0.03227659135708285,-0.1082977501303883,0.13259142464281445,0.17911292123925684,-0.06889143353694294,-0.3413128961755405
Eagle Creek Reservoir,MLP,5,full_minus_affine,-0.0304482074754202,-0.10934412116111736,0.1339212182075338,0.17308245393325117,-0.06898385831357032,-0.3424954064063266
Eagle Creek Reservoir,MLP,5,full_minus_repr0,0.0,0.01103432825536615,0.117415081766342,0.2527383776421954,0.0,0.009443407657934465
Eagle Creek Reservoir,MLP,5,intercept_only,0.0,0.0,0.1178080532099443,0.24955261123548683,0.0,4.440892098500626e-18
Eagle Creek Reservoir,MLP,5,repr_only,-0.0304482074754202,-0.10934412116111736,0.1339212182075338,0.17308245393325117,-0.06898385831357032,-0.3424954064063266
Eagle Creek Reservoir,MLP,5,source_only,0.0,0.0,0.11069980054945835,0.28708808784710244,0.0,0.0
Eagle Creek Reservoir,MLP,10,affine_only,0.0,0.02753368744479655,0.11203449637308899,0.2811149006389348,0.0,0.022239933868789735
Eagle Creek Reservoir,MLP,10,full,0.017991665804702798,-0.06870579562405929,0.12276879028540635,0.1944463436030875,-0.013369831138913631,-0.11777656837139285
Eagle Creek Reservoir,MLP,10,full_minus_affine,0.0061179109432605,-0.1314315523782588,0.1285104313393266,0.16447252127392953,-0.028724713272114136,-0.1792203953509821
Eagle Creek Reservoir,MLP,10,full_minus_repr0,0.0449933904272468,0.0099107100780698,0.1136980801142896,0.26791626441420874,0.001055149271517339,-0.029276995175219058
Eagle Creek Reservoir,MLP,10,full_minus_repr1,-0.023298288822449997,-0.02467458212159495,0.1198021491068385,0.22860941302054985,-0.032205654149860534,-0.07526988862026544
Eagle Creek Reservoir,MLP,10,intercept_only,0.0,0.0,0.11442928018338536,0.25900706679900926,0.0,6.661338147750938e-18
Eagle Creek Reservoir,MLP,10,repr_only,0.0061179109432605,-0.1314315523782588,0.1285104313393266,0.16447252127392953,-0.028724713272114136,-0.1792203953509821
Eagle Creek Reservoir,MLP,10,source_only,0.0,0.0,0.11085833026155634,0.2866373211268377,0.0,0.0
Eagle Creek Reservoir,PLSR,5,affine_only,0.0,0.07219745846611264,0.1617553688756882,-0.023982075784441947,0.0,0.06984353187208588
Eagle Creek Reservoir,PLSR,5,full,0.0620694642938947,0.34460119064106,0.14150278846471304,0.11619345826313726,0.026721185349029154,0.15327631186297044
Eagle Creek Reservoir,PLSR,5,full_minus_affine,0.061668541846156694,0.3377980340675431,0.1408800627922816,0.11302458010239341,0.02585750276704092,0.153922024332111
Eagle Creek Reservoir,PLSR,5,full_minus_repr0,0.0,0.07219745846611264,0.1617553688756882,-0.023982075784441947,0.0,0.06984353187208588
Eagle Creek Reservoir,PLSR,5,intercept_only,0.0,0.0,0.1635410387188013,-0.053816228004734054,0.0,-6.661338147750939e-18
Eagle Creek Reservoir,PLSR,5,repr_only,0.061668541846156694,0.3377980340675431,0.1408800627922816,0.11302458010239341,0.02585750276704092,0.153922024332111
Eagle Creek Reservoir,PLSR,5,source_only,0.0,0.0,0.1696515657795316,-0.08924525415304405,0.0,0.0
Eagle Creek Reservoir,PLSR,10,affine_only,0.0,0.1743825831589797,0.15253109376127166,0.0215352036779191,0.0,0.14810476797037475
Eagle Creek Reservoir,PLSR,10,full,0.16837595076739575,0.48957566620271387,0.12348302060996745,0.1902308662712947,0.0996394665630852,0.39428809631965933
Eagle Creek Reservoir,PLSR,10,full_minus_affine,0.161630549112319,0.4606750632697654,0.12631510541567345,0.1784799522447422,0.08852688262237893,0.358705059826053
Eagle Creek Reservoir,PLSR,10,full_minus_repr0,0.046587981690928953,0.1246474150134627,0.15579677843692363,0.00601345313032425,-0.046192166237432296,0.041718881905908514
Eagle Creek Reservoir,PLSR,10,full_minus_repr1,0.0769961628107267,0.4181117160880502,0.1304146083207152,0.17381163164154556,0.05831393807313246,0.3873055191253123
Eagle Creek Reservoir,PLSR,10,intercept_only,0.0,0.0,0.1607254747460518,-0.0401949125978998,0.0,4.440892098500626e-18
Eagle Creek Reservoir,PLSR,10,repr_only,0.161630549112319,0.4606750632697654,0.12631510541567345,0.1784799522447422,0.08852688262237893,0.358705059826053
Eagle Creek Reservoir,PLSR,10,source_only,0.0,0.0,0.1700913246857575,-0.09209323525041925,0.0,0.0
Eagle Creek Reservoir,XGBoost,5,affine_only,0.0,0.0027814152610832,0.1497256811604266,0.0337503026017416,0.0,0.0019793462940205144
Eagle Creek Reservoir,XGBoost,5,full,-0.0285581833278672,-0.07152223579342054,0.16320382961648922,-0.0460479078045938,-0.08042207434629128,-0.4224679098239193
Eagle Creek Reservoir,XGBoost,5,full_minus_affine,-0.029607331292141097,-0.0755844544908485,0.16321768657922592,-0.048403768301296404,-0.08022042833311857,-0.4210183275244106
Eagle Creek Reservoir,XGBoost,5,full_minus_repr0,0.0,0.0027814152610832,0.1497256811604266,0.0337503026017416,0.0,0.0019793462940205144
Eagle Creek Reservoir,XGBoost,5,intercept_only,0.0,0.0,0.149641813192394,0.03171735996406205,0.0,-9.167134226162332e-09
Eagle Creek Reservoir,XGBoost,5,repr_only,-0.029607331292141097,-0.0755844544908485,0.16321768657922592,-0.048403768301296404,-0.08022042833311857,-0.4210183275244106
Eagle Creek Reservoir,XGBoost,5,source_only,0.0,0.0,0.14498372823333974,0.0636163645124452,0.0,0.0
Eagle Creek Reservoir,XGBoost,10,affine_only,0.0,0.01175816822825045,0.14858930340913135,0.045074868014158206,0.0,0.008641101871910596
Eagle Creek Reservoir,XGBoost,10,full,0.2582394116878131,0.26141549746645515,0.13299644407244648,0.14575093461025715,0.22689659804482445,0.21652352076084128
Eagle Creek Reservoir,XGBoost,10,full_minus_affine,0.24601626654727898,0.2369957925588762,0.13663737184516828,0.11965621257437185,0.21352016328229836,0.17918400423241337
Eagle Creek Reservoir,XGBoost,10,full_minus_repr0,0.2586793463510588,0.2610950691645887,0.1305569978617743,0.147602753341776,0.22698780879862376,0.2264481520899656
Eagle Creek Reservoir,XGBoost,10,full_minus_repr1,-0.0361446406668518,-0.0199567499240275,0.15444569231699906,0.006721272171399201,-0.0732067886626082,-0.07162204929902831
Eagle Creek Reservoir,XGBoost,10,intercept_only,0.0,0.0,0.14970954988386626,0.0348124414876739,0.0,1.2373428613932094e-08
Eagle Creek Reservoir,XGBoost,10,repr_only,0.24601626654727898,0.2369957925588762,0.13663737184516828,0.11965621257437185,0.21352016328229836,0.17918400423241337
Eagle Creek Reservoir,XGBoost,10,source_only,0.0,0.0,0.14512317955151333,0.0576714899618264,0.0,0.0
Erhai,MLP,5,affine_only,0.0,0.07834336857011509,0.1417919081615842,0.0035450695391626,0.0,0.07250037438723422
Erhai,MLP,5,full,0.045462878857393696,0.38169488229430537,0.12382750396913411,0.12943592056623845,-0.14691203156941016,-0.49710399165923086
Erhai,MLP,5,full_minus_affine,0.0432616002317782,0.3809675726522173,0.12405482279582555,0.12865025264380606,-0.14767273161970898,-0.5029817090475578
Erhai,MLP,5,full_minus_repr0,0.0,0.07834336857011509,0.1417919081615842,0.0035450695391626,0.0,0.07250037438723422
Erhai,MLP,5,intercept_only,0.0,0.0,0.14777402345419816,-0.05618240466255675,0.0,6.661338147750939e-18
Erhai,MLP,5,repr_only,0.0432616002317782,0.3809675726522173,0.12405482279582555,0.12865025264380606,-0.14767273161970898,-0.5029817090475578
Erhai,MLP,5,source_only,0.0,0.0,0.14725474138042816,-0.028582209705073552,0.0,0.0
Erhai,MLP,10,affine_only,0.0,0.13489750921963845,0.13259358134375335,0.061044529409277695,0.0,0.14597584159180957
Erhai,MLP,10,full,0.1699106881253028,0.5652427134805533,0.0995039557592757,0.29205341294056975,0.10963329718318747,0.43094060897900754
Erhai,MLP,10,full_minus_affine,0.1700503759699226,0.5666297285903009,0.09965549591152675,0.29071253124805074,0.10999049409857559,0.43298200840978446
Erhai,MLP,10,full_minus_repr0,0.180874715824419,0.5920452581274844,0.0970694436563047,0.3170538489270889,0.13032413120558115,0.5406993992098696
Erhai,MLP,10,full_minus_repr1,0.100282344300021,0.43782531303132277,0.10755505186731025,0.23023973348977925,0.032241641687210165,0.3222110254189679
Erhai,MLP,10,intercept_only,0.0,0.0,0.14584669923052657,-0.045515013668888604,0.0,1.8873791418627663e-17
Erhai,MLP,10,repr_only,0.1700503759699226,0.5666297285903009,0.09965549591152675,0.29071253124805074,0.10999049409857559,0.43298200840978446
Erhai,MLP,10,source_only,0.0,0.0,0.14870928930344363,-0.06310634254698565,0.0,0.0
Erhai,PLSR,5,affine_only,0.0,-2.875910886712685e-06,0.0993004286160092,0.2940756647884867,0.0,-0.0005624228367704258
Erhai,PLSR,5,full,-0.01475559171327435,-0.011126622685061049,0.11233778437627745,0.24344863028756494,-0.19213052842541042,-0.8874525397341503
Erhai,PLSR,5,full_minus_affine,-0.01475559171327435,-0.0141400581923691,0.1123815187983905,0.2438108309907869,-0.19317537516423475,-0.8907538815048487
Erhai,PLSR,5,full_minus_repr0,0.0,-2.875910886712685e-06,0.0993004286160092,0.2940756647884867,0.0,-0.0005624228367704258
Erhai,PLSR,5,intercept_only,0.0,0.0,0.09911821856714606,0.2942656401789006,0.0,-3.3306690738754687e-18
Erhai,PLSR,5,repr_only,-0.01475559171327435,-0.0141400581923691,0.1123815187983905,0.2438108309907869,-0.19317537516423475,-0.8907538815048487
Erhai,PLSR,5,source_only,0.0,0.0,0.09454822150476686,0.351613293615866,0.0,0.0
Erhai,PLSR,10,affine_only,0.0,0.00026250359738879997,0.10073942108281375,0.2788217050351923,0.0,-0.000998211979989033
Erhai,PLSR,10,full,0.01419518768385875,0.07337776867099549,0.10300221896438765,0.25427698087104283,-0.048005082820971795,-0.06715048647863567
Erhai,PLSR,10,full_minus_affine,0.0143467643467643,0.07328682103961626,0.10293649165882865,0.25483005804705733,-0.04791959735359633,-0.06692032881655545
Erhai,PLSR,10,full_minus_repr0,0.0048844708794358,0.0758912387891041,0.10032235091920244,0.2859296387363865,-0.06951491770331501,-0.026746637350207325
Erhai,PLSR,10,full_minus_repr1,-0.002289540387778,0.0247819852542942,0.1041597864842981,0.2659948233053281,-0.06548377879446156,-0.10403284464725879
Erhai,PLSR,10,intercept_only,0.0,0.0,0.10069524431012575,0.27891874599274746,0.0,3.3306690738754687e-18
Erhai,PLSR,10,repr_only,0.0143467643467643,0.07328682103961626,0.10293649165882865,0.25483005804705733,-0.04791959735359633,-0.06692032881655545
Erhai,PLSR,10,source_only,0.0,0.0,0.10033251357976025,0.30687322064747935,0.0,0.0
Erhai,XGBoost,5,affine_only,0.0,0.00366498865838425,0.1124262903211738,0.20064377239051495,0.0,0.004478827277658553
Erhai,XGBoost,5,full,-0.0438090002756448,-0.0676190254185723,0.12845741870904054,0.10751075229124245,-0.24610273753543674,-1.1947767380104122
Erhai,XGBoost,5,full_minus_affine,-0.0438090002756448,-0.06771607434608234,0.12844661737016483,0.10717407240503715,-0.24555830306118354,-1.1928224651027342
Erhai,XGBoost,5,full_minus_repr0,0.0,0.00366498865838425,0.1124262903211738,0.20064377239051495,0.0,0.004478827277658553
Erhai,XGBoost,5,intercept_only,0.0,0.0,0.11267534908360385,0.20015919996780462,0.0,-1.7536288976494064e-09
Erhai,XGBoost,5,repr_only,-0.0438090002756448,-0.06771607434608234,0.12844661737016483,0.10717407240503715,-0.24555830306118354,-1.1928224651027342
Erhai,XGBoost,5,source_only,0.0,0.0,0.12713418206938226,0.1124178782418275,0.0,0.0
Erhai,XGBoost,10,affine_only,0.0,0.008219328306218649,0.1119374857421232,0.19088506635225724,0.0,0.00797508383329483
Erhai,XGBoost,10,full,0.06731796750694424,0.07791701793747224,0.12097146459792775,0.1656477804621107,0.025728771273306115,-0.14536793269304277
Erhai,XGBoost,10,full_minus_affine,0.06640748481595296,0.07587124457226035,0.12116147512410766,0.16409128227917147,0.025035730508645843,-0.14822947920861948
Erhai,XGBoost,10,full_minus_repr0,0.0209133281168037,0.07181541088959059,0.11809498508296626,0.1680172830177657,-0.028982913558510844,-0.06834926011885334
Erhai,XGBoost,10,full_minus_repr1,-0.0102282155552849,0.018194206223406402,0.11884436758723646,0.1579615152841653,-0.09373402048339564,-0.16625809636281158
Erhai,XGBoost,10,intercept_only,0.0,0.0,0.1120722959284941,0.185720145990231,0.0,6.607257252433384e-10
Erhai,XGBoost,10,repr_only,0.06640748481595296,0.07587124457226035,0.12116147512410766,0.16409128227917147,0.025035730508645843,-0.14822947920861948
Erhai,XGBoost,10,source_only,0.0,0.0,0.1298117741279458,0.06864008399920365,0.0,0.0
Garda,MLP,5,affine_only,0.0,-0.0007785575472121,0.2537492576668968,0.09954403463904005,0.0,-0.004280756592557113
Garda,MLP,5,full,-0.016772846323016552,-0.14841258900460608,0.283507994504661,0.0272612549086137,-0.1434361306852049,-1.7910019310956864
Garda,MLP,5,full_minus_affine,-0.0166811872930622,-0.1388488851045765,0.2824407612140927,0.027770038356439597,-0.14398058371671324,-1.7947466639105152
Garda,MLP,5,full_minus_repr0,0.0,-0.0007785575472121,0.2537492576668968,0.09954403463904005,0.0,-0.004280756592557113
Garda,MLP,5,intercept_only,0.0,0.0,0.255597775919919,0.1039741521532561,0.0,3.3306690738754703e-18
Garda,MLP,5,repr_only,-0.0166811872930622,-0.1388488851045765,0.2824407612140927,0.027770038356439597,-0.14398058371671324,-1.7947466639105152
Garda,MLP,5,source_only,0.0,0.0,0.45473317247045764,-0.5814622156810914,0.0,0.0
Garda,MLP,10,affine_only,0.0,-0.0021887184309293,0.25235888644731574,0.09000192103353295,0.0,-0.008261072173813869
Garda,MLP,10,full,-0.07311264395650285,-0.14671495261495826,0.28912715875025846,-0.0261085771957837,-0.20567871577787356,-0.49862328283449286
Garda,MLP,10,full_minus_affine,-0.07449244476958895,-0.14542773048080088,0.29009273454374507,-0.030800106664983798,-0.20406668656006668,-0.5117547193460684
Garda,MLP,10,full_minus_repr0,-0.03037932645061605,-0.06207011031083785,0.2652603907797413,0.045351702753305245,-0.1285677636040735,-0.22856336668680638
Garda,MLP,10,full_minus_repr1,-0.01801251738281035,-0.0713449293341764,0.2642156047127707,0.0622550413237591,-0.08978805349117952,-0.14736759951824496
Garda,MLP,10,intercept_only,0.0,0.0,0.24911911758469196,0.09186521514566355,0.0,-2.465190328815662e-34
Garda,MLP,10,repr_only,-0.07449244476958895,-0.14542773048080088,0.29009273454374507,-0.030800106664983798,-0.20406668656006668,-0.5117547193460684
Garda,MLP,10,source_only,0.0,0.0,0.4553913018940487,-0.6430558944995746,0.0,0.0
Garda,PLSR,5,affine_only,0.0,0.00307232252042615,0.2953518070275114,-0.03445475742752695,0.0,0.0026882714264425257
Garda,PLSR,5,full,0.5108157739359996,0.08531097841653665,0.31424396179887804,-0.06353002233926469,0.41166696705065975,-2.0671033648814867
Garda,PLSR,5,full_minus_affine,0.5056597886164222,0.08434398411174135,0.313678147780747,-0.06691565586986895,0.4077093428608042,-2.0758027693303687
Garda,PLSR,5,full_minus_repr0,0.0,0.00307232252042615,0.2953518070275114,-0.03445475742752695,0.0,0.0026882714264425257
Garda,PLSR,5,intercept_only,0.0,0.0,0.2955583286180513,-0.03497383338533775,0.0,2.4424906541753444e-17
Garda,PLSR,5,repr_only,0.5056597886164222,0.08434398411174135,0.313678147780747,-0.06691565586986895,0.4077093428608042,-2.0758027693303687
Garda,PLSR,5,source_only,0.0,0.0,0.5719789541523801,-0.9951865801895357,0.0,0.0
Garda,PLSR,10,affine_only,0.0,0.00879430747290515,0.29283387314569226,-0.0533123855014634,0.0,0.007427609625250416
Garda,PLSR,10,full,0.41325087636037205,0.02880486057033585,0.29207399128390443,-0.08036354295319845,0.3633781583111737,-0.3390731275832053
Garda,PLSR,10,full_minus_affine,0.4078767722850057,0.0173446547222102,0.2924042657684355,-0.08381287774636255,0.35351378306840686,-0.35745005812029484
Garda,PLSR,10,full_minus_repr0,0.459201603719516,0.1407078419299556,0.280845076044402,0.006037968867052599,0.4066155464453612,0.0017149001337088215
Garda,PLSR,10,full_minus_repr1,0.47153106945340306,0.1333183670565932,0.2805256827538798,-0.0138001555707762,0.4301618274105086,-0.0009833181924855062
Garda,PLSR,10,intercept_only,0.0,0.0,0.2943546663577279,-0.056879401209899746,0.0,1.1102230246251566e-18
Garda,PLSR,10,repr_only,0.4078767722850057,0.0173446547222102,0.2924042657684355,-0.08381287774636255,0.35351378306840686,-0.35745005812029484
Garda,PLSR,10,source_only,0.0,0.0,0.5659650908997185,-1.056611731999515,0.0,0.0
Garda,XGBoost,5,affine_only,0.0,0.15301196588234733,0.28576068511342834,0.02833146151334205,0.0,0.1247781973744031
Garda,XGBoost,5,full,-0.009898267969444999,-0.0956013325255382,0.3226581036494709,-0.14996225926718976,-0.11649312776257212,-2.6170420012657076
Garda,XGBoost,5,full_minus_affine,-0.0319874387262319,-0.25230234659586753,0.34205769461322655,-0.2398688143110861,-0.13687624574314083,-3.3989892938753785
Garda,XGBoost,5,full_minus_repr0,0.0,0.15301196588234733,0.28576068511342834,0.02833146151334205,0.0,0.1247781973744031
Garda,XGBoost,5,intercept_only,0.0,-1.2924755710130853e-09,0.2978788109267021,-0.03640863408398095,0.0,-1.3741337234751683e-09
Garda,XGBoost,5,repr_only,-0.0319874387262319,-0.25230234659586753,0.34205769461322655,-0.2398688143110861,-0.13687624574314083,-3.3989892938753785
Garda,XGBoost,5,source_only,0.0,0.0,0.5909437344516105,-1.0685884479912093,0.0,0.0
Garda,XGBoost,10,affine_only,0.0,0.20324988222338358,0.26378841843898493,0.07137128803770865,0.0,0.20761563248724824
Garda,XGBoost,10,full,-0.043660674226954396,-0.0283172354222056,0.2865570561832762,-0.0693544084806256,-0.10165076190961286,-0.6470514630274063
Garda,XGBoost,10,full_minus_affine,-0.09555835403328025,-0.3363901456255628,0.32721830166341487,-0.1989202995280999,-0.13305728232202158,-1.2616138657110163
Garda,XGBoost,10,full_minus_repr0,0.005953592679264499,0.14751891128979938,0.2754045346096581,-0.0264207975107918,-0.06567006127216135,-0.22190207275288976
Garda,XGBoost,10,full_minus_repr1,0.0,0.11309843601058894,0.2769746751927371,-0.04504818854722955,-0.056003353331699056,-0.07401873800053116
Garda,XGBoost,10,intercept_only,0.0,-1.8292657943952406e-09,0.28920569422082815,-0.054705810515466705,0.0,-2.518744373070092e-09
Garda,XGBoost,10,repr_only,-0.09555835403328025,-0.3363901456255628,0.32721830166341487,-0.1989202995280999,-0.13305728232202158,-1.2616138657110163
Garda,XGBoost,10,source_only,0.0,0.0,0.5855910787847975,-1.1543737364324853,0.0,0.0
Geist Reservoir,MLP,5,affine_only,0.0,0.0091459984440824,0.12475491258365085,-0.2140166481202258,0.0,0.0006555234935983905
Geist Reservoir,MLP,5,full,0.0008148299796056999,-0.07979149276744404,0.1357883664384142,-0.29894955026594483,-0.02005543015994383,-0.5248544644661167
Geist Reservoir,MLP,5,full_minus_affine,0.0011316575701196,-0.10149767797048165,0.13756717588394363,-0.3140744018228522,-0.019827276382171643,-0.5440231065694177
Geist Reservoir,MLP,5,full_minus_repr0,0.0,0.0091459984440824,0.12475491258365085,-0.2140166481202258,0.0,0.0006555234935983905
Geist Reservoir,MLP,5,intercept_only,0.0,0.0,0.12533126637178785,-0.22900848442247967,0.0,5.88418203051333e-17
Geist Reservoir,MLP,5,repr_only,0.0011316575701196,-0.10149767797048165,0.13756717588394363,-0.3140744018228522,-0.019827276382171643,-0.5440231065694177
Geist Reservoir,MLP,5,source_only,0.0,0.0,0.12528139507738614,-0.21695756689511758,0.0,0.0
Geist Reservoir,MLP,10,affine_only,0.0,0.01765180298213535,0.12272300092101554,-0.22917245737546066,0.0,-0.006083920983560635
Geist Reservoir,MLP,10,full,0.2026003494348707,-0.0234044727206423,0.12610843103935454,-0.2595968532364527,0.1735354101582436,-0.14223224639868362
Geist Reservoir,MLP,10,full_minus_affine,0.19269180772345829,-0.06373592883667405,0.13048524276196685,-0.2859808565821782,0.16436095616406365,-0.2024756403017463
Geist Reservoir,MLP,10,full_minus_repr0,0.21074711621215492,0.1001400287821697,0.12171670423277656,-0.19688640948858585,0.18161379530488234,-0.0949027321832144
Geist Reservoir,MLP,10,full_minus_repr1,6.169793270375e-05,-0.025907197843668447,0.1311235382602688,-0.297623387582927,-0.005541893782209824,-0.24980813429401014
Geist Reservoir,MLP,10,intercept_only,0.0,0.0,0.1248351729162227,-0.256927848853854,0.0,1.3322676295501878e-17
Geist Reservoir,MLP,10,repr_only,0.19269180772345829,-0.06373592883667405,0.13048524276196685,-0.2859808565821782,0.16436095616406365,-0.2024756403017463
Geist Reservoir,MLP,10,source_only,0.0,0.0,0.1241043490371016,-0.22559823848443755,0.0,0.0
Geist Reservoir,PLSR,5,affine_only,0.0,0.02351511992367595,0.12006693450126629,-0.17007881469041097,0.0,0.012574680867371804
Geist Reservoir,PLSR,5,full,-0.0378430557516327,-0.033408330770848704,0.1208787272909832,-0.1519155565228844,-0.06521910294637696,-0.29690137747744777
Geist Reservoir,PLSR,5,full_minus_affine,-0.040808021836838695,-0.039911277061836906,0.1214071072509494,-0.15657184529044754,-0.06426578268043838,-0.30270458430518776
Geist Reservoir,PLSR,5,full_minus_repr0,0.0,0.02351511992367595,0.12006693450126629,-0.17007881469041097,0.0,0.012574680867371804
Geist Reservoir,PLSR,5,intercept_only,0.0,0.0,0.1230887803146315,-0.1962933885500601,0.0,-2.4424906541753444e-17
Geist Reservoir,PLSR,5,repr_only,-0.040808021836838695,-0.039911277061836906,0.1214071072509494,-0.15657184529044754,-0.06426578268043838,-0.30270458430518776
Geist Reservoir,PLSR,5,source_only,0.0,0.0,0.1371042584720693,-0.3300024504239468,0.0,0.0
Geist Reservoir,PLSR,10,affine_only,0.0,0.04089266660129865,0.11848523995112335,-0.1653386695045336,0.0,0.019218549158976042
Geist Reservoir,PLSR,10,full,0.11884294808395596,-0.0589605471122137,0.11549586082330054,-0.1401022611586391,0.07184145412202268,-0.14822310560471716
Geist Reservoir,PLSR,10,full_minus_affine,0.11445737155921365,-0.08495714176086724,0.1177193253739877,-0.17448869023751715,0.0623684687131215,-0.18523555466996555
Geist Reservoir,PLSR,10,full_minus_repr0,0.16883118240691614,0.0598041291965517,0.1107874331327198,-0.07716847573103924,0.13411730981261993,-0.010811583067474824
Geist Reservoir,PLSR,10,full_minus_repr1,-0.01415882265888385,0.0032239297425528993,0.1185971120068221,-0.18032546095992785,-0.04054794196946083,-0.11810791560815666
Geist Reservoir,PLSR,10,intercept_only,0.0,0.0,0.12193649517582869,-0.2198861404604578,0.0,-6.661338147750938e-18
Geist Reservoir,PLSR,10,repr_only,0.11445737155921365,-0.08495714176086724,0.1177193253739877,-0.17448869023751715,0.0623684687131215,-0.18523555466996555
Geist Reservoir,PLSR,10,source_only,0.0,0.0,0.1364390290278103,-0.36352333359959776,0.0,0.0
Geist Reservoir,XGBoost,5,affine_only,0.0,0.016920592420614798,0.13892015517623305,-0.33982691264143267,2.3378259099773e-05,0.009569996612193665
Geist Reservoir,XGBoost,5,full,-0.04001539349681765,-0.22347509506012725,0.15535393798492464,-0.5099871624162464,-0.09189637222336419,-0.6535755334296525
Geist Reservoir,XGBoost,5,full_minus_affine,-0.0411248678759156,-0.2515059096296097,0.15809656241707595,-0.5434255289006509,-0.09234362053393223,-0.676594547311271
Geist Reservoir,XGBoost,5,full_minus_repr0,0.0,0.016920592420614798,0.13892015517623305,-0.33982691264143267,2.3378259099773e-05,0.009569996612193665
Geist Reservoir,XGBoost,5,intercept_only,0.0,0.0,0.14052218880638534,-0.3630790547460703,1.1587648676029999e-05,-8.329680212249012e-10
Geist Reservoir,XGBoost,5,repr_only,-0.0411248678759156,-0.2515059096296097,0.15809656241707595,-0.5434255289006509,-0.09234362053393223,-0.676594547311271
Geist Reservoir,XGBoost,5,source_only,0.0,0.0,0.13955305446681196,-0.36947108000727935,0.0,0.0
Geist Reservoir,XGBoost,10,affine_only,0.0,0.040075401696870155,0.1323164345504528,-0.30517390588873883,0.000113986141967986,0.020985829051665614
Geist Reservoir,XGBoost,10,full,0.13321818753193398,-0.036526117297595403,0.14363348593800868,-0.3934717351878292,0.07733413359988622,-0.2213425876424275
Geist Reservoir,XGBoost,10,full_minus_affine,0.11244291468747455,-0.13565440440174142,0.1498792588902763,-0.4487405463005837,0.06321897398882205,-0.31498397766219827
Geist Reservoir,XGBoost,10,full_minus_repr0,0.1599259718421657,0.1448702302222588,0.1307609150949063,-0.2806158947674447,0.1395225847131703,-0.07926933667680974
Geist Reservoir,XGBoost,10,full_minus_repr1,-0.00984126015547805,-0.07742530176373136,0.1415041842281358,-0.3650920910560961,-0.04839421833233695,-0.3685232798930061
Geist Reservoir,XGBoost,10,intercept_only,0.0,-2.6195584590382737e-09,0.13804303752514985,-0.3598336976056208,1.4564719910484e-05,-1.4934024159529713e-08
Geist Reservoir,XGBoost,10,repr_only,0.11244291468747455,-0.13565440440174142,0.1498792588902763,-0.4487405463005837,0.06321897398882205,-0.31498397766219827
Geist Reservoir,XGBoost,10,source_only,0.0,0.0,0.137093012389632,-0.35995597426862147,0.0,0.0
High Rock Lake,MLP,5,affine_only,0.0,0.07652687232056454,0.2096445154146312,0.10664100662250281,0.0,0.06436170500667289
High Rock Lake,MLP,5,full,-0.017988508416703,0.0379656100210637,0.21519728601061405,0.08574392472718664,-0.14146664849918675,-2.091304583488147
High Rock Lake,MLP,5,full_minus_affine,-0.01842289156344335,0.036627308875883155,0.2158335237964074,0.0838711287283106,-0.1438082151132083,-2.109960458664321
High Rock Lake,MLP,5,full_minus_repr0,0.0,0.07652687232056454,0.2096445154146312,0.10664100662250281,0.0,0.06436170500667289
High Rock Lake,MLP,5,intercept_only,0.0,0.0,0.22417778941171929,0.028159607569338198,0.0,6.661338147750939e-18
High Rock Lake,MLP,5,repr_only,-0.01842289156344335,0.036627308875883155,0.2158335237964074,0.0838711287283106,-0.1438082151132083,-2.109960458664321
High Rock Lake,MLP,5,source_only,0.0,0.0,0.21818374164138954,0.0503230476044126,0.0,0.0
High Rock Lake,MLP,10,affine_only,0.0,0.11081771425249409,0.19334363001437155,0.16010937491866684,0.0,0.09860121727498532
High Rock Lake,MLP,10,full,-0.042476803917515946,-0.1391341323122977,0.2198406076765187,0.02939693857893725,-0.1347976706390396,-0.8395611219819535
High Rock Lake,MLP,10,full_minus_affine,-0.04482256514738585,-0.12510380176969904,0.2209677335572896,0.03294691486087395,-0.13748559401044658,-0.8567114060236396
High Rock Lake,MLP,10,full_minus_repr0,-0.02075576675952805,-0.03140919889773055,0.2195097694092025,0.0450059534313693,-0.13247414803843097,-0.4823544223240337
High Rock Lake,MLP,10,full_minus_repr1,-0.01672764125305025,0.0876093282217833,0.19823752043938545,0.13975073554100315,-0.050679986895915505,0.0027206694930516696
High Rock Lake,MLP,10,intercept_only,0.0,0.0,0.2208070089400812,0.03701360365487265,0.0,1.7763568394002502e-17
High Rock Lake,MLP,10,repr_only,-0.04482256514738585,-0.12510380176969904,0.2209677335572896,0.03294691486087395,-0.13748559401044658,-0.8567114060236396
High Rock Lake,MLP,10,source_only,0.0,0.0,0.21802289439005057,0.056903467910735,0.0,0.0
High Rock Lake,PLSR,5,affine_only,0.0,1.0392629926747667,0.26610000540968765,-0.0798402511982404,0.0,0.8379747060783113
High Rock Lake,PLSR,5,full,0.01191715287606515,1.3495177906296179,0.19768128330671486,0.1727396482493191,-0.07014213346769532,-0.2762875713926864
High Rock Lake,PLSR,5,full_minus_affine,0.01182186316118,1.3489674118755,0.19731875915086824,0.17309682014862027,-0.07071286621817716,-0.2759355032904245
High Rock Lake,PLSR,5,full_minus_repr0,0.0,1.0392629926747667,0.26610000540968765,-0.0798402511982404,0.0,0.8379747060783113
High Rock Lake,PLSR,5,intercept_only,0.0,0.0,0.35946453769841535,-0.5460797256767767,0.0,5.10702591327572e-17
High Rock Lake,PLSR,5,repr_only,0.01182186316118,1.3489674118755,0.19731875915086824,0.17309682014862027,-0.07071286621817716,-0.2759355032904245
High Rock Lake,PLSR,5,source_only,0.0,0.0,0.351576744135989,-0.529155680309612,0.0,0.0
High Rock Lake,PLSR,10,affine_only,0.0,1.2734028982106134,0.2128628056713177,0.0807768271646323,0.0,1.205140429092716
High Rock Lake,PLSR,10,full,-0.0045356113847042,1.1923855160977845,0.20951158981687895,0.08623782897375229,-0.08463765877539568,0.42129984334615117
High Rock Lake,PLSR,10,full_minus_affine,-0.0049547446564107995,1.191967036295372,0.20950184944339978,0.0852486905593216,-0.08468628609806884,0.4223486497308975
High Rock Lake,PLSR,10,full_minus_repr0,-0.05295916174344155,1.1582056293114276,0.2209053231502951,0.048919737692177195,-0.13937838143595013,0.7543337913600808
High Rock Lake,PLSR,10,full_minus_repr1,0.01404536530275035,1.3912126223552397,0.17773173822824934,0.22242179735941203,-0.0010488504802861564,1.366321961163303
High Rock Lake,PLSR,10,intercept_only,0.0,0.0,0.34797577487368025,-0.5160259951173016,0.0,4.662936703425657e-17
High Rock Lake,PLSR,10,repr_only,-0.0049547446564107995,1.191967036295372,0.20950184944339978,0.0852486905593216,-0.08468628609806884,0.4223486497308975
High Rock Lake,PLSR,10,source_only,0.0,0.0,0.35159113621092,-0.5304471422766502,0.0,0.0
High Rock Lake,XGBoost,5,affine_only,0.0,0.07849764855097305,0.2070548151643408,0.13229654949477326,0.0,0.07147356278087517
High Rock Lake,XGBoost,5,full,-0.00056776978124975,0.12870272404580105,0.19284389295792745,0.17830960307131605,-0.08636891238729434,-1.9793322453044147
High Rock Lake,XGBoost,5,full_minus_affine,-0.0008111016371697001,0.1282981689380559,0.19271964133829214,0.18119946209751187,-0.08627100596726821,-1.9832357418810802
High Rock Lake,XGBoost,5,full_minus_repr0,0.0,0.07849764855097305,0.2070548151643408,0.13229654949477326,0.0,0.07147356278087517
High Rock Lake,XGBoost,5,intercept_only,0.0,0.0,0.22260019236381165,0.03325751359503065,0.0,-6.934290042170944e-10
High Rock Lake,XGBoost,5,repr_only,-0.0008111016371697001,0.1282981689380559,0.19271964133829214,0.18119946209751187,-0.08627100596726821,-1.9832357418810802
High Rock Lake,XGBoost,5,source_only,0.0,0.0,0.259352672883485,-0.1343580843470124,0.0,0.0
High Rock Lake,XGBoost,10,affine_only,0.0,0.13975644035342985,0.18827850554842274,0.17614011878999059,0.0,0.12339017833374394
High Rock Lake,XGBoost,10,full,-0.0101661486608394,-0.0414191709246827,0.2000028932049718,0.131990700684745,-0.07584061473785957,-0.6687355642199466
High Rock Lake,XGBoost,10,full_minus_affine,-0.0105996886106182,-0.045070533496083795,0.20061586627757916,0.12954347940795385,-0.0759013044375265,-0.6680846768704823
High Rock Lake,XGBoost,10,full_minus_repr0,-0.0102145319521497,0.05175789125583265,0.20604541764070394,0.1206588852687341,-0.08525747740222117,-0.30941205697647306
High Rock Lake,XGBoost,10,full_minus_repr1,0.00099614189340365,0.1624063587696457,0.1792196162197917,0.2199191157262217,-0.010740021845370757,0.11127669251124596
High Rock Lake,XGBoost,10,intercept_only,0.0,0.0,0.2191287136953976,0.0501081401258459,0.0,4.991388677932918e-09
High Rock Lake,XGBoost,10,repr_only,-0.0105996886106182,-0.045070533496083795,0.20061586627757916,0.12954347940795385,-0.0759013044375265,-0.6680846768704823
High Rock Lake,XGBoost,10,source_only,0.0,0.0,0.25983910741672667,-0.13036559980974374,0.0,0.0
Ibitinga Reservoir,MLP,5,affine_only,0.0,0.0125810137423267,0.21009762574601995,0.43803980384312463,0.0,0.006108351728408838
Ibitinga Reservoir,MLP,5,full,-0.0239683723650239,0.011596673132049401,0.21478866518186485,0.4351382283207383,-0.15252832336732988,-0.26631857040256274
Ibitinga Reservoir,MLP,5,full_minus_affine,-0.0249629293968265,0.01571247636050325,0.21505988944710952,0.43653169696017047,-0.1487021604368498,-0.2598703419398704
Ibitinga Reservoir,MLP,5,full_minus_repr0,0.0,0.0125810137423267,0.21009762574601995,0.43803980384312463,0.0,0.006108351728408838
Ibitinga Reservoir,MLP,5,intercept_only,0.0,0.0,0.21094633848707411,0.43844384756523436,0.0,-1.1102230246251558e-18
Ibitinga Reservoir,MLP,5,repr_only,-0.0249629293968265,0.01571247636050325,0.21505988944710952,0.43653169696017047,-0.1487021604368498,-0.2598703419398704
Ibitinga Reservoir,MLP,5,source_only,0.0,0.0,0.3066878780168225,0.16233242682256255,0.0,0.0
Ibitinga Reservoir,MLP,10,affine_only,0.0,0.0240735006259155,0.19264084373927745,0.4541027654118504,0.0,0.013820353778816317
Ibitinga Reservoir,MLP,10,full,0.02426432951129525,-0.022837677199387202,0.2051428424406969,0.42068504599790546,0.02094948014806701,-0.08984244166614808
Ibitinga Reservoir,MLP,10,full_minus_affine,0.02065049320110245,-0.0205523874405433,0.20355489905278862,0.422203446700459,0.019121393520954235,-0.08052191365852812
Ibitinga Reservoir,MLP,10,full_minus_repr0,0.03097575219825345,0.0273869964747009,0.192348864663141,0.4728381628977903,0.034169323214183665,-0.0357454787504156
Ibitinga Reservoir,MLP,10,full_minus_repr1,-0.01858064763709045,0.0358475251048569,0.1868125028716929,0.4775486969843715,-0.01869054648698593,0.014536417690561751
Ibitinga Reservoir,MLP,10,intercept_only,0.0,0.0,0.2010501816318592,0.4215103383813352,0.0,5.5511151231257815e-18
Ibitinga Reservoir,MLP,10,repr_only,0.02065049320110245,-0.0205523874405433,0.20355489905278862,0.422203446700459,0.019121393520954235,-0.08052191365852812
Ibitinga Reservoir,MLP,10,source_only,0.0,0.0,0.30500231021828733,0.12338507884486781,0.0,0.0
Ibitinga Reservoir,PLSR,5,affine_only,0.0,0.024851434487919898,0.254283801716608,0.3201343202387844,0.0,0.026437866306645616
Ibitinga Reservoir,PLSR,5,full,-0.0682070987985735,0.03224469172924955,0.25955621667294304,0.3023436429108909,-0.18691253268082428,-0.34521454472896584
Ibitinga Reservoir,PLSR,5,full_minus_affine,-0.068462687553673,0.0316007234045655,0.2592854619554096,0.30220724849858227,-0.18818302483999844,-0.3463458757056613
Ibitinga Reservoir,PLSR,5,full_minus_repr0,0.0,0.024851434487919898,0.254283801716608,0.3201343202387844,0.0,0.026437866306645616
Ibitinga Reservoir,PLSR,5,intercept_only,0.0,0.0,0.25908906421376365,0.30241706943979085,0.0,-9.992007221626407e-18
Ibitinga Reservoir,PLSR,5,repr_only,-0.068462687553673,0.0316007234045655,0.2592854619554096,0.30220724849858227,-0.18818302483999844,-0.3463458757056613
Ibitinga Reservoir,PLSR,5,source_only,0.0,0.0,0.2537472610618581,0.3025597128934723,0.0,0.0
Ibitinga Reservoir,PLSR,10,affine_only,0.0,0.061200906358607546,0.2308122832822752,0.33907206550204216,0.0,0.058760727643071414
Ibitinga Reservoir,PLSR,10,full,0.1275498875474094,-0.2423892784531411,0.2666005383798564,0.26566203541742106,0.08660656571460285,-0.4814014027813751
Ibitinga Reservoir,PLSR,10,full_minus_affine,0.1275498875474094,-0.24323047314964194,0.26651806608918593,0.2656086706007649,0.08603874100231841,-0.48112194759441596
Ibitinga Reservoir,PLSR,10,full_minus_repr0,0.18688543827516857,-0.09849264229157155,0.24649573339191477,0.29996471764567556,0.19403765697613018,-0.35047720604996835
Ibitinga Reservoir,PLSR,10,full_minus_repr1,-0.0665978405735555,0.07934065184318526,0.23288716179430008,0.3388881512444693,-0.0680318492846179,0.026510749403385856
Ibitinga Reservoir,PLSR,10,intercept_only,0.0,0.0,0.2462504861633685,0.2903055978826472,0.0,-7.771561172376093e-18
Ibitinga Reservoir,PLSR,10,repr_only,0.1275498875474094,-0.24323047314964194,0.26651806608918593,0.2656086706007649,0.08603874100231841,-0.48112194759441596
Ibitinga Reservoir,PLSR,10,source_only,0.0,0.0,0.2452154758858813,0.26419761806209974,0.0,0.0
Ibitinga Reservoir,XGBoost,5,affine_only,0.0,0.027659317733029203,0.23503560001537765,0.36794053261209575,0.0,0.028347668569287734
Ibitinga Reservoir,XGBoost,5,full,-0.0835393082784891,0.0594336688871893,0.2246482420353905,0.39396014921202954,-0.18408277380408772,-0.22094258613360307
Ibitinga Reservoir,XGBoost,5,full_minus_affine,-0.082293439105217,0.06086659072458285,0.22464898961363305,0.39426723081878956,-0.186999055317101,-0.21964461354149992
Ibitinga Reservoir,XGBoost,5,full_minus_repr0,0.0,0.027659317733029203,0.23503560001537765,0.36794053261209575,0.0,0.028347668569287734
Ibitinga Reservoir,XGBoost,5,intercept_only,0.0,0.0,0.23939317135162394,0.3536389190622785,0.0,5.960829208007117e-10
Ibitinga Reservoir,XGBoost,5,repr_only,-0.082293439105217,0.06086659072458285,0.22464898961363305,0.39426723081878956,-0.186999055317101,-0.21964461354149992
Ibitinga Reservoir,XGBoost,5,source_only,0.0,0.0,0.3542781409970587,0.042932546560357596,0.0,0.0
Ibitinga Reservoir,XGBoost,10,affine_only,0.0,0.06245322895717485,0.20885163969896642,0.39959870519026996,0.0,0.058589940777010616
Ibitinga Reservoir,XGBoost,10,full,0.07900868557773574,0.09425267250851274,0.189863286194292,0.45862611928985025,0.08172117882410058,0.045747129982706684
Ibitinga Reservoir,XGBoost,10,full_minus_affine,0.07587084462245575,0.0896585090504317,0.19098147269789434,0.4526963802482997,0.07794113540527878,0.040028743532711936
Ibitinga Reservoir,XGBoost,10,full_minus_repr0,0.0707279392137761,0.11762979245090069,0.17709175618909415,0.4872656993526233,0.07726027930962895,0.08850502565607128
Ibitinga Reservoir,XGBoost,10,full_minus_repr1,-0.06398348813209484,0.09152037629077289,0.2017663959196562,0.4288991712410989,-0.07621935153194237,0.06965370378181475
Ibitinga Reservoir,XGBoost,10,intercept_only,0.0,5.5511151231257815e-17,0.23332598270831725,0.3368072626131696,0.0,6.425753046324089e-09
Ibitinga Reservoir,XGBoost,10,repr_only,0.07587084462245575,0.0896585090504317,0.19098147269789434,0.4526963802482997,0.07794113540527878,0.040028743532711936
Ibitinga Reservoir,XGBoost,10,source_only,0.0,0.0,0.3499590479830075,-0.0357887865715411,0.0,0.0
Lake Chotkowskie,MLP,5,affine_only,0.0,0.01808551794207445,0.143185587044621,0.5286265883281274,0.0,0.01758751853310188
Lake Chotkowskie,MLP,5,full,-0.0036764705882352,0.032238338619301546,0.14846371697996086,0.5157733605004814,-0.007475490196078417,-0.04232035831697803
Lake Chotkowskie,MLP,5,full_minus_affine,-0.0049019607843135,0.0278592747819699,0.1485293879567678,0.513824280370573,-0.007205882352941161,-0.04528568742380818
Lake Chotkowskie,MLP,5,full_minus_repr0,0.0,0.01808551794207445,0.143185587044621,0.5286265883281274,0.0,0.01758751853310188
Lake Chotkowskie,MLP,5,intercept_only,0.0,0.0,0.14817639712146624,0.5133107417548253,0.0,5.5511151231257815e-18
Lake Chotkowskie,MLP,5,repr_only,-0.0049019607843135,0.0278592747819699,0.1485293879567678,0.513824280370573,-0.007205882352941161,-0.04528568742380818
Lake Chotkowskie,MLP,5,source_only,0.0,0.0,0.2217493804300407,0.2641519884194496,0.0,0.0
Lake Chotkowskie,MLP,10,affine_only,0.0,0.034530677654472056,0.12418003944301155,0.5703226684992573,0.0,0.03271223880864996
Lake Chotkowskie,MLP,10,full,0.0,0.041433208289953,0.1279990256412252,0.5731876665743993,-0.0030069930069929907,0.0015945132807256813
Lake Chotkowskie,MLP,10,full_minus_affine,0.0,0.0400289439562123,0.12811194935445036,0.5712567085996629,-0.002167832167832159,-0.00028372682792694585
Lake Chotkowskie,MLP,10,full_minus_repr0,0.0,0.06387062383090805,0.11229065696415386,0.6109764336909127,-0.001748251748251742,0.05703178014760943
Lake Chotkowskie,MLP,10,full_minus_repr1,-0.0069930069930068,0.0306590329168008,0.13565453495659213,0.5399569658590957,-0.002167832167832166,-0.023706580399582067
Lake Chotkowskie,MLP,10,intercept_only,0.0,0.0,0.13732739569437397,0.5316192733454443,0.0,-4.440892098500626e-18
Lake Chotkowskie,MLP,10,repr_only,0.0,0.0400289439562123,0.12811194935445036,0.5712567085996629,-0.002167832167832159,-0.00028372682792694585
Lake Chotkowskie,MLP,10,source_only,0.0,0.0,0.21105933756716255,0.2572566426984014,0.0,0.0
Lake Chotkowskie,PLSR,5,affine_only,0.0,0.0080742437061995,0.2386965775380874,0.18896486837149273,0.0,0.009107161504569332
Lake Chotkowskie,PLSR,5,full,-0.06127450980392145,0.20709716720288415,0.19513312564228424,0.3470963438992965,-0.0629411764705882,0.10315283755050939
Lake Chotkowskie,PLSR,5,full_minus_affine,-0.0624999999999999,0.20698227082824422,0.195197146107359,0.3472665855916024,-0.06362745098039212,0.10325709744028966
Lake Chotkowskie,PLSR,5,full_minus_repr0,0.0,0.0080742437061995,0.2386965775380874,0.18896486837149273,0.0,0.009107161504569332
Lake Chotkowskie,PLSR,5,intercept_only,0.0,0.0,0.23965520090067896,0.18512362763536017,0.0,1.1102230246251564e-18
Lake Chotkowskie,PLSR,5,repr_only,-0.0624999999999999,0.20698227082824422,0.195197146107359,0.3472665855916024,-0.06362745098039212,0.10325709744028966
Lake Chotkowskie,PLSR,5,source_only,0.0,0.0,0.2259238939319817,0.22412427975521199,0.0,0.0
Lake Chotkowskie,PLSR,10,affine_only,0.0,0.020997617349250347,0.2260927952372283,0.21633557423606048,0.0,0.020579887678442238
Lake Chotkowskie,PLSR,10,full,0.0209790209790209,0.32791768380276864,0.1621776712144963,0.45348434346618693,0.02377622377622375,0.26015931530423597
Lake Chotkowskie,PLSR,10,full_minus_affine,0.0209790209790209,0.32793543483591403,0.16216697504150715,0.45365863819487134,0.024195804195804173,0.2603952130967419
Lake Chotkowskie,PLSR,10,full_minus_repr0,0.0419580419580419,0.39007136018156763,0.1442867561623784,0.503865064615475,0.046853146853146815,0.3934392256556057
Lake Chotkowskie,PLSR,10,full_minus_repr1,-0.0419580419580419,0.18508965536840954,0.19254045214437449,0.3425638287837631,-0.04475524475524475,0.054651681282376366
Lake Chotkowskie,PLSR,10,intercept_only,0.0,0.0,0.23056916763032137,0.20161283941584215,0.0,1.2212453270876722e-17
Lake Chotkowskie,PLSR,10,repr_only,0.0209790209790209,0.32793543483591403,0.16216697504150715,0.45365863819487134,0.024195804195804173,0.2603952130967419
Lake Chotkowskie,PLSR,10,source_only,0.0,0.0,0.2174077727431222,0.23053674482111744,0.0,0.0
Lake Chotkowskie,XGBoost,5,affine_only,0.0,0.01090490574791305,0.11613272544384354,0.6121486814159269,0.0,0.008867559051680705
Lake Chotkowskie,XGBoost,5,full,0.0,-0.00841818177745135,0.1303578513244299,0.5857427806157649,-0.0023774509803921404,-0.049087045669411536
Lake Chotkowskie,XGBoost,5,full_minus_affine,0.0,-0.00817117301135355,0.1307578436555076,0.5856820547790175,-0.0022303921568627328,-0.052233384031018106
Lake Chotkowskie,XGBoost,5,full_minus_repr0,0.0,0.01090490574791305,0.11613272544384354,0.6121486814159269,0.0,0.008867559051680705
Lake Chotkowskie,XGBoost,5,intercept_only,0.0,0.0,0.12021226780616426,0.6013000855795041,0.0,3.963582995147873e-10
Lake Chotkowskie,XGBoost,5,repr_only,0.0,-0.00817117301135355,0.1307578436555076,0.5856820547790175,-0.0022303921568627328,-0.052233384031018106
Lake Chotkowskie,XGBoost,5,source_only,0.0,0.0,0.1502488351254272,0.49470945493732915,0.0,0.0
Lake Chotkowskie,XGBoost,10,affine_only,0.0,0.018632295639891702,0.1093011721295763,0.6245351429082237,0.0,0.016366106004616864
Lake Chotkowskie,XGBoost,10,full,-0.0069930069930068,0.02609645887576975,0.1106295436163999,0.6231022376292226,-0.005664335664335627,0.00556865129354863
Lake Chotkowskie,XGBoost,10,full_minus_affine,-0.0069930069930068,0.02476916782935565,0.1107812078909905,0.6239900622086088,-0.0056643356643356225,0.004091299031730062
Lake Chotkowskie,XGBoost,10,full_minus_repr0,-0.0069930069930068,0.03379866967003515,0.10402887374526024,0.6449528079620036,-0.004755244755244704,0.028671361611404947
Lake Chotkowskie,XGBoost,10,full_minus_repr1,0.0,0.01544217957362905,0.11771118999107605,0.6066103921822166,-0.00013986013986013785,-0.014549042923351059
Lake Chotkowskie,XGBoost,10,intercept_only,0.0,0.0,0.1145610166011874,0.604212959334088,0.0,-7.973492754942417e-11
Lake Chotkowskie,XGBoost,10,repr_only,-0.0069930069930068,0.02476916782935565,0.1107812078909905,0.6239900622086088,-0.0056643356643356225,0.004091299031730062
Lake Chotkowskie,XGBoost,10,source_only,0.0,0.0,0.14458109620926757,0.5019488063680029,0.0,0.0
Lake Erie,MLP,5,affine_only,0.0,0.01474834613381075,0.2110957278628183,0.3688189754899353,0.0,-0.0014840028122326916
Lake Erie,MLP,5,full,-0.0311072016658311,-0.08542221601479175,0.2381115951433333,0.30274012716558857,-0.0725762879468926,-1.1363761306036895
Lake Erie,MLP,5,full_minus_affine,-0.0334735563835752,-0.06258114667041155,0.2391569273402534,0.304711331682323,-0.07400544776643693,-1.0975535443078261
Lake Erie,MLP,5,full_minus_repr0,0.0,0.01474834613381075,0.2110957278628183,0.3688189754899353,0.0,-0.0014840028122326916
Lake Erie,MLP,5,intercept_only,0.0,0.0,0.2089231436483137,0.37194366573341753,0.0,-1.1102230246251564e-18
Lake Erie,MLP,5,repr_only,-0.0334735563835752,-0.06258114667041155,0.2391569273402534,0.304711331682323,-0.07400544776643693,-1.0975535443078261
Lake Erie,MLP,5,source_only,0.0,0.0,0.24581371209294078,0.2594295429636445,0.0,0.0
Lake Erie,MLP,10,affine_only,0.0,0.023238931944678,0.2078226906512023,0.36752985520193626,0.0,-0.010739935121736835
Lake Erie,MLP,10,full,0.029959984882303052,-0.43665093590880877,0.22160015690097826,0.3300237969652659,0.002298249035654808,-0.6050616150239212
Lake Erie,MLP,10,full_minus_affine,0.02726413926758505,-0.4283946169584647,0.2226848639617525,0.32878949797437973,0.0015210364833284896,-0.6037797178173828
Lake Erie,MLP,10,full_minus_repr0,0.0417318914636627,-0.2789885695477179,0.2080248241574547,0.36581059987743264,0.014543533096122906,-0.38529330134073697
Lake Erie,MLP,10,full_minus_repr1,-0.008722743131184249,-0.0077288797853547996,0.21189059736142524,0.34684517480196164,-0.03879053887750374,-0.09754699233333156
Lake Erie,MLP,10,intercept_only,0.0,0.0,0.20534278829963953,0.37117313947178754,0.0,1.221245327087672e-17
Lake Erie,MLP,10,repr_only,0.02726413926758505,-0.4283946169584647,0.2226848639617525,0.32878949797437973,0.0015210364833284896,-0.6037797178173828
Lake Erie,MLP,10,source_only,0.0,0.0,0.24596994666078043,0.24782502392171524,0.0,0.0
Lake Erie,PLSR,5,affine_only,0.0,0.40824342231253163,0.3280344950450155,0.0760562154700847,8.648011516343424e-08,0.2880050513175596
Lake Erie,PLSR,5,full,-0.029964738239491348,0.6390934442986983,0.3141672780551594,0.1227449722703373,-0.08371047211134508,-1.8446097767312515
Lake Erie,PLSR,5,full_minus_affine,-0.036015847671935,0.6575879536453529,0.312701997882746,0.12224316359285475,-0.09657522421893977,-1.8413395150877312
Lake Erie,PLSR,5,full_minus_repr0,0.0,0.40824342231253163,0.3280344950450155,0.0760562154700847,8.648011516343424e-08,0.2880050513175596
Lake Erie,PLSR,5,intercept_only,0.0,0.0,0.3499706361348389,-0.045187747729261,0.0,2.220446049250313e-18
Lake Erie,PLSR,5,repr_only,-0.036015847671935,0.6575879536453529,0.312701997882746,0.12224316359285475,-0.09657522421893977,-1.8413395150877312
Lake Erie,PLSR,5,source_only,0.0,0.0,0.3507975936128485,-0.0605911280585296,0.0,0.0
Lake Erie,PLSR,10,affine_only,0.0,0.7573784584505896,0.2897494753032719,0.1304024799650818,6.030656700239945e-08,0.49381996847383924
Lake Erie,PLSR,10,full,-0.03845852806130085,0.389197668870343,0.30355314508413456,0.07425269284142474,-0.07707485433887502,-0.5247433947266193
Lake Erie,PLSR,10,full_minus_affine,-0.046771847273497646,0.392775678273795,0.3068259626586055,0.06985907705361995,-0.08035942552691452,-0.5316304057212203
Lake Erie,PLSR,10,full_minus_repr0,0.0475979259115831,0.31048819060587285,0.3016856982612859,0.10088993539486685,-0.0037722446674548398,-0.08286183174788547
Lake Erie,PLSR,10,full_minus_repr1,-0.020473428142357898,0.7054808597209218,0.2782044976024512,0.15623868454196455,-0.054418107058520314,0.41951690153558013
Lake Erie,PLSR,10,intercept_only,0.0,0.0,0.3539632107037843,-0.0743229160749217,0.0,7.549516567451065e-17
Lake Erie,PLSR,10,repr_only,-0.046771847273497646,0.392775678273795,0.3068259626586055,0.06985907705361995,-0.08035942552691452,-0.5316304057212203
Lake Erie,PLSR,10,source_only,0.0,0.0,0.35054473284582804,-0.0710462317249752,0.0,0.0
Lake Erie,XGBoost,5,affine_only,0.0,-0.0030078547371972,0.20780046384555834,0.3775997441965162,0.0,-0.008450747153380617
Lake Erie,XGBoost,5,full,-0.01168920051641275,-0.04534448676686505,0.2350688359436055,0.3289160865783786,-0.06709030873542637,-1.2356555561582496
Lake Erie,XGBoost,5,full_minus_affine,-0.01353950921646155,-0.044631018321410795,0.23482947678598654,0.3333150656190482,-0.06695105336807959,-1.2412468798095546
Lake Erie,XGBoost,5,full_minus_repr0,0.0,-0.0030078547371972,0.20780046384555834,0.3775997441965162,0.0,-0.008450747153380617
Lake Erie,XGBoost,5,intercept_only,0.0,1.434795060539784e-10,0.2061482744355955,0.3801138315325972,0.0,4.554338217666043e-10
Lake Erie,XGBoost,5,repr_only,-0.01353950921646155,-0.044631018321410795,0.23482947678598654,0.3333150656190482,-0.06695105336807959,-1.2412468798095546
Lake Erie,XGBoost,5,source_only,0.0,0.0,0.25566652409308255,0.22758907406048473,0.0,0.0
Lake Erie,XGBoost,10,affine_only,0.0,-0.0030370957896574,0.20572595823462095,0.369113815079136,0.0,-0.0094231883075342
Lake Erie,XGBoost,10,full,0.0246256488474084,-0.18174267464167035,0.22785508763815615,0.3049524237526037,0.006719167689292997,-0.4685379980970055
Lake Erie,XGBoost,10,full_minus_affine,0.02693698421455935,-0.21583647875056114,0.22899316562099986,0.3071869870945594,0.005051590132568694,-0.46909836341277367
Lake Erie,XGBoost,10,full_minus_repr0,0.048092058740904206,-0.06966363525038816,0.2136435504756194,0.3603915195192527,0.027546922179270694,-0.2134008628374616
Lake Erie,XGBoost,10,full_minus_repr1,0.0188792159840623,0.004431530130698649,0.2091808519365147,0.3655641987089596,-0.0027390534031842572,-0.05369792172646298
Lake Erie,XGBoost,10,intercept_only,0.0,-2.1643320469166835e-10,0.2033089629397747,0.3758155357336197,0.0,-2.6389398777304507e-10
Lake Erie,XGBoost,10,repr_only,0.02693698421455935,-0.21583647875056114,0.22899316562099986,0.3071869870945594,0.005051590132568694,-0.46909836341277367
Lake Erie,XGBoost,10,source_only,0.0,0.0,0.2556026679369129,0.2156813375800778,0.0,0.0
Lake Geneva,MLP,5,affine_only,0.0,-0.0014959084145865,0.2014812276990393,0.27291800038098035,0.0,-0.005322084006033249
Lake Geneva,MLP,5,full,0.0,0.0091538369149342,0.20557412149790083,0.284587360629859,-0.018476693340257186,-0.1784945055940652
Lake Geneva,MLP,5,full_minus_affine,0.0035778232561757997,0.01749618049309735,0.20454025949996296,0.28988301995733584,-0.018922961358196395,-0.17739883758894873
Lake Geneva,MLP,5,full_minus_repr0,0.0,-0.0014959084145865,0.2014812276990393,0.27291800038098035,0.0,-0.005322084006033249
Lake Geneva,MLP,5,intercept_only,0.0,0.0,0.20007109118979344,0.28021473368444494,0.0,-1.479114197289397e-33
Lake Geneva,MLP,5,repr_only,0.0035778232561757997,0.01749618049309735,0.20454025949996296,0.28988301995733584,-0.018922961358196395,-0.17739883758894873
Lake Geneva,MLP,5,source_only,0.0,0.0,0.40271101121665887,-0.4954033131322562,0.0,0.0
Lake Geneva,MLP,10,affine_only,0.0,-0.00254181373601075,0.19777625965713996,0.22723319520145635,0.0,-0.007754155219438496
Lake Geneva,MLP,10,full,0.10621742575826,0.046798747724225,0.1953088675204539,0.25509808537141443,0.06038697976779093,-0.17492306739311708
Lake Geneva,MLP,10,full_minus_affine,0.10303030303030294,0.06109909650126065,0.1961386175224833,0.2530850831527319,0.05650576804206838,-0.17910511193662668
Lake Geneva,MLP,10,full_minus_repr0,0.14545454545454545,0.1140134100923443,0.1745886054958642,0.3027035074279998,0.15130406521630227,0.010341785662792697
Lake Geneva,MLP,10,full_minus_repr1,0.0395138603392041,0.043544849776135805,0.1991401218649987,0.25241146548283977,-0.024382504170742218,-0.15229774368415075
Lake Geneva,MLP,10,intercept_only,0.0,0.0,0.19300539394848346,0.23264002456567134,0.0,7.771561172376097e-18
Lake Geneva,MLP,10,repr_only,0.10303030303030294,0.06109909650126065,0.1961386175224833,0.2530850831527319,0.05650576804206838,-0.17910511193662668
Lake Geneva,MLP,10,source_only,0.0,0.0,0.39000861993583913,-0.5328066531790754,0.0,0.0
Lake Geneva,PLSR,5,affine_only,0.0,0.0171312693506755,0.1946311885628452,0.274179964108759,0.0,0.0132117604744547
Lake Geneva,PLSR,5,full,-0.2528975893811627,-0.111241845122512,0.22189863152238531,0.20862379038778173,-0.23916967808363773,-0.21331423201031757
Lake Geneva,PLSR,5,full_minus_affine,-0.2530189382477722,-0.13686213350779758,0.2228333349299754,0.18637980420120098,-0.25642058196202877,-0.2354798876780961
Lake Geneva,PLSR,5,full_minus_repr0,0.0,0.0171312693506755,0.1946311885628452,0.274179964108759,0.0,0.0132117604744547
Lake Geneva,PLSR,5,intercept_only,0.0,0.0,0.19791309287463943,0.2560108384503817,0.0,2.2204460492503116e-18
Lake Geneva,PLSR,5,repr_only,-0.2530189382477722,-0.13686213350779758,0.2228333349299754,0.18637980420120098,-0.25642058196202877,-0.2354798876780961
Lake Geneva,PLSR,5,source_only,0.0,0.0,0.606173987487574,-1.1938467833932862,0.0,0.0
Lake Geneva,PLSR,10,affine_only,0.0,0.026342096667072303,0.1852271713565686,0.27744940906785376,0.0,0.019692872536157906
Lake Geneva,PLSR,10,full,-0.0182002675580127,-0.14069579990700926,0.18674626148691034,0.25997143571147335,-0.04936189087678989,-0.23239957060124372
Lake Geneva,PLSR,10,full_minus_affine,-0.02424242424242415,-0.13915411622749235,0.18685391951391261,0.2600201677298527,-0.04984673936163838,-0.23107384585420485
Lake Geneva,PLSR,10,full_minus_repr0,0.0,-0.07924394156319539,0.19362417423170056,0.27692557900980697,-0.01357002640272355,-0.2504761786209711
Lake Geneva,PLSR,10,full_minus_repr1,-0.0243162217472025,-0.0359355984958737,0.20671213791648557,0.2175845452044391,-0.10272159608108763,-0.12744727509740494
Lake Geneva,PLSR,10,intercept_only,0.0,0.0,0.19084719564598907,0.2562969588113496,0.0,1.3322676295501875e-17
Lake Geneva,PLSR,10,repr_only,-0.02424242424242415,-0.13915411622749235,0.18685391951391261,0.2600201677298527,-0.04984673936163838,-0.23107384585420485
Lake Geneva,PLSR,10,source_only,0.0,0.0,0.585468144289635,-1.252928883512669,0.0,0.0
Lake Geneva,XGBoost,5,affine_only,0.0,0.03742437031227165,0.2635295626263747,0.0435280086918139,0.0,0.030306255079773647
Lake Geneva,XGBoost,5,full,0.1000894054715908,0.1983118640984454,0.22614307241899614,0.18277862319135485,0.09273374980050503,0.026866772719513293
Lake Geneva,XGBoost,5,full_minus_affine,0.1027256689537845,0.2036609753440115,0.2274390514228719,0.17953614993745987,0.0920177221995473,0.02757894741643124
Lake Geneva,XGBoost,5,full_minus_repr0,0.0,0.03742437031227165,0.2635295626263747,0.0435280086918139,0.0,0.030306255079773647
Lake Geneva,XGBoost,5,intercept_only,0.0,5.812867409638045e-10,0.26591205612001667,0.0263303008288579,0.0,-5.383009016313166e-10
Lake Geneva,XGBoost,5,repr_only,0.1027256689537845,0.2036609753440115,0.2274390514228719,0.17953614993745987,0.0920177221995473,0.02757894741643124
Lake Geneva,XGBoost,5,source_only,0.0,0.0,0.36437705520657665,-0.3178037114452881,0.0,0.0
Lake Geneva,XGBoost,10,affine_only,0.0,0.0657563899515595,0.2579936878595741,0.0259303232815607,0.0,0.06218229363328602
Lake Geneva,XGBoost,10,full,0.19786720403826724,0.1674359931765166,0.2079528376716499,0.21211219352032662,0.2168780442477031,0.09596991596062247
Lake Geneva,XGBoost,10,full_minus_affine,0.2033347177375136,0.16403462107793743,0.2125044724457028,0.20158073051844444,0.20826349692859294,0.07839146703262555
Lake Geneva,XGBoost,10,full_minus_repr0,0.2978737164032317,0.34416304103205764,0.18894579455827626,0.27082650259713825,0.3178902550207774,0.295887016246764
Lake Geneva,XGBoost,10,full_minus_repr1,0.057658779768633095,0.1850983870580893,0.21288888052163402,0.18388967622852584,0.04546785499707272,0.05787626973221092
Lake Geneva,XGBoost,10,intercept_only,0.0,2.046361247121098e-09,0.26315490433179567,-0.00312463518422885,0.0,1.986548544552491e-09
Lake Geneva,XGBoost,10,repr_only,0.2033347177375136,0.16403462107793743,0.2125044724457028,0.20158073051844444,0.20826349692859294,0.07839146703262555
Lake Geneva,XGBoost,10,source_only,0.0,0.0,0.3470467040184406,-0.34044599796142966,0.0,0.0
Lake Hume,MLP,5,affine_only,0.0,0.0047433841926761006,0.13233179721495375,0.47477786619596984,0.0,0.002703851645821893
Lake Hume,MLP,5,full,-0.0146710479899655,-0.1095140694104411,0.1614776659812172,0.371610285223297,-0.1232396667200249,-0.4621880667089091
Lake Hume,MLP,5,full_minus_affine,-0.0169633992383978,-0.10965547661323345,0.16168405910760542,0.37451585471397114,-0.12581152880690052,-0.467872800904458
Lake Hume,MLP,5,full_minus_repr0,0.0,0.0047433841926761006,0.13233179721495375,0.47477786619596984,0.0,0.002703851645821893
Lake Hume,MLP,5,intercept_only,0.0,0.0,0.1326953999119397,0.47003049533288466,0.0,-5.551115123125781e-18
Lake Hume,MLP,5,repr_only,-0.0169633992383978,-0.10965547661323345,0.16168405910760542,0.37451585471397114,-0.12581152880690052,-0.467872800904458
Lake Hume,MLP,5,source_only,0.0,0.0,0.1302566674814789,0.48199228378948555,0.0,0.0
Lake Hume,MLP,10,affine_only,0.0,0.0083611952294367,0.1277028309178882,0.4659237045841639,0.0,0.0054809096970637634
Lake Hume,MLP,10,full,0.021061707266543002,0.03683460850043545,0.123215911466,0.4664206545184566,0.002754359168467696,-0.021133781747244916
Lake Hume,MLP,10,full_minus_affine,0.02093853938779135,0.0345275485972729,0.123680510019169,0.46539606644859716,0.0025522749166572893,-0.02620613883968724
Lake Hume,MLP,10,full_minus_repr0,0.022419315782626202,0.0534734595026009,0.11690275083385429,0.4987481282910561,0.017853359198698796,0.03459224719737859
Lake Hume,MLP,10,full_minus_repr1,-0.01157708281062405,-0.01565017703605045,0.1358851867803726,0.4160009201351535,-0.02671642087745716,-0.10543662603612537
Lake Hume,MLP,10,intercept_only,0.0,0.0,0.13073224915099263,0.45812607965617774,0.0,1.1102230246251564e-18
Lake Hume,MLP,10,repr_only,0.02093853938779135,0.0345275485972729,0.123680510019169,0.46539606644859716,0.0025522749166572893,-0.02620613883968724
Lake Hume,MLP,10,source_only,0.0,0.0,0.13009467971617356,0.4545847862562842,0.0,0.0
Lake Hume,PLSR,5,affine_only,0.0,0.0052842442544532,0.1988883062043068,0.1850701327995118,0.0,0.01125305100532436
Lake Hume,PLSR,5,full,-0.11171391750692519,0.1212839927350653,0.1867495837236815,0.26603763277996484,-0.26982648585372787,-0.4555963478291322
Lake Hume,PLSR,5,full_minus_affine,-0.1132334976546002,0.12015619697146085,0.18679376624351615,0.26550065331915806,-0.2705309735432757,-0.45661944182728653
Lake Hume,PLSR,5,full_minus_repr0,0.0,0.0052842442544532,0.1988883062043068,0.1850701327995118,0.0,0.01125305100532436
Lake Hume,PLSR,5,intercept_only,0.0,0.0,0.2000726573640729,0.18247045002447815,0.0,-1.110223024625156e-18
Lake Hume,PLSR,5,repr_only,-0.1132334976546002,0.12015619697146085,0.18679376624351615,0.26550065331915806,-0.2705309735432757,-0.45661944182728653
Lake Hume,PLSR,5,source_only,0.0,0.0,0.2046162580338933,0.15084416627588448,0.0,0.0
Lake Hume,PLSR,10,affine_only,0.0,0.03120162575292915,0.18727756923105154,0.19269830053356868,0.0,0.028267881853018796
Lake Hume,PLSR,10,full,0.10187238545182334,0.1801900909898408,0.16468644168409424,0.30473418051602763,0.052347046740584526,-0.033268660132216674
Lake Hume,PLSR,10,full_minus_affine,0.10064055491431645,0.18019245626854685,0.1647039161503443,0.3046952207367824,0.05205386227082186,-0.03357161210752599
Lake Hume,PLSR,10,full_minus_repr0,0.05567531074554395,0.18488123075290364,0.17134781156682385,0.2695887429722219,0.021294550811602163,0.15947266772670932
Lake Hume,PLSR,10,full_minus_repr1,-0.12316788155514954,0.1877016423358593,0.1607487993425267,0.30516906884685074,-0.14127687956834234,0.12886144740233682
Lake Hume,PLSR,10,intercept_only,0.0,0.0,0.19144533361675198,0.17945119810779964,0.0,-4.930380657631324e-34
Lake Hume,PLSR,10,repr_only,0.10064055491431645,0.18019245626854685,0.1647039161503443,0.3046952207367824,0.05205386227082186,-0.03357161210752599
Lake Hume,PLSR,10,source_only,0.0,0.0,0.2040709219163811,0.10905378160925985,0.0,0.0
Lake Hume,XGBoost,5,affine_only,0.0,0.00018501973926742402,0.16303960614376595,0.35283144092894847,0.0,-0.005909457786841103
Lake Hume,XGBoost,5,full,-0.0556255396861687,-0.23242309996068275,0.19135607481623765,0.217481992600079,-0.2742283348599186,-1.3119688078915634
Lake Hume,XGBoost,5,full_minus_affine,-0.057917523051246755,-0.23244199936986348,0.19436361940207758,0.2126418819191973,-0.27434590892745914,-1.357103568322886
Lake Hume,XGBoost,5,full_minus_repr0,0.0,0.00018501973926742402,0.16303960614376595,0.35283144092894847,0.0,-0.005909457786841103
Lake Hume,XGBoost,5,intercept_only,0.0,5.5511151231257815e-17,0.16550081542379924,0.3455644081862121,0.0,-3.8739339403015536e-10
Lake Hume,XGBoost,5,repr_only,-0.057917523051246755,-0.23244199936986348,0.19436361940207758,0.2126418819191973,-0.27434590892745914,-1.357103568322886
Lake Hume,XGBoost,5,source_only,0.0,0.0,0.1455964679848874,0.4234619214909448,0.0,0.0
Lake Hume,XGBoost,10,affine_only,0.0,-0.006341275184060351,0.15844476605017435,0.3404803717377962,0.0,-0.013576599460904046
Lake Hume,XGBoost,10,full,0.0509947340779921,0.0884226811614241,0.14516883175679818,0.3689485899178766,-0.0002871011617413835,-0.050841449887037024
Lake Hume,XGBoost,10,full_minus_affine,0.04668061193720615,0.0796614915981535,0.1492861682749825,0.3691188233015002,-0.00941704525018303,-0.07469650157857805
Lake Hume,XGBoost,10,full_minus_repr0,0.06886359279785265,0.12630678883287985,0.13244833502115644,0.44179017884615995,0.06578614257712288,0.11026573603229543
Lake Hume,XGBoost,10,full_minus_repr1,-0.00960768636759385,-0.026572728098398453,0.17151067797480102,0.26996342029934556,-0.11107482694709558,-0.2635255625451165
Lake Hume,XGBoost,10,intercept_only,0.0,0.0,0.1567920625778203,0.3406031683664356,0.0,-1.181972020258825e-10
Lake Hume,XGBoost,10,repr_only,0.04668061193720615,0.0796614915981535,0.1492861682749825,0.3691188233015002,-0.00941704525018303,-0.07469650157857805
Lake Hume,XGBoost,10,source_only,0.0,0.0,0.14356301342873728,0.4015988094747831,0.0,0.0
Lake Jasień Południowy,MLP,5,affine_only,0.0,0.0040720001397828495,0.1210748925079089,0.3908885682995178,0.0,0.002851808287927156
Lake Jasień Południowy,MLP,5,full,-0.0453431372549019,-0.03960599816345105,0.12619533921299636,0.3655410140523472,-0.057818627450980375,-0.07208850752351086
Lake Jasień Południowy,MLP,5,full_minus_affine,-0.047794117647058806,-0.04071529595313505,0.12597962137495786,0.36357999895870075,-0.060392156862745086,-0.07477406777469504
Lake Jasień Południowy,MLP,5,full_minus_repr0,0.0,0.0040720001397828495,0.1210748925079089,0.3908885682995178,0.0,0.002851808287927156
Lake Jasień Południowy,MLP,5,intercept_only,0.0,0.0,0.12168921803742735,0.3901207919004392,0.0,-1.3322676295501876e-17
Lake Jasień Południowy,MLP,5,repr_only,-0.047794117647058806,-0.04071529595313505,0.12597962137495786,0.36357999895870075,-0.060392156862745086,-0.07477406777469504
Lake Jasień Południowy,MLP,5,source_only,0.0,0.0,0.12009872263064464,0.4165776161423802,0.0,0.0
Lake Jasień Południowy,MLP,10,affine_only,0.0,0.00593085201265445,0.11919432996993864,0.3949329192682324,0.0,0.004584390181988812
Lake Jasień Południowy,MLP,10,full,-0.01748251748251745,-0.0058468537610522,0.1235483315422306,0.36923160382215914,-0.06034965034965035,-0.06596016998152651
Lake Jasień Południowy,MLP,10,full_minus_affine,-0.01748251748251745,-0.00374790146254695,0.12375347833214485,0.3717315633664058,-0.06,-0.06485618501568184
Lake Jasień Południowy,MLP,10,full_minus_repr0,0.0,0.00061057298473645,0.12090553263195745,0.3877808375469955,-0.004475524475524466,-0.01026708686441138
Lake Jasień Południowy,MLP,10,full_minus_repr1,-0.02447552447552445,0.0016705047414725502,0.1250622393173397,0.36401229861214646,-0.06454545454545454,-0.07680169281716516
Lake Jasień Południowy,MLP,10,intercept_only,0.0,0.0,0.11980675876552115,0.3896964127085767,0.0,1.221245327087672e-17
Lake Jasień Południowy,MLP,10,repr_only,-0.01748251748251745,-0.00374790146254695,0.12375347833214485,0.3717315633664058,-0.06,-0.06485618501568184
Lake Jasień Południowy,MLP,10,source_only,0.0,0.0,0.11652473941862215,0.39679453757582067,0.0,0.0
Lake Jasień Południowy,PLSR,5,affine_only,0.0,0.0017172864881363,0.1780577038957665,0.1003584995754092,0.0,0.0016855676315618217
Lake Jasień Południowy,PLSR,5,full,-0.19607843137254904,-0.1444008278476285,0.19071457050557156,0.0552436528272207,-0.2696078431372549,-0.22684556170129777
Lake Jasień Południowy,PLSR,5,full_minus_affine,-0.1985294117647059,-0.1450375708350232,0.19087277448824255,0.05461780323249185,-0.2704166666666667,-0.22825677247024614
Lake Jasień Południowy,PLSR,5,full_minus_repr0,0.0,0.0017172864881363,0.1780577038957665,0.1003584995754092,0.0,0.0016855676315618217
Lake Jasień Południowy,PLSR,5,intercept_only,0.0,0.0,0.1781148550329812,0.09963400589135,0.0,1.1102230246251577e-18
Lake Jasień Południowy,PLSR,5,repr_only,-0.1985294117647059,-0.1450375708350232,0.19087277448824255,0.05461780323249185,-0.2704166666666667,-0.22825677247024614
Lake Jasień Południowy,PLSR,5,source_only,0.0,0.0,0.28399277950880614,-0.3911292160705288,0.0,0.0
Lake Jasień Południowy,PLSR,10,affine_only,0.0,0.0040861115416863,0.177083390706706,0.10496533701644405,0.0,0.003721935138481823
Lake Jasień Południowy,PLSR,10,full,0.12237762237762234,0.2923028547922216,0.1428435693330466,0.2890004805316594,0.10734265734265735,0.22580809437424837
Lake Jasień Południowy,PLSR,10,full_minus_affine,0.1258741258741259,0.2918380372169753,0.1429003621008294,0.28888486764937615,0.10650349650349651,0.22555772883173206
Lake Jasień Południowy,PLSR,10,full_minus_repr0,0.1258741258741259,0.2060226413801276,0.14713524419829493,0.2661425039454658,0.16769230769230767,0.21177473282276987
Lake Jasień Południowy,PLSR,10,full_minus_repr1,-0.0979020979020979,-0.0609893388265081,0.1902036257414217,0.0743398822468916,-0.19566433566433566,-0.24316787395897765
Lake Jasień Południowy,PLSR,10,intercept_only,0.0,0.0,0.1777065252025422,0.1031881197593125,0.0,2.2204460492503124e-18
Lake Jasień Południowy,PLSR,10,repr_only,0.1258741258741259,0.2918380372169753,0.1429003621008294,0.28888486764937615,0.10650349650349651,0.22555772883173206
Lake Jasień Południowy,PLSR,10,source_only,0.0,0.0,0.27956050651500164,-0.41128325547738753,0.0,0.0
Lake Jasień Południowy,XGBoost,5,affine_only,0.0,0.0027013742468589,0.12909372391897528,0.36210516390823755,0.0,0.00045038251095468
Lake Jasień Południowy,XGBoost,5,full,-0.00367647058823525,-0.06683936234185756,0.1371905616341733,0.33228825745697405,-0.04257352941176471,-0.09957621278294361
Lake Jasień Południowy,XGBoost,5,full_minus_affine,-0.0049019607843137,-0.0719048929526072,0.13787072885796248,0.32560772518542835,-0.04573529411764707,-0.1065801330701176
Lake Jasień Południowy,XGBoost,5,full_minus_repr0,0.0,0.0027013742468589,0.12909372391897528,0.36210516390823755,0.0,0.00045038251095468
Lake Jasień Południowy,XGBoost,5,intercept_only,0.0,0.0,0.12974792868336354,0.35809663572054135,0.0,-1.4991712982137515e-10
Lake Jasień Południowy,XGBoost,5,repr_only,-0.0049019607843137,-0.0719048929526072,0.13787072885796248,0.32560772518542835,-0.04573529411764707,-0.1065801330701176
Lake Jasień Południowy,XGBoost,5,source_only,0.0,0.0,0.1311071183171701,0.35601099237258005,0.0,0.0
Lake Jasień Południowy,XGBoost,10,affine_only,0.0,0.0023366440066848997,0.12419379397807755,0.37325361888738245,0.0,7.149446878402312e-05
Lake Jasień Południowy,XGBoost,10,full,0.02097902097902095,0.04650345631102525,0.1199148159746327,0.40067200910662315,0.023566433566433558,0.003736295203891865
Lake Jasień Południowy,XGBoost,10,full_minus_affine,0.02097902097902095,0.0459296702540895,0.1201276442403035,0.4003069267201218,0.02125874125874125,0.002848497244848881
Lake Jasień Południowy,XGBoost,10,full_minus_repr0,0.05594405594405595,0.09430594148725105,0.1125367718877116,0.4323621513807445,0.06139860139860139,0.08498896716685579
Lake Jasień Południowy,XGBoost,10,full_minus_repr1,0.0,-0.055868498689465654,0.13545798762884695,0.3326134502317634,-0.02216783216783217,-0.09547906446327582
Lake Jasień Południowy,XGBoost,10,intercept_only,0.0,0.0,0.1251796128823559,0.36667927520292887,0.0,-2.0761503016775155e-09
Lake Jasień Południowy,XGBoost,10,repr_only,0.02097902097902095,0.0459296702540895,0.1201276442403035,0.4003069267201218,0.02125874125874125,0.002848497244848881
Lake Jasień Południowy,XGBoost,10,source_only,0.0,0.0,0.12766795755118748,0.3522739075747215,0.0,0.0
Lake Jeleń,MLP,5,affine_only,0.0,0.00224794316890495,0.12144799456719466,0.19684162294276636,0.0,0.0018589621394997458
Lake Jeleń,MLP,5,full,-0.0754379663392368,0.11611762417796731,0.11058501583092105,0.26572561123814553,-0.11422610254356191,0.05250129210939115
Lake Jeleń,MLP,5,full_minus_affine,-0.07482333946202474,0.11611559672483726,0.11070712035403245,0.2654351832727313,-0.1146187031157361,0.05233013727000731
Lake Jeleń,MLP,5,full_minus_repr0,0.0,0.00224794316890495,0.12144799456719466,0.19684162294276636,0.0,0.0018589621394997458
Lake Jeleń,MLP,5,intercept_only,0.0,0.0,0.1214328448402492,0.19581649288413944,0.0,8.881784197001251e-18
Lake Jeleń,MLP,5,repr_only,-0.07482333946202474,0.11611559672483726,0.11070712035403245,0.2654351832727313,-0.1146187031157361,0.05233013727000731
Lake Jeleń,MLP,5,source_only,0.0,0.0,0.24082282322106574,-0.6523731271066713,0.0,0.0
Lake Jeleń,MLP,10,affine_only,0.0,0.0043582249872149495,0.11926364399129069,0.17085059675946263,0.0,0.004250283473717908
Lake Jeleń,MLP,10,full,-0.0769230769230769,0.12568797225043327,0.10410002619126045,0.2911489543818383,-0.0960254748224757,0.08008268661074462
Lake Jeleń,MLP,10,full_minus_affine,-0.07523917804930165,0.12547827946380463,0.10408100002043275,0.2908944854175221,-0.09413393078105839,0.07997484131625901
Lake Jeleń,MLP,10,full_minus_repr0,-0.07523917804930165,0.00920359271901525,0.11818531336709781,0.18584481795004898,-0.12682510919175266,-0.019881407766964225
Lake Jeleń,MLP,10,full_minus_repr1,-0.08924357857088036,0.12437397729419866,0.10340371114811545,0.2933178117190218,-0.09186304313215457,0.08746038796672247
Lake Jeleń,MLP,10,intercept_only,0.0,0.0,0.1195464831648541,0.16699584370390186,0.0,-2.2204460492503127e-18
Lake Jeleń,MLP,10,repr_only,-0.07523917804930165,0.12547827946380463,0.10408100002043275,0.2908944854175221,-0.09413393078105839,0.07997484131625901
Lake Jeleń,MLP,10,source_only,0.0,0.0,0.24527713482515628,-0.7116329831206243,0.0,0.0
Lake Jeleń,PLSR,5,affine_only,0.0,0.00045989009733275,0.13483591124756245,0.0910796609074832,0.0,0.00035913280843542035
Lake Jeleń,PLSR,5,full,0.10239119030600025,0.1278279736385543,0.1212925917938087,0.18364298747283003,-0.014029696196393993,0.04587130676822846
Lake Jeleń,PLSR,5,full_minus_affine,0.10239119030600025,0.12800992412019696,0.1212631859803866,0.18384738458511912,-0.013980646524391117,0.04595160594442107
Lake Jeleń,PLSR,5,full_minus_repr0,0.0,0.00045989009733275,0.13483591124756245,0.0910796609074832,0.0,0.00035913280843542035
Lake Jeleń,PLSR,5,intercept_only,0.0,0.0,0.13486888688315754,0.09050904377506114,0.0,-1.7763568394002505e-17
Lake Jeleń,PLSR,5,repr_only,0.10239119030600025,0.12800992412019696,0.1212631859803866,0.18384738458511912,-0.013980646524391117,0.04595160594442107
Lake Jeleń,PLSR,5,source_only,0.0,0.0,0.5077320315942646,-2.472132515509209,0.0,0.0
Lake Jeleń,PLSR,10,affine_only,0.0,0.0007031212828253501,0.13291374635513353,0.0631838396889924,0.0,0.0005244414510255411
Lake Jeleń,PLSR,10,full,0.11208423493413544,0.14634472382104705,0.1127729195519105,0.2290523089884434,0.12244596202000095,0.10408635937544015
Lake Jeleń,PLSR,10,full_minus_affine,0.11208423493413544,0.1463054865020472,0.11277652046257369,0.2290217611212786,0.12230585672633326,0.10410062334662255
Lake Jeleń,PLSR,10,full_minus_repr0,0.0,-0.0153384879725142,0.13287526298030725,0.07329233074806321,-0.005758716268921211,-0.06894226798611895
Lake Jeleń,PLSR,10,full_minus_repr1,0.09807370556736836,0.1331467938589477,0.1144063141865374,0.21418303692991358,0.10600699314684374,0.08183176082132654
Lake Jeleń,PLSR,10,intercept_only,0.0,0.0,0.13299671370406663,0.06261386513838715,0.0,-2.220446049250312e-18
Lake Jeleń,PLSR,10,repr_only,0.11208423493413544,0.1463054865020472,0.11277652046257369,0.2290217611212786,0.12230585672633326,0.10410062334662255
Lake Jeleń,PLSR,10,source_only,0.0,0.0,0.5148288650955416,-2.6100939941491363,0.0,0.0
Lake Jeleń,XGBoost,5,affine_only,0.0,0.015113139645596251,0.12085898372224574,0.19814599598931415,0.0,0.012049798675650213
Lake Jeleń,XGBoost,5,full,-0.02637210508171935,-0.0438278082282338,0.1282548417446145,0.14491994689477933,-0.05410021790912605,-0.1217908705352469
Lake Jeleń,XGBoost,5,full_minus_affine,-0.0233053710986577,-0.0538546318695892,0.12866701520576204,0.14200458797954796,-0.05434545165243894,-0.12752117079755163
Lake Jeleń,XGBoost,5,full_minus_repr0,0.0,0.015113139645596251,0.12085898372224574,0.19814599598931415,0.0,0.012049798675650213
Lake Jeleń,XGBoost,5,intercept_only,0.0,0.0,0.1219310663220027,0.18825347353519206,0.0,-1.4353619359752657e-09
Lake Jeleń,XGBoost,5,repr_only,-0.0233053710986577,-0.0538546318695892,0.12866701520576204,0.14200458797954796,-0.05434545165243894,-0.12752117079755163
Lake Jeleń,XGBoost,5,source_only,0.0,0.0,0.20668737082355584,-0.3810861058925139,0.0,0.0
Lake Jeleń,XGBoost,10,affine_only,0.0,0.027464189123817852,0.1168906880147204,0.1911354427484625,0.0,0.02519739842312371
Lake Jeleń,XGBoost,10,full,-0.02802105873353375,-0.032856485351886705,0.12489089875227141,0.15306087909391075,-0.05029397504637397,-0.07319557412625724
Lake Jeleń,XGBoost,10,full_minus_affine,-0.0314930468492844,-0.045406958009078804,0.1260410627414885,0.14210306855624588,-0.05074661732468781,-0.08623206781904584
Lake Jeleń,XGBoost,10,full_minus_repr0,-0.01401052936676685,-0.0057858878678384,0.12111665354268589,0.1717292953122129,-0.038433599066705924,-0.0305870100006599
Lake Jeleń,XGBoost,10,full_minus_repr1,0.0,0.0079587589483107,0.12312559073580015,0.16265196961126044,-0.02904948429612848,-0.036606498159240435
Lake Jeleń,XGBoost,10,intercept_only,0.0,0.0,0.11938769340728439,0.17082524564278945,0.0,1.2292390760837438e-09
Lake Jeleń,XGBoost,10,repr_only,-0.0314930468492844,-0.045406958009078804,0.1260410627414885,0.14210306855624588,-0.05074661732468781,-0.08623206781904584
Lake Jeleń,XGBoost,10,source_only,0.0,0.0,0.20644255005825665,-0.4025454574655989,0.0,0.0
Lake Kasumigaura,MLP,5,affine_only,0.0,0.0258241832517869,0.11640739750198881,0.16140396462813922,0.0,0.02778002041395428
Lake Kasumigaura,MLP,5,full,-0.0304907759606855,0.004945116887538551,0.12273948243873115,0.12980194278845092,-0.07528828673874297,-0.19045851923640314
Lake Kasumigaura,MLP,5,full_minus_affine,-0.0332517625674914,0.00490011595087075,0.12356937269247276,0.1285979182241967,-0.0760929084463366,-0.20409143205852426
Lake Kasumigaura,MLP,5,full_minus_repr0,0.0,0.0258241832517869,0.11640739750198881,0.16140396462813922,0.0,0.02778002041395428
Lake Kasumigaura,MLP,5,intercept_only,0.0,0.0,0.11781568684201671,0.14422476569980391,0.0,1.1102230246251552e-18
Lake Kasumigaura,MLP,5,repr_only,-0.0332517625674914,0.00490011595087075,0.12356937269247276,0.1285979182241967,-0.0760929084463366,-0.20409143205852426
Lake Kasumigaura,MLP,5,source_only,0.0,0.0,0.20494143155229075,-0.45640509131653473,0.0,0.0
Lake Kasumigaura,MLP,10,affine_only,0.0,0.05148546654480955,0.1154059191681093,0.17630824255464728,0.0,0.0451488555063685
Lake Kasumigaura,MLP,10,full,0.05750390648893805,0.034054308906056444,0.11756191627415691,0.1815983303663502,0.006429511346554585,-0.029930683089284343
Lake Kasumigaura,MLP,10,full_minus_affine,0.0514426894114977,0.011428357159778451,0.118118739814893,0.1604038691065339,-0.00047254461164555255,-0.04960835530741422
Lake Kasumigaura,MLP,10,full_minus_repr0,0.09013526123361135,0.103607924935433,0.11100725787064289,0.2156116824811032,0.06107332977742788,0.04757121981675613
Lake Kasumigaura,MLP,10,full_minus_repr1,-0.02104434955766945,0.04815715901497965,0.1182588759540969,0.14922342219998214,-0.05112587258171485,-0.016115621339881685
Lake Kasumigaura,MLP,10,intercept_only,0.0,0.0,0.11803435200747456,0.14506797023346596,0.0,1.110223024625156e-18
Lake Kasumigaura,MLP,10,repr_only,0.0514426894114977,0.011428357159778451,0.118118739814893,0.1604038691065339,-0.00047254461164555255,-0.04960835530741422
Lake Kasumigaura,MLP,10,source_only,0.0,0.0,0.2050697050000695,-0.49418100376613827,0.0,0.0
Lake Kasumigaura,PLSR,5,affine_only,0.0,0.1002959756603817,0.1525447027325474,-0.0870989298154973,0.0,0.09169140272078674
Lake Kasumigaura,PLSR,5,full,-0.039603505036943,-0.0064123458652327,0.1740181543340607,-0.18139733471952418,-0.08975858768871443,-0.3087414271617888
Lake Kasumigaura,PLSR,5,full_minus_affine,-0.041250335946866,-0.0614747300614434,0.17706263461602872,-0.208120003196135,-0.09455322501415417,-0.3689032144056908
Lake Kasumigaura,PLSR,5,full_minus_repr0,0.0,0.1002959756603817,0.1525447027325474,-0.0870989298154973,0.0,0.09169140272078674
Lake Kasumigaura,PLSR,5,intercept_only,0.0,0.0,0.15931371152866414,-0.1315494620894,0.0,1.1102230246251566e-17
Lake Kasumigaura,PLSR,5,repr_only,-0.041250335946866,-0.0614747300614434,0.17706263461602872,-0.208120003196135,-0.09455322501415417,-0.3689032144056908
Lake Kasumigaura,PLSR,5,source_only,0.0,0.0,0.3533848163236949,-1.5188230946346,0.0,0.0
Lake Kasumigaura,PLSR,10,affine_only,0.0,0.15024557421526208,0.14691783849647466,-0.0546530139426012,0.0,0.15273268916568242
Lake Kasumigaura,PLSR,10,full,0.0550051112149895,0.09875767865204366,0.15307633244472746,-0.08679567351882694,0.032677004060294355,-0.07981516897654456
Lake Kasumigaura,PLSR,10,full_minus_affine,0.03651748978375955,0.040614850540706,0.15814069611884518,-0.13074218845790964,0.011589134623488378,-0.20694153570746693
Lake Kasumigaura,PLSR,10,full_minus_repr0,0.1034911986832798,0.21870178522530345,0.14461205212082978,-0.0350716320368026,0.07116398208249276,0.16176404747056325
Lake Kasumigaura,PLSR,10,full_minus_repr1,-0.026253850524132302,0.09148982676934289,0.15324740652629354,-0.08757028207017839,-0.034959624724686146,-0.058431425095400974
Lake Kasumigaura,PLSR,10,intercept_only,0.0,0.0,0.15673629699889735,-0.15137045819865091,0.0,2.6645352591003756e-17
Lake Kasumigaura,PLSR,10,repr_only,0.03651748978375955,0.040614850540706,0.15814069611884518,-0.13074218845790964,0.011589134623488378,-0.20694153570746693
Lake Kasumigaura,PLSR,10,source_only,0.0,0.0,0.3532221314742173,-1.5713345784492343,0.0,0.0
Lake Kasumigaura,XGBoost,5,affine_only,0.0,0.02638138226829855,0.1147163265549047,0.17358256852212073,0.0,0.032200220607991846
Lake Kasumigaura,XGBoost,5,full,-0.0024475174883069,0.07032919883014249,0.1163675897142268,0.18086437202229494,-0.08584039491180866,-0.08255303590820973
Lake Kasumigaura,XGBoost,5,full_minus_affine,-0.0031779061608555497,0.0681483588328905,0.1157464245368184,0.18182764308639585,-0.08563723707311771,-0.08405886001705046
Lake Kasumigaura,XGBoost,5,full_minus_repr0,0.0,0.02638138226829855,0.1147163265549047,0.17358256852212073,0.0,0.032200220607991846
Lake Kasumigaura,XGBoost,5,intercept_only,0.0,6.226513804552525e-09,0.11724465453513244,0.1524249181426566,0.0,6.184816669918548e-10
Lake Kasumigaura,XGBoost,5,repr_only,-0.0031779061608555497,0.0681483588328905,0.1157464245368184,0.18182764308639585,-0.08563723707311771,-0.08405886001705046
Lake Kasumigaura,XGBoost,5,source_only,0.0,0.0,0.20240991868098884,-0.4404749673611224,0.0,0.0
Lake Kasumigaura,XGBoost,10,affine_only,0.0,0.07022068937550671,0.1130867508113927,0.18509526732002074,0.0,0.06136784653074833
Lake Kasumigaura,XGBoost,10,full,0.0395104716756885,0.18053598382046104,0.10728386774828516,0.2265644052623944,0.01172551092245441,0.10568617782319129
Lake Kasumigaura,XGBoost,10,full_minus_affine,0.03951472735702325,0.1737424308802448,0.10771862050643745,0.22504517642399074,0.01026300267082544,0.10157375486938719
Lake Kasumigaura,XGBoost,10,full_minus_repr0,0.07119085172792075,0.15843064406978213,0.10796967777746036,0.22282562452951854,0.05465721460126237,0.13965849734790126
Lake Kasumigaura,XGBoost,10,full_minus_repr1,0.00509759611782885,0.1517880601725317,0.10797133170207684,0.22879473897568636,-0.021039937280290456,0.08282593676533452
Lake Kasumigaura,XGBoost,10,intercept_only,0.0,7.19396592296917e-09,0.11727050899223986,0.1468278763834954,0.0,7.182853500875551e-10
Lake Kasumigaura,XGBoost,10,repr_only,0.03951472735702325,0.1737424308802448,0.10771862050643745,0.22504517642399074,0.01026300267082544,0.10157375486938719
Lake Kasumigaura,XGBoost,10,source_only,0.0,0.0,0.20248279144751968,-0.46844127259668344,0.0,0.0
Lake Kummerow,MLP,5,affine_only,0.0,-0.011271051104118551,0.2903992614875991,0.1181085121550931,0.0,-0.019489085294950418
Lake Kummerow,MLP,5,full,-0.02309370067070835,-0.3419630398298647,0.33239871814133,-0.0026545751847756,-0.290323629706297,-0.9560227065465537
Lake Kummerow,MLP,5,full_minus_affine,-0.01886478102960205,-0.3346936296044267,0.33235785583093336,-0.0026571233384648,-0.289380456024256,-0.9545461555130853
Lake Kummerow,MLP,5,full_minus_repr0,0.0,-0.011271051104118551,0.2903992614875991,0.1181085121550931,0.0,-0.019489085294950418
Lake Kummerow,MLP,5,intercept_only,0.0,0.0,0.29092645797459793,0.1253672632536455,0.0,-3.7747582837255325e-17
Lake Kummerow,MLP,5,repr_only,-0.01886478102960205,-0.3346936296044267,0.33235785583093336,-0.0026571233384648,-0.289380456024256,-0.9545461555130853
Lake Kummerow,MLP,5,source_only,0.0,0.0,0.4916207249452009,-0.5061276445791925,0.0,0.0
Lake Kummerow,MLP,10,affine_only,0.0,0.0066639256420307005,0.30151537148512186,0.08490006470168734,0.0,-0.021862703961096894
Lake Kummerow,MLP,10,full,-0.24447389077525275,-0.3158450671089348,0.35059549880878227,-0.054227006705987055,-0.3152465170706108,-0.4914218489243719
Lake Kummerow,MLP,10,full_minus_affine,-0.24420641279428423,-0.31016656905216733,0.35037497990223754,-0.05418721201155335,-0.3152629574174985,-0.4892582679344736
Lake Kummerow,MLP,10,full_minus_repr0,-0.021384904885505603,-0.11012040950410809,0.32355914356420584,0.030422045963839253,-0.14386279882057995,-0.2335072774749901
Lake Kummerow,MLP,10,full_minus_repr1,-0.10452713689982834,-0.11112020269401895,0.328972149690291,0.0008585506563243,-0.22148487933878847,-0.2923541723172185
Lake Kummerow,MLP,10,intercept_only,0.0,0.0,0.2932101370017812,0.10608531787918116,0.0,0.0
Lake Kummerow,MLP,10,repr_only,-0.24420641279428423,-0.31016656905216733,0.35037497990223754,-0.05418721201155335,-0.3152629574174985,-0.4892582679344736
Lake Kummerow,MLP,10,source_only,0.0,0.0,0.4696686993543387,-0.4697305222179595,0.0,0.0
Lake Kummerow,PLSR,5,affine_only,0.0,-0.0037357689390220498,0.2971609232567599,0.08324188528743989,0.0,-0.004391580389504254
Lake Kummerow,PLSR,5,full,-0.05165693098286575,-0.2905994102123184,0.3432271682992679,-0.0550025905690853,-0.408128640908269,-1.0256679601270462
Lake Kummerow,PLSR,5,full_minus_affine,-0.05165693098286575,-0.2909533057121192,0.3432635078576954,-0.053695683494487154,-0.40674458085045045,-1.0239452035448242
Lake Kummerow,PLSR,5,full_minus_repr0,0.0,-0.0037357689390220498,0.2971609232567599,0.08324188528743989,0.0,-0.004391580389504254
Lake Kummerow,PLSR,5,intercept_only,0.0,0.0,0.29715436947859886,0.0867903498341033,0.0,-2.4424906541753444e-17
Lake Kummerow,PLSR,5,repr_only,-0.05165693098286575,-0.2909533057121192,0.3432635078576954,-0.053695683494487154,-0.40674458085045045,-1.0239452035448242
Lake Kummerow,PLSR,5,source_only,0.0,0.0,0.5555261789227213,-0.7142313765265641,0.0,0.0
Lake Kummerow,PLSR,10,affine_only,0.0,0.0015585717305620001,0.3027365102575294,0.08504331909140975,0.0,-0.004173923595458527
Lake Kummerow,PLSR,10,full,-0.47829299188552393,-0.23392183471124184,0.35426109955337354,-0.054210177853967756,-0.5153262554389852,-0.5298143703792292
Lake Kummerow,PLSR,10,full_minus_affine,-0.47829299188552393,-0.23372167874569005,0.3542743585819636,-0.0545504701984056,-0.5162545833115536,-0.5300740742472252
Lake Kummerow,PLSR,10,full_minus_repr0,-0.0758453485526233,-0.06988072271739484,0.32874752162443716,0.02741698508362525,-0.24448212583600415,-0.19963868233142218
Lake Kummerow,PLSR,10,full_minus_repr1,-0.24493142307672544,-0.07168601332336766,0.33425764082780873,0.0051695285435973005,-0.42068789424033687,-0.3312709519545098
Lake Kummerow,PLSR,10,intercept_only,0.0,0.0,0.300865190223889,0.0979464377667202,0.0,-9.992007221626408e-18
Lake Kummerow,PLSR,10,repr_only,-0.47829299188552393,-0.23372167874569005,0.3542743585819636,-0.0545504701984056,-0.5162545833115536,-0.5300740742472252
Lake Kummerow,PLSR,10,source_only,0.0,0.0,0.5410447134388844,-0.6873596509362191,0.0,0.0
Lake Kummerow,XGBoost,5,affine_only,0.0,-0.00501513772354545,0.26183675442289983,0.20359528591672327,0.0,-0.009125975658901423
Lake Kummerow,XGBoost,5,full,-0.04617151138891705,-0.174230982669979,0.2928987241404199,0.11876210218265351,-0.15891976593610677,-0.6207835395448363
Lake Kummerow,XGBoost,5,full_minus_affine,-0.04617151138891705,-0.1838097490636903,0.2939838700322595,0.12087274642111764,-0.158515944555673,-0.6221389854333278
Lake Kummerow,XGBoost,5,full_minus_repr0,0.0,-0.00501513772354545,0.26183675442289983,0.20359528591672327,0.0,-0.009125975658901423
Lake Kummerow,XGBoost,5,intercept_only,0.0,0.0,0.25999849609536146,0.20670847191140118,0.0,-8.687764585513235e-10
Lake Kummerow,XGBoost,5,repr_only,-0.04617151138891705,-0.1838097490636903,0.2939838700322595,0.12087274642111764,-0.158515944555673,-0.6221389854333278
Lake Kummerow,XGBoost,5,source_only,0.0,0.0,0.4391711262800691,-0.356906850487716,0.0,0.0
Lake Kummerow,XGBoost,10,affine_only,0.0,-0.00250113360698025,0.2692345694093067,0.1892778943351347,0.0,-0.014751160965063966
Lake Kummerow,XGBoost,10,full,-0.08980446249059695,-0.12836117915719944,0.3006354853866427,0.098175159208462,-0.1728140951273055,-0.2767454160989677
Lake Kummerow,XGBoost,10,full_minus_affine,-0.1001975638205869,-0.13702695616274754,0.3004809278613385,0.08832229112904949,-0.1816077320052508,-0.2849921896700719
Lake Kummerow,XGBoost,10,full_minus_repr0,-0.0573941220042272,-0.0569990018169289,0.28623841926485283,0.1334203801779275,-0.13484528391726525,-0.15193606559424
Lake Kummerow,XGBoost,10,full_minus_repr1,-0.0316523124833484,-0.00822325169417285,0.28694691680943063,0.1372850735654635,-0.059921453647063624,-0.14840129610460706
Lake Kummerow,XGBoost,10,intercept_only,0.0,0.0,0.26460999167364196,0.19750940249938426,0.0,2.58208668668658e-09
Lake Kummerow,XGBoost,10,repr_only,-0.1001975638205869,-0.13702695616274754,0.3004809278613385,0.08832229112904949,-0.1816077320052508,-0.2849921896700719
Lake Kummerow,XGBoost,10,source_only,0.0,0.0,0.4288196259148349,-0.33253267868227504,0.0,0.0
Lake Obłęże,MLP,5,affine_only,0.0,0.0028666390971402497,0.15637626527518506,0.3632686338160953,0.0,0.0009310938779184887
Lake Obłęże,MLP,5,full,0.0,-0.01619388621338665,0.17169755196669867,0.3147613373505517,-0.08324999999999999,-0.41447389110401617
Lake Obłęże,MLP,5,full_minus_affine,0.0,-0.015347825814207749,0.17124874557811148,0.3184673212021646,-0.08324999999999999,-0.41236492482874004
Lake Obłęże,MLP,5,full_minus_repr0,0.0,0.0028666390971402497,0.15637626527518506,0.3632686338160953,0.0,0.0009310938779184887
Lake Obłęże,MLP,5,intercept_only,0.0,0.0,0.15646723856946948,0.3701010186894307,0.0,3.3306690738754687e-18
Lake Obłęże,MLP,5,repr_only,0.0,-0.015347825814207749,0.17124874557811148,0.3184673212021646,-0.08324999999999999,-0.41236492482874004
Lake Obłęże,MLP,5,source_only,0.0,0.0,0.20273624467226914,0.16663811353755564,0.0,0.0
Lake Obłęże,MLP,10,affine_only,0.0,0.00240355541561285,0.1558850724217258,0.3343408120643522,0.0,-0.0038772736377950217
Lake Obłęże,MLP,10,full,0.0,0.00507295046546065,0.16849993834082627,0.2779079304704569,0.01248484848484848,-0.3017832335372591
Lake Obłęże,MLP,10,full_minus_affine,0.0,0.00393354603747515,0.1670503804962514,0.2829447308780584,0.01151515151515151,-0.30623673096550497
Lake Obłęże,MLP,10,full_minus_repr0,0.0,0.01051498678183255,0.15313415422002646,0.3607451590148924,-0.007151515151515156,0.004965987502638651
Lake Obłęże,MLP,10,full_minus_repr1,0.0,0.017489122068076998,0.16589077727642096,0.2928803186740664,0.009454545454545452,-0.26642553742183045
Lake Obłęże,MLP,10,intercept_only,0.0,0.0,0.1550870139974693,0.3423764538971391,0.0,9.992007221626408e-18
Lake Obłęże,MLP,10,repr_only,0.0,0.00393354603747515,0.1670503804962514,0.2829447308780584,0.01151515151515151,-0.30623673096550497
Lake Obłęże,MLP,10,source_only,0.0,0.0,0.19472885259772174,0.1529677958982193,0.0,0.0
Lake Obłęże,PLSR,5,affine_only,0.0,0.0063222546318395,0.1717366078821312,0.29408331543716926,0.0,0.006485340903654276
Lake Obłęże,PLSR,5,full,0.0,-0.07300818741931715,0.20155576218017524,0.22136234411306727,-0.05007142857142857,-0.8592754321704337
Lake Obłęże,PLSR,5,full_minus_affine,0.0,-0.07080777589998505,0.2015965889308634,0.22119470865351354,-0.04992857142857142,-0.8576537525560838
Lake Obłęże,PLSR,5,full_minus_repr0,0.0,0.0063222546318395,0.1717366078821312,0.29408331543716926,0.0,0.006485340903654276
Lake Obłęże,PLSR,5,intercept_only,0.0,0.0,0.17283676771784784,0.28720448558837985,0.0,-3.3306690738754687e-18
Lake Obłęże,PLSR,5,repr_only,0.0,-0.07080777589998505,0.2015965889308634,0.22119470865351354,-0.04992857142857142,-0.8576537525560838
Lake Obłęże,PLSR,5,source_only,0.0,0.0,0.22938092351096145,0.06172066045837871,0.0,0.0
Lake Obłęże,PLSR,10,affine_only,0.0,0.0134250539627454,0.1748858145767181,0.2936337078086787,0.0,0.012005090622653886
Lake Obłęże,PLSR,10,full,0.03636363636363625,0.04487956365163205,0.1882003028083527,0.24520646639139085,0.03236363636363634,-0.7628008924744155
Lake Obłęże,PLSR,10,full_minus_affine,0.03636363636363625,0.04538846078480535,0.18818259786127367,0.24558870655572795,0.03236363636363634,-0.7611624282843207
Lake Obłęże,PLSR,10,full_minus_repr0,0.0,-0.0056028198864883,0.17870500699067648,0.2672685840453512,-0.027151515151515128,-0.030266314472152275
Lake Obłęże,PLSR,10,full_minus_repr1,0.0,0.03609745470715465,0.1965389480938473,0.24522676974438248,-0.001939393939393933,-0.9133558374336636
Lake Obłęże,PLSR,10,intercept_only,0.0,0.0,0.1766325160198567,0.27767439954608314,0.0,3.3306690738754695e-18
Lake Obłęże,PLSR,10,repr_only,0.03636363636363625,0.04538846078480535,0.18818259786127367,0.24558870655572795,0.03236363636363634,-0.7611624282843207
Lake Obłęże,PLSR,10,source_only,0.0,0.0,0.21920445834934643,0.04583022878094535,0.0,0.0
Lake Obłęże,XGBoost,5,affine_only,0.0,-0.0024383889734009003,0.1293164787699636,0.47358089245195734,0.0,-0.005045329193764677
Lake Obłęże,XGBoost,5,full,-0.00357142857142855,-0.04916008834873275,0.1474179387213747,0.3674291402356248,-0.11899999999999998,-0.37090333300404127
Lake Obłęże,XGBoost,5,full_minus_affine,-0.0035714285714286,-0.032410668270791754,0.14686342240647274,0.3701153159026802,-0.1189642857142857,-0.3661922639135564
Lake Obłęże,XGBoost,5,full_minus_repr0,0.0,-0.0024383889734009003,0.1293164787699636,0.47358089245195734,0.0,-0.005045329193764677
Lake Obłęże,XGBoost,5,intercept_only,0.0,0.0,0.1263825280099248,0.4818743381172945,0.0,7.669146873112703e-11
Lake Obłęże,XGBoost,5,repr_only,-0.0035714285714286,-0.032410668270791754,0.14686342240647274,0.3701153159026802,-0.1189642857142857,-0.3661922639135564
Lake Obłęże,XGBoost,5,source_only,0.0,0.0,0.17875517302773075,0.27811790759003224,0.0,0.0
Lake Obłęże,XGBoost,10,affine_only,0.0,-0.00809687228566195,0.1353196083154361,0.43774529694575764,0.0,-0.014691325178601278
Lake Obłęże,XGBoost,10,full,0.0,-0.043664163655674396,0.14863761745041448,0.34700551295274695,-0.01963636363636363,-0.20317840343865667
Lake Obłęże,XGBoost,10,full_minus_affine,0.0,-0.04173521181195655,0.14831381808251493,0.3526700226521844,-0.01781818181818181,-0.20656998556008171
Lake Obłęże,XGBoost,10,full_minus_repr0,0.0,-0.014607041264280599,0.13701270257704695,0.43014540562840886,-0.00012121212121212186,-0.035024640275223576
Lake Obłęże,XGBoost,10,full_minus_repr1,0.0,-0.02030076473364865,0.1437891948225073,0.36126937626029265,-0.023151515151515145,-0.16984613918622615
Lake Obłęże,XGBoost,10,intercept_only,0.0,0.0,0.1328699844573244,0.45116965835279615,0.0,-4.02866739968033e-10
Lake Obłęże,XGBoost,10,repr_only,0.0,-0.04173521181195655,0.14831381808251493,0.3526700226521844,-0.01781818181818181,-0.20656998556008171
Lake Obłęże,XGBoost,10,source_only,0.0,0.0,0.1819826733306321,0.2315827799251641,0.0,0.0
Lake Peipsi,MLP,5,affine_only,0.0,0.00755070773006405,0.18612126020850484,0.1982588227215252,0.0,0.005782820993149874
Lake Peipsi,MLP,5,full,-0.025426150331507198,-0.012790789903686,0.19635981992472168,0.1672668405442497,-0.17608601070265237,-0.3036024153365804
Lake Peipsi,MLP,5,full_minus_affine,-0.0280116090131229,-0.0275587585378402,0.1965581338818666,0.16174341134118175,-0.17721111477714183,-0.3056121811459968
Lake Peipsi,MLP,5,full_minus_repr0,0.0,0.00755070773006405,0.18612126020850484,0.1982588227215252,0.0,0.005782820993149874
Lake Peipsi,MLP,5,intercept_only,0.0,0.0,0.1858628431374389,0.1939763813293097,0.0,-9.860761315262648e-34
Lake Peipsi,MLP,5,repr_only,-0.0280116090131229,-0.0275587585378402,0.1965581338818666,0.16174341134118175,-0.17721111477714183,-0.3056121811459968
Lake Peipsi,MLP,5,source_only,0.0,0.0,0.1797684790582924,0.23443891916532494,0.0,0.0
Lake Peipsi,MLP,10,affine_only,0.0,0.023507835452783697,0.18207145533417363,0.20416576645589668,0.0,0.012116771798381807
Lake Peipsi,MLP,10,full,-0.1060342321160615,-0.16664525358871354,0.21476652755055287,0.07668685179601789,-0.25856715192013846,-0.217969797048191
Lake Peipsi,MLP,10,full_minus_affine,-0.1117236122916101,-0.168309884386161,0.21482933009521926,0.0749200854676408,-0.25995605497143004,-0.2205630907078383
Lake Peipsi,MLP,10,full_minus_repr0,-0.015377046526427948,0.0010923089207511,0.18877743418126613,0.1642385582288495,-0.07729320320699118,-0.06966380603380969
Lake Peipsi,MLP,10,full_minus_repr1,-0.044655191774293904,-0.03584851256178,0.2020274893196789,0.1309627148734972,-0.18306822495824257,-0.13838489655751327
Lake Peipsi,MLP,10,intercept_only,0.0,0.0,0.18353304341226123,0.18814462351872424,0.0,-8.881784197001251e-18
Lake Peipsi,MLP,10,repr_only,-0.1117236122916101,-0.168309884386161,0.21482933009521926,0.0749200854676408,-0.25995605497143004,-0.2205630907078383
Lake Peipsi,MLP,10,source_only,0.0,0.0,0.1774305250626465,0.21729720759276025,0.0,0.0
Lake Peipsi,PLSR,5,affine_only,0.0,0.0009657678928929,0.20773161541583168,0.10220484772308214,0.0,0.0006073793964646117
Lake Peipsi,PLSR,5,full,-0.0089899961513714,-0.0337075483899772,0.22238754951245682,0.07435299551360139,-0.175331861219918,-0.3128089410301433
Lake Peipsi,PLSR,5,full_minus_affine,-0.008679313767393,-0.03352785446210785,0.22238993746118496,0.0743792028044335,-0.1753236340521553,-0.3128190717126892
Lake Peipsi,PLSR,5,full_minus_repr0,0.0,0.0009657678928929,0.20773161541583168,0.10220484772308214,0.0,0.0006073793964646117
Lake Peipsi,PLSR,5,intercept_only,0.0,0.0,0.2078919531490182,0.1000902578587652,0.0,3.3306690738754703e-18
Lake Peipsi,PLSR,5,repr_only,-0.008679313767393,-0.03352785446210785,0.22238993746118496,0.0743792028044335,-0.1753236340521553,-0.3128190717126892
Lake Peipsi,PLSR,5,source_only,0.0,0.0,0.2508578735971738,-0.0717782766934181,0.0,0.0
Lake Peipsi,PLSR,10,affine_only,0.0,0.00290813221382495,0.2063268210363559,0.0941560751250992,0.0,0.0021093400823814375
Lake Peipsi,PLSR,10,full,0.042307151486578654,-0.04612950434350075,0.20833032164497378,0.1042722341057373,-0.1133372827713424,-0.12167447929254861
Lake Peipsi,PLSR,10,full_minus_affine,0.042307151486578654,-0.046016091182472255,0.20830005990441605,0.10425456078997006,-0.11336292973472782,-0.12165700119987351
Lake Peipsi,PLSR,10,full_minus_repr0,0.1056530859836083,0.07696098593870196,0.18895057483793815,0.1628942436619531,0.02475459012279013,0.005153202060434666
Lake Peipsi,PLSR,10,full_minus_repr1,-0.0092051382556829,-0.01961938387001905,0.21192628327946375,0.078603388296781,-0.13952140038430808,-0.11618846360306817
Lake Peipsi,PLSR,10,intercept_only,0.0,0.0,0.20732973756106643,0.0912206824317065,0.0,6.6613381477509375e-18
Lake Peipsi,PLSR,10,repr_only,0.042307151486578654,-0.046016091182472255,0.20830005990441605,0.10425456078997006,-0.11336292973472782,-0.12165700119987351
Lake Peipsi,PLSR,10,source_only,0.0,0.0,0.25087867146720505,-0.11612125911954846,0.0,0.0
Lake Peipsi,XGBoost,5,affine_only,0.0,-0.00088725004412295,0.15976419042508616,0.30227808607413054,0.0,-0.0050159108172415255
Lake Peipsi,XGBoost,5,full,-0.01561415493236955,-0.0343207248545976,0.1697777024239578,0.2728182226308653,-0.1176816762516672,-0.26780947195191246
Lake Peipsi,XGBoost,5,full_minus_affine,-0.016262751130679952,-0.0322629029581689,0.1693152172363087,0.27369829894091696,-0.11901630662665566,-0.266456914496375
Lake Peipsi,XGBoost,5,full_minus_repr0,0.0,-0.00088725004412295,0.15976419042508616,0.30227808607413054,0.0,-0.0050159108172415255
Lake Peipsi,XGBoost,5,intercept_only,0.0,-1.597777465889294e-11,0.15983566615732325,0.3015502596868498,0.0,-5.492924515237972e-10
Lake Peipsi,XGBoost,5,repr_only,-0.016262751130679952,-0.0322629029581689,0.1693152172363087,0.27369829894091696,-0.11901630662665566,-0.266456914496375
Lake Peipsi,XGBoost,5,source_only,0.0,0.0,0.16695317897359996,0.28630789092793324,0.0,0.0
Lake Peipsi,XGBoost,10,affine_only,0.0,-0.00133200442871315,0.16000676058043112,0.30147653700738364,0.0,-0.008849836128919522
Lake Peipsi,XGBoost,10,full,-0.0366270588661583,-0.09353125908895829,0.1807946479298761,0.2091470643864594,-0.14955633655951017,-0.19383883855452783
Lake Peipsi,XGBoost,10,full_minus_affine,-0.03612298020527045,-0.09195329417582515,0.1814874909089016,0.20891572111248968,-0.15174333252617417,-0.19501074759853693
Lake Peipsi,XGBoost,10,full_minus_repr0,-0.00326303687342785,-0.01441999670823415,0.1659764901911086,0.28566747011123983,-0.04585271904292607,-0.08137494110000025
Lake Peipsi,XGBoost,10,full_minus_repr1,-0.014931092853163401,-0.03846086724202015,0.17331404178594115,0.2571550040403624,-0.09600628350056109,-0.1227903137250804
Lake Peipsi,XGBoost,10,intercept_only,0.0,-2.2812496336399585e-10,0.15962258556442604,0.30242874005628473,0.0,-3.0546290719080105e-10
Lake Peipsi,XGBoost,10,repr_only,-0.03612298020527045,-0.09195329417582515,0.1814874909089016,0.20891572111248968,-0.15174333252617417,-0.19501074759853693
Lake Peipsi,XGBoost,10,source_only,0.0,0.0,0.1669113119612129,0.26741256258762336,0.0,0.0
Lake Winnipeg,MLP,5,affine_only,0.0,-0.0074872743331016005,0.2344644532486779,0.34668295348885786,0.0,-0.017090187433659098
Lake Winnipeg,MLP,5,full,-0.013555982940941451,-0.0439207750577946,0.25600113316274875,0.31310285527356163,-0.060501150578683154,-0.25845481591396147
Lake Winnipeg,MLP,5,full_minus_affine,-0.0122423232893099,-0.043632355101771256,0.2564006280045249,0.32179618450992437,-0.057174539628817474,-0.2618479598997368
Lake Winnipeg,MLP,5,full_minus_repr0,0.0,-0.0074872743331016005,0.2344644532486779,0.34668295348885786,0.0,-0.017090187433659098
Lake Winnipeg,MLP,5,intercept_only,0.0,0.0,0.2272502737557123,0.3612980151069073,0.0,2.2204460492503127e-18
Lake Winnipeg,MLP,5,repr_only,-0.0122423232893099,-0.043632355101771256,0.2564006280045249,0.32179618450992437,-0.057174539628817474,-0.2618479598997368
Lake Winnipeg,MLP,5,source_only,0.0,0.0,0.3042834313025426,0.14670769347575163,0.0,0.0
Lake Winnipeg,MLP,10,affine_only,0.0,-0.010939784362868299,0.2289303713294088,0.3481562638886009,0.0,-0.021960411163342443
Lake Winnipeg,MLP,10,full,0.09986343593711325,0.05540257005049245,0.2110566988639913,0.3973498194592887,0.0819162083715058,-0.009558928129463618
Lake Winnipeg,MLP,10,full_minus_affine,0.10196435474424814,0.0603200653920788,0.21024972591638136,0.3981890421371582,0.08202692688239312,-0.0024982508119513686
Lake Winnipeg,MLP,10,full_minus_repr0,0.0971356539954722,0.0547352050641033,0.208710363285563,0.4026128793075646,0.09450246904098807,0.030384907194543707
Lake Winnipeg,MLP,10,full_minus_repr1,-0.0102248056837339,-0.02290436205155985,0.2328676763333012,0.3307530466176175,-0.020636718307452184,-0.060213829886908
Lake Winnipeg,MLP,10,intercept_only,0.0,0.0,0.22273089098738907,0.3616204285680845,0.0,3.3306690738754687e-18
Lake Winnipeg,MLP,10,repr_only,0.10196435474424814,0.0603200653920788,0.21024972591638136,0.3981890421371582,0.08202692688239312,-0.0024982508119513686
Lake Winnipeg,MLP,10,source_only,0.0,0.0,0.3040078996880544,0.1258551894297154,0.0,0.0
Lake Winnipeg,PLSR,5,affine_only,0.0,-0.01569721128988215,0.3034367121842565,0.15359469047140734,0.0,-0.028331041979253818
Lake Winnipeg,PLSR,5,full,-0.0039870538061592,-0.0994496698434668,0.32288496112889586,0.09790469465357715,-0.08444512046610685,-0.3392008826990138
Lake Winnipeg,PLSR,5,full_minus_affine,-0.00459672849744565,-0.10227526362184565,0.3224896756455631,0.0977351921055228,-0.08492825845445046,-0.34272822964118105
Lake Winnipeg,PLSR,5,full_minus_repr0,0.0,-0.01569721128988215,0.3034367121842565,0.15359469047140734,0.0,-0.028331041979253818
Lake Winnipeg,PLSR,5,intercept_only,0.0,0.0,0.30151750941704913,0.15500975638559733,0.0,-9.992007221626407e-18
Lake Winnipeg,PLSR,5,repr_only,-0.00459672849744565,-0.10227526362184565,0.3224896756455631,0.0977351921055228,-0.08492825845445046,-0.34272822964118105
Lake Winnipeg,PLSR,5,source_only,0.0,0.0,0.29453642905475186,0.1605134200400849,0.0,0.0
Lake Winnipeg,PLSR,10,affine_only,0.0,-0.019766726827139147,0.30147937568257444,0.14337312799732244,0.0,-0.046642838086946456
Lake Winnipeg,PLSR,10,full,0.0825688075419334,0.026144975682872003,0.2870718511846734,0.18832361608022097,0.06305432032392348,-0.06872232053280346
Lake Winnipeg,PLSR,10,full_minus_affine,0.07843686551905465,0.0078180561989194,0.28729805887812104,0.17770218090606926,0.05605811012993187,-0.08548439458528354
Lake Winnipeg,PLSR,10,full_minus_repr0,0.10896739127769789,0.08335393028124055,0.2697441692352238,0.24481665810514586,0.09747037945339353,0.02043953588445346
Lake Winnipeg,PLSR,10,full_minus_repr1,-0.0048321044284228,-0.0775947879449741,0.3127137854027686,0.11306318960524635,-0.024830464678782044,-0.15193703259940589
Lake Winnipeg,PLSR,10,intercept_only,0.0,0.0,0.29827835811760295,0.15158022770870136,0.0,-2.220446049250315e-18
Lake Winnipeg,PLSR,10,repr_only,0.07843686551905465,0.0078180561989194,0.28729805887812104,0.17770218090606926,0.05605811012993187,-0.08548439458528354
Lake Winnipeg,PLSR,10,source_only,0.0,0.0,0.29509175880621075,0.1418215511906643,0.0,0.0
Lake Winnipeg,XGBoost,5,affine_only,0.0,-0.005814069263922901,0.20473819751066685,0.42699113906190134,0.0,-0.010333155301107051
Lake Winnipeg,XGBoost,5,full,-0.01153900278017845,-0.0245385165379541,0.22320272519308315,0.38051220585430134,-0.04291709281384655,-0.12372934334233164
Lake Winnipeg,XGBoost,5,full_minus_affine,-0.01651109340903595,-0.02779774832748725,0.224915166295924,0.37473683380128897,-0.04140951679391719,-0.1281390580523062
Lake Winnipeg,XGBoost,5,full_minus_repr0,0.0,-0.005814069263922901,0.20473819751066685,0.42699113906190134,0.0,-0.010333155301107051
Lake Winnipeg,XGBoost,5,intercept_only,0.0,0.0,0.201901643623184,0.43167794003717375,0.0,-1.012935033628537e-09
Lake Winnipeg,XGBoost,5,repr_only,-0.01651109340903595,-0.02779774832748725,0.224915166295924,0.37473683380128897,-0.04140951679391719,-0.1281390580523062
Lake Winnipeg,XGBoost,5,source_only,0.0,0.0,0.23636468879999875,0.3277065025143925,0.0,0.0
Lake Winnipeg,XGBoost,10,affine_only,0.0,-0.0060110160179447005,0.20316555378162499,0.42933761221148836,0.0,-0.012069331088082853
Lake Winnipeg,XGBoost,10,full,0.04832271179298895,0.020177371220844002,0.18260122123502148,0.47275457405545285,0.037126137375847176,0.008593851827544541
Lake Winnipeg,XGBoost,10,full_minus_affine,0.04923313969633525,0.0239113776895632,0.18216084591657006,0.4734792703883037,0.03925788832183973,0.014205895326207765
Lake Winnipeg,XGBoost,10,full_minus_repr0,0.04734225097400075,0.0274711137660513,0.19657598528396758,0.44894010999172185,0.044623659065477314,0.01152834898925386
Lake Winnipeg,XGBoost,10,full_minus_repr1,0.0023810210430778,-0.0036549747778190497,0.20485473159188566,0.4152239898282958,-0.016862159361066595,-0.02274373788386419
Lake Winnipeg,XGBoost,10,intercept_only,0.0,0.0,0.2013990824341147,0.43575524696078494,0.0,-1.3829948419807889e-09
Lake Winnipeg,XGBoost,10,repr_only,0.04923313969633525,0.0239113776895632,0.18216084591657006,0.4734792703883037,0.03925788832183973,0.014205895326207765
Lake Winnipeg,XGBoost,10,source_only,0.0,0.0,0.23393674079340776,0.32905452366554494,0.0,0.0
Lake Łebsko,MLP,5,affine_only,0.0,0.0916214188432096,0.1415904538600654,0.0266409531333094,0.0,0.08842749066996683
Lake Łebsko,MLP,5,full,0.23060480784068124,0.35110366910459834,0.12460154469442031,0.12946880509250455,0.14653205445933706,-0.048047743685576856
Lake Łebsko,MLP,5,full_minus_affine,0.2251069448722942,0.3159345644505882,0.1299894053301079,0.09961150659665355,0.14032033592681675,-0.12281693922276699
Lake Łebsko,MLP,5,full_minus_repr0,0.0,0.0916214188432096,0.1415904538600654,0.0266409531333094,0.0,0.08842749066996683
Lake Łebsko,MLP,5,intercept_only,0.0,0.0,0.1452284525741884,-0.01642964428644085,0.0,-2.3314683517128286e-17
Lake Łebsko,MLP,5,repr_only,0.2251069448722942,0.3159345644505882,0.1299894053301079,0.09961150659665355,0.14032033592681675,-0.12281693922276699
Lake Łebsko,MLP,5,source_only,0.0,0.0,0.2541889310131667,-0.7600467604718258,0.0,0.0
Lake Łebsko,MLP,10,affine_only,0.0,0.1714682780776947,0.13010057587997495,0.0808529160293113,0.0,0.16834583070125128
Lake Łebsko,MLP,10,full,0.1942682922653211,0.40981337073135066,0.1117369170113298,0.18697888606052998,0.15171336320978698,0.2829143309593821
Lake Łebsko,MLP,10,full_minus_affine,0.1709280661216323,0.3007121860288119,0.11935813201906939,0.13412212100398324,0.12700884445939128,0.15176912621152513
Lake Łebsko,MLP,10,full_minus_repr0,0.08753313577023594,0.1695631250123663,0.13220775323420486,0.06334201520085761,0.07540308207251267,0.033465682818870884
Lake Łebsko,MLP,10,full_minus_repr1,0.2527179046438564,0.5165569229377005,0.10233964239452614,0.25481467461405294,0.2260619870958056,0.47437439630324313
Lake Łebsko,MLP,10,intercept_only,0.0,0.0,0.14179447057169495,0.00013743157984755003,0.0,-1.3322676295501878e-17
Lake Łebsko,MLP,10,repr_only,0.1709280661216323,0.3007121860288119,0.11935813201906939,0.13412212100398324,0.12700884445939128,0.15176912621152513
Lake Łebsko,MLP,10,source_only,0.0,0.0,0.25066475234181607,-0.813158873949224,0.0,0.0
Lake Łebsko,PLSR,5,affine_only,0.0,0.05337168038384185,0.14151476141760194,0.006471422456178801,0.0,0.04961928363129944
Lake Łebsko,PLSR,5,full,-0.1560782209358783,0.0795948530388369,0.14262606001129566,-0.00950036411166915,-0.2158037408748404,-0.2760542271630956
Lake Łebsko,PLSR,5,full_minus_affine,-0.16951744152526904,0.07399694643603516,0.14311888658378796,-0.01049159026498565,-0.21786512462965452,-0.2840684524858009
Lake Łebsko,PLSR,5,full_minus_repr0,0.0,0.05337168038384185,0.14151476141760194,0.006471422456178801,0.0,0.04961928363129944
Lake Łebsko,PLSR,5,intercept_only,0.0,0.0,0.14418834133751474,-0.0184806483478394,0.0,-2.886579864025407e-17
Lake Łebsko,PLSR,5,repr_only,-0.16951744152526904,0.07399694643603516,0.14311888658378796,-0.01049159026498565,-0.21786512462965452,-0.2840684524858009
Lake Łebsko,PLSR,5,source_only,0.0,0.0,0.7136114481774101,-3.9788887441207885,0.0,0.0
Lake Łebsko,PLSR,10,affine_only,0.0,0.08398603368630414,0.14018699995678868,-0.0091262462509033,0.0,0.0855550174019245
Lake Łebsko,PLSR,10,full,0.12316328175311356,0.2322957751288482,0.12938934428758958,0.08319570150052215,0.09773785715096445,0.08853377985258977
Lake Łebsko,PLSR,10,full_minus_affine,0.10962053900552515,0.2179948288581668,0.13007490997807925,0.0731022792866287,0.08782430890216554,0.0645415537981452
Lake Łebsko,PLSR,10,full_minus_repr0,0.1209187005098334,-0.09711067829055225,0.14661346920043838,-0.06894802475016315,0.05753685969706082,-0.2149261592344757
Lake Łebsko,PLSR,10,full_minus_repr1,-0.1155534636601489,0.12736984250292255,0.13627860801002112,0.01229876206058125,-0.1468872747017949,0.06823768447878463
Lake Łebsko,PLSR,10,intercept_only,0.0,0.0,0.1452574578222818,-0.048336706837615456,0.0,1.5543122344752193e-17
Lake Łebsko,PLSR,10,repr_only,0.10962053900552515,0.2179948288581668,0.13007490997807925,0.0731022792866287,0.08782430890216554,0.0645415537981452
Lake Łebsko,PLSR,10,source_only,0.0,0.0,0.7103445182102931,-4.052174290849317,0.0,0.0
Lake Łebsko,XGBoost,5,affine_only,0.0,0.020059088260737698,0.0929469666376173,0.34506069205151374,0.0,0.018291753464929793
Lake Łebsko,XGBoost,5,full,-0.0122174732630824,-0.03301669586109265,0.10197159655743049,0.296805724724423,-0.11617574690007686,-0.24688454885685626
Lake Łebsko,XGBoost,5,full_minus_affine,-0.01527184157885305,-0.04744917148722415,0.10242361834121895,0.2868866349947834,-0.12096477810522868,-0.27409022691037277
Lake Łebsko,XGBoost,5,full_minus_repr0,0.0,0.020059088260737698,0.0929469666376173,0.34506069205151374,0.0,0.018291753464929793
Lake Łebsko,XGBoost,5,intercept_only,0.0,1.3426179445996667e-08,0.0939734369387738,0.3338491771774329,0.0,7.058691554595599e-09
Lake Łebsko,XGBoost,5,repr_only,-0.01527184157885305,-0.04744917148722415,0.10242361834121895,0.2868866349947834,-0.12096477810522868,-0.27409022691037277
Lake Łebsko,XGBoost,5,source_only,0.0,0.0,0.2818190778649476,-0.9465372840644456,0.0,0.0
Lake Łebsko,XGBoost,10,affine_only,0.0,0.0413798782446915,0.0875614489555185,0.3827495345111426,0.0,0.03843656253258135
Lake Łebsko,XGBoost,10,full,-0.0655182178060921,-0.05745158942695315,0.09946095383446016,0.27377336909860084,-0.14526946134988292,-0.21843376719150961
Lake Łebsko,XGBoost,10,full_minus_affine,-0.07006642993804475,-0.1111224159839158,0.10389279146076155,0.2524900921520078,-0.15404331243991984,-0.2614733331328529
Lake Łebsko,XGBoost,10,full_minus_repr0,-0.0242974693684526,-0.0211264143846598,0.0946704391935678,0.3167245329935598,-0.11244108967501756,-0.10588766541157217
Lake Łebsko,XGBoost,10,full_minus_repr1,-0.02146830152312855,-0.00454939704185375,0.09389877528033275,0.3058311860418298,-0.09738661562626773,-0.09825755500682072
Lake Łebsko,XGBoost,10,intercept_only,0.0,8.818778651775716e-09,0.09267358504040805,0.3416214151226863,0.0,1.2931686422801292e-08
Lake Łebsko,XGBoost,10,repr_only,-0.07006642993804475,-0.1111224159839158,0.10389279146076155,0.2524900921520078,-0.15404331243991984,-0.2614733331328529
Lake Łebsko,XGBoost,10,source_only,0.0,0.0,0.2789754987483529,-0.9850788845951279,0.0,0.0
Mantova,MLP,5,affine_only,0.0,0.01897294771040025,0.18739673457361025,-0.0444034621534934,0.0,0.015404744771574063
Mantova,MLP,5,full,-0.0909482963343521,-0.09496864036468525,0.21290118338816705,-0.1839373297644214,-0.13492571387664096,-1.0725618398320127
Mantova,MLP,5,full_minus_affine,-0.09043544659349495,-0.07433436406403196,0.21271644575343834,-0.18682148713595176,-0.1332162665715021,-1.0953715595124736
Mantova,MLP,5,full_minus_repr0,0.0,0.01897294771040025,0.18739673457361025,-0.0444034621534934,0.0,0.015404744771574063
Mantova,MLP,5,intercept_only,0.0,0.0,0.19009465691279476,-0.0635832723631147,0.0,3.1086244689504386e-17
Mantova,MLP,5,repr_only,-0.09043544659349495,-0.07433436406403196,0.21271644575343834,-0.18682148713595176,-0.1332162665715021,-1.0953715595124736
Mantova,MLP,5,source_only,0.0,0.0,0.16751003198677214,0.01729667558741905,0.0,0.0
Mantova,MLP,10,affine_only,0.0,0.032213094016606256,0.17895384199302375,0.00844440119561275,0.0,0.026180972429034985
Mantova,MLP,10,full,-0.0444880075262104,-0.11931588631726944,0.2005138440942841,-0.15146612387306047,-0.13371442281969018,-0.4457609298276377
Mantova,MLP,10,full_minus_affine,-0.0584415584415584,-0.1334448820289016,0.20243743276181841,-0.1723912065336449,-0.1411111827107828,-0.4698536123403321
Mantova,MLP,10,full_minus_repr0,-0.0061699912885860506,0.018234901969409252,0.1862524977253471,-0.06280282050650066,-0.021335798763645414,-0.23570253395052695
Mantova,MLP,10,full_minus_repr1,-0.01233766233766225,0.043913204824925056,0.1847409247813133,-0.0524714419564897,-0.07133780788030139,-0.10143278219259613
Mantova,MLP,10,intercept_only,0.0,0.0,0.18349316618255615,-0.021586813191031652,0.0,-1.221245327087672e-17
Mantova,MLP,10,repr_only,-0.0584415584415584,-0.1334448820289016,0.20243743276181841,-0.1723912065336449,-0.1411111827107828,-0.4698536123403321
Mantova,MLP,10,source_only,0.0,0.0,0.17475372754746593,0.01058026747391335,0.0,0.0
Mantova,PLSR,5,affine_only,0.0,-0.0005469124870751999,0.15928355719406814,0.08661106623067319,0.0,-0.0017288797311710428
Mantova,PLSR,5,full,-0.08565566888737369,0.00910816050474245,0.17878882530206164,-0.010368238851781949,-0.11614667359380877,-0.49715729405902387
Mantova,PLSR,5,full_minus_affine,-0.08394597489760575,0.0071067550862631,0.17911474266029914,-0.0113396091072536,-0.11746306431127781,-0.5023848917523243
Mantova,PLSR,5,full_minus_repr0,0.0,-0.0005469124870751999,0.15928355719406814,0.08661106623067319,0.0,-0.0017288797311710428
Mantova,PLSR,5,intercept_only,0.0,0.0,0.15936812784375426,0.08798348531649205,0.0,1.8873791418627663e-17
Mantova,PLSR,5,repr_only,-0.08394597489760575,0.0071067550862631,0.17911474266029914,-0.0113396091072536,-0.11746306431127781,-0.5023848917523243
Mantova,PLSR,5,source_only,0.0,0.0,0.15930353523918545,0.0813103328256248,0.0,0.0
Mantova,PLSR,10,affine_only,0.0,-0.0005000462328311,0.1621003548413876,0.08612965441772061,0.0,-0.002238595898682196
Mantova,PLSR,10,full,0.0172104288435989,0.0576469222334426,0.1665784775540452,0.08235263114641345,-0.009377029418708889,-0.14105761562834498
Mantova,PLSR,10,full_minus_affine,0.01656107819424825,0.056821601100284905,0.16671405144940765,0.08150729580840904,-0.009831667682834734,-0.14224344433781713
Mantova,PLSR,10,full_minus_repr0,0.03961692846719015,0.1077939386834812,0.154140939709265,0.12322084519101681,0.0041024944681299705,-0.04151281835841221
Mantova,PLSR,10,full_minus_repr1,0.048051948051948,0.08424026516449135,0.158585669183231,0.1052327808029738,-0.005345276941872141,0.0022007914910346406
Mantova,PLSR,10,intercept_only,0.0,0.0,0.1620647744911366,0.08717167260337265,0.0,-1.3322676295501883e-17
Mantova,PLSR,10,repr_only,0.01656107819424825,0.056821601100284905,0.16671405144940765,0.08150729580840904,-0.009831667682834734,-0.14224344433781713
Mantova,PLSR,10,source_only,0.0,0.0,0.16094176446496067,0.0631950300157026,0.0,0.0
Mantova,XGBoost,5,affine_only,0.0,0.00654467296365735,0.1709376055343419,0.0324902629293551,0.0,0.005074117859007291
Mantova,XGBoost,5,full,-0.1070176076999001,-0.12620559659989333,0.19963277989887254,-0.1315689937966375,-0.13857094747807422,-0.732070788530017
Mantova,XGBoost,5,full_minus_affine,-0.1087270094093018,-0.14021221055584296,0.1995025511038085,-0.1344681377897988,-0.1391692328153182,-0.7317089472410819
Mantova,XGBoost,5,full_minus_repr0,0.0,0.00654467296365735,0.1709376055343419,0.0324902629293551,0.0,0.005074117859007291
Mantova,XGBoost,5,intercept_only,0.0,0.0,0.1716531292785778,0.0314716069769163,0.0,-8.896120636814331e-09
Mantova,XGBoost,5,repr_only,-0.1087270094093018,-0.14021221055584296,0.1995025511038085,-0.1344681377897988,-0.1391692328153182,-0.7317089472410819
Mantova,XGBoost,5,source_only,0.0,0.0,0.15601006816134189,0.09400665899039146,0.0,0.0
Mantova,XGBoost,10,affine_only,0.0,0.010312227769767649,0.1659855332410356,0.0681028311098457,0.0,0.007721517023661228
Mantova,XGBoost,10,full,-0.09350649350649345,-0.10797953529903151,0.19055476095963494,-0.06786288693959845,-0.1322166607961629,-0.3986952203493588
Mantova,XGBoost,10,full_minus_affine,-0.08506493506493495,-0.11764742479959486,0.19174794804281045,-0.07304349747910266,-0.13554154283308548,-0.40987390580257
Mantova,XGBoost,10,full_minus_repr0,-0.03377171796871165,0.010518030201863801,0.179141087815064,-0.006824080860032351,-0.06116530651442727,-0.24191360407788615
Mantova,XGBoost,10,full_minus_repr1,-0.06202279529818795,0.0231424601598674,0.17887684197180448,-0.0141783494969239,-0.10109462358377609,-0.1853733624859546
Mantova,XGBoost,10,intercept_only,0.0,0.0,0.1675164443193654,0.0480260481893799,0.0,2.4481926252928344e-09
Mantova,XGBoost,10,repr_only,-0.08506493506493495,-0.11764742479959486,0.19174794804281045,-0.07304349747910266,-0.13554154283308548,-0.40987390580257
Mantova,XGBoost,10,source_only,0.0,0.0,0.1625239707041394,0.06590074875540905,0.0,0.0
Morse Reservoir,MLP,5,affine_only,0.0,0.0688536984325929,0.14861530859627758,-0.0279562508981115,0.0,0.06884420826786666
Morse Reservoir,MLP,5,full,0.36968678616085926,0.6560242429800083,0.11146656999500934,0.2488394048379462,0.30596844169675813,0.07485134776752185
Morse Reservoir,MLP,5,full_minus_affine,0.3702024912021844,0.6258128247903146,0.1148274539123256,0.22300327647868695,0.30144805593339014,-0.008294013855202476
Morse Reservoir,MLP,5,full_minus_repr0,0.0,0.0688536984325929,0.14861530859627758,-0.0279562508981115,0.0,0.06884420826786666
Morse Reservoir,MLP,5,intercept_only,0.0,0.0,0.151531818307429,-0.051965989570785104,0.0,1.3322676295501878e-17
Morse Reservoir,MLP,5,repr_only,0.3702024912021844,0.6258128247903146,0.1148274539123256,0.22300327647868695,0.30144805593339014,-0.008294013855202476
Morse Reservoir,MLP,5,source_only,0.0,0.0,0.14510564276967725,-0.007728014451938,0.0,0.0
Morse Reservoir,MLP,10,affine_only,0.0,0.16221640835498352,0.13652949989983343,0.0333130830439176,0.0,0.14679838737892767
Morse Reservoir,MLP,10,full,0.3813838827417896,0.6989806064053481,0.0949231497241721,0.3253419112027477,0.36612730965554235,0.6434012518824946
Morse Reservoir,MLP,10,full_minus_affine,0.3665817144275727,0.6059594776688855,0.10454898723316494,0.2673098122723522,0.3469341238059341,0.527585472747058
Morse Reservoir,MLP,10,full_minus_repr0,0.4277839197978094,0.743912479093211,0.088686687393272,0.3794499084270596,0.418089908577317,0.7190884845172321
Morse Reservoir,MLP,10,full_minus_repr1,0.3810890513944901,0.7639250739556182,0.08954745203864764,0.36727429364741554,0.376388183139773,0.7245228492427658
Morse Reservoir,MLP,10,intercept_only,0.0,0.0,0.1444124948453629,-0.0292086895664306,0.0,-7.771561172376097e-18
Morse Reservoir,MLP,10,repr_only,0.3665817144275727,0.6059594776688855,0.10454898723316494,0.2673098122723522,0.3469341238059341,0.527585472747058
Morse Reservoir,MLP,10,source_only,0.0,0.0,0.14377406552508326,-0.02549666016839625,0.0,0.0
Morse Reservoir,PLSR,5,affine_only,0.0,1.2617857748961558,0.16979096261300475,-0.14112144696359674,0.0,1.181581382520764
Morse Reservoir,PLSR,5,full,-0.00732859246459335,2.2834555364457687,0.0928173624025832,0.3656928137868951,-0.04652938492146726,1.804745388472829
Morse Reservoir,PLSR,5,full_minus_affine,-0.0131914458188012,2.271191374557748,0.09453779745763324,0.3568405257914534,-0.048050981859348994,1.7916306640168558
Morse Reservoir,PLSR,5,full_minus_repr0,0.0,1.2617857748961558,0.16979096261300475,-0.14112144696359674,0.0,1.181581382520764
Morse Reservoir,PLSR,5,intercept_only,0.0,0.0,0.22222559607844566,-0.5717276155827115,0.0,-4.4408920985006264e-17
Morse Reservoir,PLSR,5,repr_only,-0.0131914458188012,2.271191374557748,0.09453779745763324,0.3568405257914534,-0.048050981859348994,1.7916306640168558
Morse Reservoir,PLSR,5,source_only,0.0,0.0,0.2095453586326212,-0.4647001782177784,0.0,0.0
Morse Reservoir,PLSR,10,affine_only,0.0,1.845888658912995,0.1212169050690684,0.1304473325426979,0.0,1.8083418694611026
Morse Reservoir,PLSR,10,full,-0.006797069882184649,2.2130124898379866,0.0883877897793022,0.3930127336042266,-0.029216041364722826,2.187461460768531
Morse Reservoir,PLSR,10,full_minus_affine,-0.01015722728693195,2.196753243269959,0.0896607393015757,0.38317991981746036,-0.03375169834519286,2.1647701581392216
Morse Reservoir,PLSR,10,full_minus_repr0,-0.0514282556768954,2.1581420730068412,0.09139443064935335,0.3581802182403485,-0.06498185163257963,2.1449230739749408
Morse Reservoir,PLSR,10,full_minus_repr1,0.0044555203649702495,2.321701397287084,0.08427413246805975,0.41066902598824845,-0.013321950553918707,2.318052003381544
Morse Reservoir,PLSR,10,intercept_only,0.0,0.0,0.221138668163574,-0.5705026341674004,0.0,2.2204460492503132e-17
Morse Reservoir,PLSR,10,repr_only,-0.01015722728693195,2.196753243269959,0.0896607393015757,0.38317991981746036,-0.03375169834519286,2.1647701581392216
Morse Reservoir,PLSR,10,source_only,0.0,0.0,0.20816382590867286,-0.47585900687905636,0.0,0.0
Morse Reservoir,XGBoost,5,affine_only,0.0,0.0497953487398225,0.09482197510946219,0.3599425091103311,0.0,0.04840980798477555
Morse Reservoir,XGBoost,5,full,-0.03344419193625735,0.11490142767605505,0.0923961726335453,0.36962963891097694,-0.07846922375706786,-0.1056493159420268
Morse Reservoir,XGBoost,5,full_minus_affine,-0.034800797269065945,0.1114022108786564,0.0925487453994403,0.36487126756121413,-0.07954294860551327,-0.10398675621065691
Morse Reservoir,XGBoost,5,full_minus_repr0,0.0,0.0497953487398225,0.09482197510946219,0.3599425091103311,0.0,0.04840980798477555
Morse Reservoir,XGBoost,5,intercept_only,0.0,0.0,0.09709499960661569,0.33221625804819066,0.0,-2.7776445921112674e-10
Morse Reservoir,XGBoost,5,repr_only,-0.034800797269065945,0.1114022108786564,0.0925487453994403,0.36487126756121413,-0.07954294860551327,-0.10398675621065691
Morse Reservoir,XGBoost,5,source_only,0.0,0.0,0.09438426981116825,0.34258897733918653,0.0,0.0
Morse Reservoir,XGBoost,10,affine_only,0.0,0.09806034990327465,0.08688884930392085,0.40385402987560703,0.0,0.08981999548191774
Morse Reservoir,XGBoost,10,full,-0.0472500381139195,0.1204863644632894,0.0879353638285614,0.39389752963194485,-0.06373312210930351,0.05820406011354273
Morse Reservoir,XGBoost,10,full_minus_affine,-0.052816728774637056,0.1098101946015326,0.08907155519537445,0.382232669708909,-0.0682703081436328,0.0485205738672416
Morse Reservoir,XGBoost,10,full_minus_repr0,-0.0496303131432459,0.1358988016192986,0.08264245809061005,0.4148528100375959,-0.05885599213517536,0.10795374335030555
Morse Reservoir,XGBoost,10,full_minus_repr1,-0.0271234950726756,0.14807946610113504,0.08372727248527059,0.40881498953139483,-0.042304429030424605,0.11589538994259047
Morse Reservoir,XGBoost,10,intercept_only,0.0,0.0,0.09486934335023545,0.3331809512232893,0.0,-2.0463276440008126e-09
Morse Reservoir,XGBoost,10,repr_only,-0.052816728774637056,0.1098101946015326,0.08907155519537445,0.382232669708909,-0.0682703081436328,0.0485205738672416
Morse Reservoir,XGBoost,10,source_only,0.0,0.0,0.09357444178943064,0.34346703546054785,0.0,0.0
Taihu,MLP,5,affine_only,0.0,-0.004910233943903599,0.1908461923923499,0.3479905091261859,0.0,-0.02218472619333118
Taihu,MLP,5,full,0.07720101940704165,0.11135104688085865,0.18605018352963226,0.3817055246579347,0.034714641067452576,-0.03318663871231655
Taihu,MLP,5,full_minus_affine,0.0785892415965752,0.10048053743590085,0.186141728659506,0.3808743947361767,0.03562752458380894,-0.07897904927267266
Taihu,MLP,5,full_minus_repr0,0.0,-0.004910233943903599,0.1908461923923499,0.3479905091261859,0.0,-0.02218472619333118
Taihu,MLP,5,intercept_only,0.0,0.0,0.19331049087327679,0.34021550411187973,0.0,1.3322676295501876e-17
Taihu,MLP,5,repr_only,0.0785892415965752,0.10048053743590085,0.186141728659506,0.3808743947361767,0.03562752458380894,-0.07897904927267266
Taihu,MLP,5,source_only,0.0,0.0,0.24867431826856695,0.15888208171673746,0.0,0.0
Taihu,MLP,10,affine_only,0.0,-0.00818137149542245,0.19129381609885643,0.3431793817015658,0.0,-0.02362666050262427
Taihu,MLP,10,full,0.13926756883292235,0.03030249461509175,0.17262167597721645,0.41548445637576786,0.10827987497771291,-0.08583089527513653
Taihu,MLP,10,full_minus_affine,0.13745614326787836,0.0005328427392519,0.1727298102693256,0.404568182157766,0.0977437191447406,-0.13268696499618313
Taihu,MLP,10,full_minus_repr0,0.0690726058712392,-0.0465880327816957,0.18945017874883263,0.3603053652414969,0.02609088373420253,-0.21660359882210362
Taihu,MLP,10,full_minus_repr1,0.08500412274345935,0.12357264786549195,0.18098801082830485,0.3808724240560554,0.0625911228671741,0.08442665595143486
Taihu,MLP,10,intercept_only,0.0,0.0,0.19379487972456133,0.33435466996322294,0.0,-4.4408920985006255e-18
Taihu,MLP,10,repr_only,0.13745614326787836,0.0005328427392519,0.1727298102693256,0.404568182157766,0.0977437191447406,-0.13268696499618313
Taihu,MLP,10,source_only,0.0,0.0,0.2490889351347414,0.13799838055800256,0.0,0.0
Taihu,PLSR,5,affine_only,0.0,0.04417725366779995,0.2189713847903981,0.27706110748154905,0.0,0.02427810957971634
Taihu,PLSR,5,full,-0.008498312314577601,-0.047221440399595846,0.2406735061670625,0.2069009741722157,-0.11675233841473683,-0.23784494813524984
Taihu,PLSR,5,full_minus_affine,-0.016074342465689798,-0.07695408519540406,0.25121420578917253,0.17826955403781608,-0.1275914748845163,-0.29395258455107265
Taihu,PLSR,5,full_minus_repr0,0.0,0.04417725366779995,0.2189713847903981,0.27706110748154905,0.0,0.02427810957971634
Taihu,PLSR,5,intercept_only,0.0,0.0,0.22262898414760712,0.24466378588888615,0.0,-2.2204460492503124e-18
Taihu,PLSR,5,repr_only,-0.016074342465689798,-0.07695408519540406,0.25121420578917253,0.17826955403781608,-0.1275914748845163,-0.29395258455107265
Taihu,PLSR,5,source_only,0.0,0.0,0.2114201041110983,0.28501789732397864,0.0,0.0
Taihu,PLSR,10,affine_only,0.0,0.06883339094315816,0.21161452547323423,0.2792140546329567,0.0,0.03921716105892845
Taihu,PLSR,10,full,-0.0346485460531496,-0.04340392979638625,0.23873211080131657,0.19319513945969716,-0.07878571798609003,-0.2815245907918425
Taihu,PLSR,10,full_minus_affine,-0.0480320368359054,-0.0653894380353953,0.2428800037537612,0.16484848722319095,-0.09843409182201249,-0.32297742824775666
Taihu,PLSR,10,full_minus_repr0,-0.018697762839871,0.006810216093328851,0.22557980273454237,0.22560667191455605,-0.03936147580335656,-0.17477043486264676
Taihu,PLSR,10,full_minus_repr1,0.00651169322649865,0.02612570397494545,0.22267020150142192,0.24169420258726648,-0.0478590567078985,-0.03489518475413164
Taihu,PLSR,10,intercept_only,0.0,0.0,0.2194424780809638,0.23594662836829206,0.0,-1.1102230246251564e-18
Taihu,PLSR,10,repr_only,-0.0480320368359054,-0.0653894380353953,0.2428800037537612,0.16484848722319095,-0.09843409182201249,-0.32297742824775666
Taihu,PLSR,10,source_only,0.0,0.0,0.21191893457873495,0.2703749524778567,0.0,0.0
Taihu,XGBoost,5,affine_only,0.0,-0.00051356030385265,0.1814592881572659,0.4035464449778643,0.0,-0.007207701669483322
Taihu,XGBoost,5,full,0.00326813063519025,-0.03328166056774035,0.20596622821546912,0.3139102691010818,-0.054661800726801754,-0.18692134078530187
Taihu,XGBoost,5,full_minus_affine,0.0005272283843769,-0.04665703682218415,0.20609328059584459,0.3090085989088053,-0.0561307656707681,-0.20677466346827206
Taihu,XGBoost,5,full_minus_repr0,0.0,-0.00051356030385265,0.1814592881572659,0.4035464449778643,0.0,-0.007207701669483322
Taihu,XGBoost,5,intercept_only,0.0,9.086956187509541e-10,0.1796711460898413,0.40149628919713265,0.0,1.3114000518843485e-09
Taihu,XGBoost,5,repr_only,0.0005272283843769,-0.04665703682218415,0.20609328059584459,0.3090085989088053,-0.0561307656707681,-0.20677466346827206
Taihu,XGBoost,5,source_only,0.0,0.0,0.17539271028608355,0.40474437898539817,0.0,0.0
Taihu,XGBoost,10,affine_only,0.0,0.0011045008549440002,0.17594845260746736,0.39375919142978577,0.0,-0.010638476357873803
Taihu,XGBoost,10,full,-0.0082655555021038,-0.064808879202878,0.2020337335163038,0.31636099752082447,-0.047253792900158985,-0.20031513734371742
Taihu,XGBoost,10,full_minus_affine,-0.01642950667290135,-0.0997691970846592,0.2029843678971105,0.3144067763977335,-0.05553465977751175,-0.21955213121414738
Taihu,XGBoost,10,full_minus_repr0,-0.0064856307532165005,-0.04451729289783135,0.18956334564996255,0.3592378635333991,-0.03521327100169416,-0.1552473421719398
Taihu,XGBoost,10,full_minus_repr1,0.0072803698845894,-0.00810028500714155,0.18398136294234652,0.36745358537101946,-0.010278296802358772,-0.04511752376770832
Taihu,XGBoost,10,intercept_only,0.0,-1.3428891332267767e-10,0.17446903793617868,0.39689329679095176,0.0,-4.4843647128978147e-10
Taihu,XGBoost,10,repr_only,-0.01642950667290135,-0.0997691970846592,0.2029843678971105,0.3144067763977335,-0.05553465977751175,-0.21955213121414738
Taihu,XGBoost,10,source_only,0.0,0.0,0.17616007178390425,0.3915983851634665,0.0,0.0
