lake,learner,k,estimand,method,mae_log_median,rer_log_median,label_mae_log_median,delta_mae_median_manuscript,mae_method_median,mae_random_median,query_size_median,n_usable_repeats
Branched Oak Lake,MLP,1,own_pool,farthest_point_kennard_stone,0.1479016335477832,-0.0632883346076695,0.1390983311873466,,,,,
Branched Oak Lake,MLP,1,own_pool,proposed_weighted_d_optimal,0.1142739917800762,0.3031005034241053,0.1639748563064666,,,,,
Branched Oak Lake,MLP,1,own_pool,repeated_random,0.09188055009265761,0.3152662125214196,0.137502755446867,,,,,
Branched Oak Lake,MLP,1,own_pool,unweighted_d_optimal,0.3186000098806877,0.1580603951067352,0.3784119545031755,,,,,
Branched Oak Lake,MLP,3,own_pool,farthest_point_kennard_stone,0.0659022461117534,0.3852912652703383,0.1072089043824125,,,,,
Branched Oak Lake,MLP,3,own_pool,proposed_weighted_d_optimal,0.090835660214024,0.4443137031651352,0.1634657272899336,,,,,
Branched Oak Lake,MLP,3,own_pool,repeated_random,0.08581967395063195,0.3244686299498716,0.12399493054975194,,,,,
Branched Oak Lake,MLP,3,own_pool,unweighted_d_optimal,0.0941167482313667,0.3105606304863375,0.1365120059844623,,,,,
Branched Oak Lake,MLP,5,own_pool,farthest_point_kennard_stone,0.0860763302465819,0.2221966830782794,0.1106659364853436,,,,,
Branched Oak Lake,MLP,5,own_pool,proposed_weighted_d_optimal,0.0932316025779688,0.4507761559038633,0.1697515650274846,,,,,
Branched Oak Lake,MLP,5,own_pool,repeated_random,0.07789440791648165,0.3873609038187315,0.1216898830070364,,,,,
Branched Oak Lake,MLP,5,own_pool,unweighted_d_optimal,0.0764739046422927,0.4090925412690011,0.1294177414809578,,,,,
Branched Oak Lake,MLP,10,own_pool,farthest_point_kennard_stone,0.0516848348915365,0.465131993054466,0.0966310171326429,,,,,
Branched Oak Lake,MLP,10,own_pool,proposed_weighted_d_optimal,0.0649188155178362,0.3540713782023083,0.1005046329699305,,,,,
Branched Oak Lake,MLP,10,own_pool,repeated_random,0.06881702380269974,0.42577201096542916,0.11951003775983275,,,,,
Branched Oak Lake,MLP,10,own_pool,unweighted_d_optimal,0.0630751723474622,0.2718946899123544,0.0866291924980144,,,,,
Branched Oak Lake,PLSR,1,own_pool,farthest_point_kennard_stone,0.2559557720534802,-0.8401066459070308,0.1390983311873466,,,,,
Branched Oak Lake,PLSR,1,own_pool,proposed_weighted_d_optimal,0.1452980453140268,0.1139004495819082,0.1639748563064666,,,,,
Branched Oak Lake,PLSR,1,own_pool,repeated_random,0.1242733065320692,0.06477910384789755,0.13239202132884303,,,,,
Branched Oak Lake,PLSR,1,own_pool,unweighted_d_optimal,0.4978865927520396,-0.3157263761618232,0.3784119545031755,,,,,
Branched Oak Lake,PLSR,3,own_pool,farthest_point_kennard_stone,0.0996629122230954,0.0703858648582211,0.1072089043824125,,,,,
Branched Oak Lake,PLSR,3,own_pool,proposed_weighted_d_optimal,0.1284393744751355,0.2142733602496349,0.1634657272899336,,,,,
Branched Oak Lake,PLSR,3,own_pool,repeated_random,0.11563660950008664,0.0746816738109023,0.12538808979315447,,,,,
Branched Oak Lake,PLSR,3,own_pool,unweighted_d_optimal,0.1000940592183317,0.2667746608494565,0.1365120059844623,,,,,
Branched Oak Lake,PLSR,5,own_pool,farthest_point_kennard_stone,0.1603472417081262,-0.4489303783197869,0.1106659364853436,,,,,
Branched Oak Lake,PLSR,5,own_pool,proposed_weighted_d_optimal,0.156359203473994,0.0788938868539057,0.1697515650274846,,,,,
Branched Oak Lake,PLSR,5,own_pool,repeated_random,0.1195226080892387,0.043447087098074946,0.12152700243333835,,,,,
Branched Oak Lake,PLSR,5,own_pool,unweighted_d_optimal,0.121066730193321,0.0645275566301695,0.1294177414809578,,,,,
Branched Oak Lake,PLSR,10,own_pool,farthest_point_kennard_stone,0.0704493121263947,0.2709451175584554,0.0966310171326429,,,,,
Branched Oak Lake,PLSR,10,own_pool,proposed_weighted_d_optimal,0.0801294378193103,0.2027288943926319,0.1005046329699305,,,,,
Branched Oak Lake,PLSR,10,own_pool,repeated_random,0.09362090012664426,0.20304179351426166,0.11987574868527631,,,,,
Branched Oak Lake,PLSR,10,own_pool,unweighted_d_optimal,0.0752048467972344,0.1318763808433065,0.0866291924980144,,,,,
Branched Oak Lake,XGBoost,1,own_pool,farthest_point_kennard_stone,0.0863074116010739,0.3795222799614155,0.1390983311873466,,,,,
Branched Oak Lake,XGBoost,1,own_pool,proposed_weighted_d_optimal,0.1589783820294269,0.0304709763733019,0.1639748563064666,,,,,
Branched Oak Lake,XGBoost,1,own_pool,repeated_random,0.10107258390009324,0.2743489939955662,0.1335607920282562,,,,,
Branched Oak Lake,XGBoost,1,own_pool,unweighted_d_optimal,0.3776368487291465,0.0020483120163674,0.3784119545031755,,,,,
Branched Oak Lake,XGBoost,3,own_pool,farthest_point_kennard_stone,0.0963717489218291,0.1010844622670783,0.1072089043824125,,,,,
Branched Oak Lake,XGBoost,3,own_pool,proposed_weighted_d_optimal,0.0807648685976914,0.505921669356059,0.1634657272899336,,,,,
Branched Oak Lake,XGBoost,3,own_pool,repeated_random,0.08689367384500435,0.30475273556979154,0.12389004876867785,,,,,
Branched Oak Lake,XGBoost,3,own_pool,unweighted_d_optimal,0.0820718136980264,0.3987941419943,0.1365120059844623,,,,,
Branched Oak Lake,XGBoost,5,own_pool,farthest_point_kennard_stone,0.1484170268237015,-0.3411265302227146,0.1106659364853436,,,,,
Branched Oak Lake,XGBoost,5,own_pool,proposed_weighted_d_optimal,0.0972614681981707,0.4270363725201193,0.1697515650274846,,,,,
Branched Oak Lake,XGBoost,5,own_pool,repeated_random,0.0985136735597758,0.18407924602994358,0.1202603009342714,,,,,
Branched Oak Lake,XGBoost,5,own_pool,unweighted_d_optimal,0.0828019522634633,0.360196253481914,0.1294177414809578,,,,,
Branched Oak Lake,XGBoost,10,own_pool,farthest_point_kennard_stone,0.0795393287644537,0.176875780744086,0.0966310171326429,,,,,
Branched Oak Lake,XGBoost,10,own_pool,proposed_weighted_d_optimal,0.085907551816553,0.145237878788791,0.1005046329699305,,,,,
Branched Oak Lake,XGBoost,10,own_pool,repeated_random,0.0947656856171032,0.20785471199836694,0.11958571180680885,,,,,
Branched Oak Lake,XGBoost,10,own_pool,unweighted_d_optimal,0.08355733712232,0.0354598136323007,0.0866291924980144,,,,,
Chaohu,MLP,1,own_pool,farthest_point_kennard_stone,0.3668113434679133,0.3038074257556852,0.5268820152299736,,,,,
Chaohu,MLP,1,own_pool,proposed_weighted_d_optimal,0.3439361462489955,0.2709968572102779,0.4717896656011688,,,,,
Chaohu,MLP,1,own_pool,repeated_random,0.2320412124682009,0.3659536618441714,0.314329505228098,,,,,
Chaohu,MLP,1,own_pool,unweighted_d_optimal,0.3048771950509753,0.5642398836841253,0.6996445734202397,,,,,
Chaohu,MLP,3,own_pool,farthest_point_kennard_stone,0.1373068606888388,0.4077864706014024,0.2318536439147901,,,,,
Chaohu,MLP,3,own_pool,proposed_weighted_d_optimal,0.3373480953444496,0.3114168681200736,0.4899162974521489,,,,,
Chaohu,MLP,3,own_pool,repeated_random,0.1792650436632755,0.3932004336311214,0.2843444994791947,,,,,
Chaohu,MLP,3,own_pool,unweighted_d_optimal,0.1373068606888388,0.4077864706014024,0.2318536439147901,,,,,
Chaohu,MLP,5,own_pool,farthest_point_kennard_stone,0.2014003196419447,0.1709914193132669,0.2429411782264342,,,,,
Chaohu,MLP,5,own_pool,proposed_weighted_d_optimal,0.2192188916768166,0.3460997382364366,0.3352482143784169,,,,,
Chaohu,MLP,5,own_pool,repeated_random,0.19677723990917356,0.32260591818381945,0.28643142882136685,,,,,
Chaohu,MLP,5,own_pool,unweighted_d_optimal,0.1793228700102944,0.1087119487698001,0.2011951925641812,,,,,
Chaohu,MLP,10,own_pool,farthest_point_kennard_stone,0.1790916780762164,0.2470816576323231,0.2378633517996778,,,,,
Chaohu,MLP,10,own_pool,proposed_weighted_d_optimal,0.1514229963421282,0.3263251139070082,0.2247716260933577,,,,,
Chaohu,MLP,10,own_pool,repeated_random,0.19070606458898148,0.31693676180078345,0.27598432245917404,,,,,
Chaohu,MLP,10,own_pool,unweighted_d_optimal,0.1618293302018048,0.2967069065599667,0.2301022641603295,,,,,
Chaohu,PLSR,1,own_pool,farthest_point_kennard_stone,0.2017469219909181,0.6170927791608385,0.5268820152299736,,,,,
Chaohu,PLSR,1,own_pool,proposed_weighted_d_optimal,0.2822051448713702,0.4018411816414257,0.4717896656011688,,,,,
Chaohu,PLSR,1,own_pool,repeated_random,0.210659397372785,0.35553964780899694,0.2980525651097964,,,,,
Chaohu,PLSR,1,own_pool,unweighted_d_optimal,0.1707269641368642,0.7559804246575327,0.6996445734202397,,,,,
Chaohu,PLSR,3,own_pool,farthest_point_kennard_stone,0.1770491291088411,0.2363754630586519,0.2318536439147901,,,,,
Chaohu,PLSR,3,own_pool,proposed_weighted_d_optimal,0.238690270884237,0.5127937624171648,0.4899162974521489,,,,,
Chaohu,PLSR,3,own_pool,repeated_random,0.18282195556043562,0.37117067132836096,0.2880563735530105,,,,,
Chaohu,PLSR,3,own_pool,unweighted_d_optimal,0.1770491291088411,0.2363754630586519,0.2318536439147901,,,,,
Chaohu,PLSR,5,own_pool,farthest_point_kennard_stone,0.1935239789487571,0.2034121905735373,0.2429411782264342,,,,,
Chaohu,PLSR,5,own_pool,proposed_weighted_d_optimal,0.2500583376284021,0.2541098522086587,0.3352482143784169,,,,,
Chaohu,PLSR,5,own_pool,repeated_random,0.20251255982762278,0.2836035178840096,0.27883876067959523,,,,,
Chaohu,PLSR,5,own_pool,unweighted_d_optimal,0.1943814369296461,0.0338663921788168,0.2011951925641812,,,,,
Chaohu,PLSR,10,own_pool,farthest_point_kennard_stone,0.2065942665928226,0.1314581824215076,0.2378633517996778,,,,,
Chaohu,PLSR,10,own_pool,proposed_weighted_d_optimal,0.1631881256808217,0.2739825250324629,0.2247716260933577,,,,,
Chaohu,PLSR,10,own_pool,repeated_random,0.2141043000954945,0.2217686287298827,0.27958625758847,,,,,
Chaohu,PLSR,10,own_pool,unweighted_d_optimal,0.1934024842161048,0.1594933386823167,0.2301022641603295,,,,,
Chaohu,XGBoost,1,own_pool,farthest_point_kennard_stone,0.3118856364705939,0.4080541154645349,0.5268820152299736,,,,,
Chaohu,XGBoost,1,own_pool,proposed_weighted_d_optimal,0.383679105235508,0.1867581359286585,0.4717896656011688,,,,,
Chaohu,XGBoost,1,own_pool,repeated_random,0.1995004720078836,0.35850020116104214,0.3061910351689472,,,,,
Chaohu,XGBoost,1,own_pool,unweighted_d_optimal,0.1792302578697052,0.7438266912701145,0.6996445734202397,,,,,
Chaohu,XGBoost,3,own_pool,farthest_point_kennard_stone,0.1626035477259101,0.2986802020136826,0.2318536439147901,,,,,
Chaohu,XGBoost,3,own_pool,proposed_weighted_d_optimal,0.297290768685834,0.3931804796784173,0.4899162974521489,,,,,
Chaohu,XGBoost,3,own_pool,repeated_random,0.19226790808968797,0.3439621872759361,0.28710866007140445,,,,,
Chaohu,XGBoost,3,own_pool,unweighted_d_optimal,0.1626035477259101,0.2986802020136826,0.2318536439147901,,,,,
Chaohu,XGBoost,5,own_pool,farthest_point_kennard_stone,0.200082094708255,0.176417526525935,0.2429411782264342,,,,,
Chaohu,XGBoost,5,own_pool,proposed_weighted_d_optimal,0.2359628455377434,0.296154794032864,0.3352482143784169,,,,,
Chaohu,XGBoost,5,own_pool,repeated_random,0.20853877810309096,0.2684557432492928,0.2820573775047316,,,,,
Chaohu,XGBoost,5,own_pool,unweighted_d_optimal,0.1871401319376292,0.0698578318340786,0.2011951925641812,,,,,
Chaohu,XGBoost,10,own_pool,farthest_point_kennard_stone,0.175241493363322,0.2632681971807588,0.2378633517996778,,,,,
Chaohu,XGBoost,10,own_pool,proposed_weighted_d_optimal,0.1514524171681021,0.3261942218314542,0.2247716260933577,,,,,
Chaohu,XGBoost,10,own_pool,repeated_random,0.21512500023575531,0.2372664218886602,0.289361868248111,,,,,
Chaohu,XGBoost,10,own_pool,unweighted_d_optimal,0.1780989425591635,0.226000902385395,0.2301022641603295,,,,,
Dianchi,MLP,1,own_pool,farthest_point_kennard_stone,0.3434763481562523,-0.5861254735988773,0.2165505491287891,,,,,
Dianchi,MLP,1,own_pool,proposed_weighted_d_optimal,0.3079991630453038,-1.4236104812761046,0.1270827763737958,,,,,
Dianchi,MLP,1,own_pool,repeated_random,0.33107327003407416,-1.7524748047771523,0.1206067776777127,,,,,
Dianchi,MLP,1,own_pool,unweighted_d_optimal,3.155023272827042,-30.37070390700479,0.1005722720941405,,,,,
Dianchi,MLP,3,own_pool,farthest_point_kennard_stone,0.366114307515078,-2.6567933042010523,0.100118943153429,,,,,
Dianchi,MLP,3,own_pool,proposed_weighted_d_optimal,0.2270586701961397,-1.1764282252230591,0.1043262790844327,,,,,
Dianchi,MLP,3,own_pool,repeated_random,0.3091626268275559,-1.7292142898599268,0.1107393964437478,,,,,
Dianchi,MLP,3,own_pool,unweighted_d_optimal,0.0979327416719023,-0.0057275752818057,0.0973750188635185,,,,,
Dianchi,MLP,5,own_pool,farthest_point_kennard_stone,0.1535508439427531,-0.4447061848558368,0.1062851679499203,,,,,
Dianchi,MLP,5,own_pool,proposed_weighted_d_optimal,0.1443652769387086,-0.4134927546889341,0.1021337196988685,,,,,
Dianchi,MLP,5,own_pool,repeated_random,0.18586990401653858,-0.6861762525212338,0.1098601649408818,,,,,
Dianchi,MLP,5,own_pool,unweighted_d_optimal,0.1355837909954522,-0.424341059064474,0.0951905345206399,,,,,
Dianchi,MLP,10,own_pool,farthest_point_kennard_stone,0.1252940993088477,-0.2246867928034135,0.1023070533611053,,,,,
Dianchi,MLP,10,own_pool,proposed_weighted_d_optimal,0.1219105982403066,-0.121110801510852,0.1087408995300975,,,,,
Dianchi,MLP,10,own_pool,repeated_random,0.13545740009687068,-0.29125552455849013,0.10561825610618915,,,,,
Dianchi,MLP,10,own_pool,unweighted_d_optimal,0.1444424018021169,-0.5089118534629529,0.0957261992352324,,,,,
Dianchi,PLSR,1,own_pool,farthest_point_kennard_stone,0.4317190257108762,-0.9936177373438224,0.2165505491287891,,,,,
Dianchi,PLSR,1,own_pool,proposed_weighted_d_optimal,0.2627927475870845,-1.067886336817617,0.1270827763737958,,,,,
Dianchi,PLSR,1,own_pool,repeated_random,0.2886613909809007,-1.4360606182317786,0.1248956891296579,,,,,
Dianchi,PLSR,1,own_pool,unweighted_d_optimal,2.380043837384419,-22.665007871220244,0.1005722720941405,,,,,
Dianchi,PLSR,3,own_pool,farthest_point_kennard_stone,0.2435997964947115,-1.4331038112374468,0.100118943153429,,,,,
Dianchi,PLSR,3,own_pool,proposed_weighted_d_optimal,0.2307408012681761,-1.211722599290716,0.1043262790844327,,,,,
Dianchi,PLSR,3,own_pool,repeated_random,0.25703589923761705,-1.1771369231621807,0.11009589347065521,,,,,
Dianchi,PLSR,3,own_pool,unweighted_d_optimal,0.1102778687377416,-0.1325067630255374,0.0973750188635185,,,,,
Dianchi,PLSR,5,own_pool,farthest_point_kennard_stone,0.1398234692039198,-0.3155501256233693,0.1062851679499203,,,,,
Dianchi,PLSR,5,own_pool,proposed_weighted_d_optimal,0.1868794119597404,-0.8297522523728103,0.1021337196988685,,,,,
Dianchi,PLSR,5,own_pool,repeated_random,0.1839036320701346,-0.7233448026125613,0.10571194094318154,,,,,
Dianchi,PLSR,5,own_pool,unweighted_d_optimal,0.1441131589374877,-0.5139441597189313,0.0951905345206399,,,,,
Dianchi,PLSR,10,own_pool,farthest_point_kennard_stone,0.1206902292294246,-0.1796862822993321,0.1023070533611053,,,,,
Dianchi,PLSR,10,own_pool,proposed_weighted_d_optimal,0.1692601914442381,-0.5565457579457709,0.1087408995300975,,,,,
Dianchi,PLSR,10,own_pool,repeated_random,0.17533832632205992,-0.6712411752840886,0.10488044951868164,,,,,
Dianchi,PLSR,10,own_pool,unweighted_d_optimal,0.1394559058189042,-0.4568206234534246,0.0957261992352324,,,,,
Dianchi,XGBoost,1,own_pool,farthest_point_kennard_stone,0.2557841378357007,-0.1811751900560932,0.2165505491287891,,,,,
Dianchi,XGBoost,1,own_pool,proposed_weighted_d_optimal,0.2261741761474243,-0.7797389607288373,0.1270827763737958,,,,,
Dianchi,XGBoost,1,own_pool,repeated_random,0.2588646833362,-1.1630527183863395,0.12038642894735904,,,,,
Dianchi,XGBoost,1,own_pool,unweighted_d_optimal,0.6066480652724909,-5.03196092045161,0.1005722720941405,,,,,
Dianchi,XGBoost,3,own_pool,farthest_point_kennard_stone,0.3970954996992917,-2.9662371328509183,0.100118943153429,,,,,
Dianchi,XGBoost,3,own_pool,proposed_weighted_d_optimal,0.1568043667896159,-0.5030188283866973,0.1043262790844327,,,,,
Dianchi,XGBoost,3,own_pool,repeated_random,0.2300026344064633,-1.0147888808980798,0.11037859118486834,,,,,
Dianchi,XGBoost,3,own_pool,unweighted_d_optimal,0.1648842264932359,-0.6932907586023798,0.0973750188635185,,,,,
Dianchi,XGBoost,5,own_pool,farthest_point_kennard_stone,0.1881433768576615,-0.7701752068036362,0.1062851679499203,,,,,
Dianchi,XGBoost,5,own_pool,proposed_weighted_d_optimal,0.2432681784312163,-1.381859442012635,0.1021337196988685,,,,,
Dianchi,XGBoost,5,own_pool,repeated_random,0.22405489014365743,-1.0284852832857236,0.10654499629135375,,,,,
Dianchi,XGBoost,5,own_pool,unweighted_d_optimal,0.1700510206072612,-0.786427753550559,0.0951905345206399,,,,,
Dianchi,XGBoost,10,own_pool,farthest_point_kennard_stone,0.1494518305967911,-0.460816444992487,0.1023070533611053,,,,,
Dianchi,XGBoost,10,own_pool,proposed_weighted_d_optimal,0.2049613154327764,-0.8848593994521152,0.1087408995300975,,,,,
Dianchi,XGBoost,10,own_pool,repeated_random,0.16963459913435375,-0.6161520527208652,0.10524010039590515,,,,,
Dianchi,XGBoost,10,own_pool,unweighted_d_optimal,0.1254258387840848,-0.3102560916819564,0.0957261992352324,,,,,
Eagle Creek Reservoir,MLP,1,own_pool,farthest_point_kennard_stone,0.2836931748533512,-0.529139972435664,0.1855246574387012,,,,,
Eagle Creek Reservoir,MLP,1,own_pool,proposed_weighted_d_optimal,0.113385846333347,0.3221146537165881,0.1672640516219227,,,,,
Eagle Creek Reservoir,MLP,1,own_pool,repeated_random,0.14707506674021975,0.2754178283283843,0.1882941067890325,,,,,
Eagle Creek Reservoir,MLP,1,own_pool,unweighted_d_optimal,0.2836931748533512,-0.529139972435664,0.1855246574387012,,,,,
Eagle Creek Reservoir,MLP,3,own_pool,farthest_point_kennard_stone,0.1031099566519037,0.3140416085599953,0.1503151810357844,,,,,
Eagle Creek Reservoir,MLP,3,own_pool,proposed_weighted_d_optimal,0.1398186424381651,0.1783639467154092,0.170171018741038,,,,,
Eagle Creek Reservoir,MLP,3,own_pool,repeated_random,0.12115363653609695,0.24111755682848107,0.16210713998802706,,,,,
Eagle Creek Reservoir,MLP,3,own_pool,unweighted_d_optimal,0.153724624559832,0.15997105811289,0.1829992021634433,,,,,
Eagle Creek Reservoir,MLP,5,own_pool,farthest_point_kennard_stone,0.1576705850756243,0.1406078552919396,0.1834675676902589,,,,,
Eagle Creek Reservoir,MLP,5,own_pool,proposed_weighted_d_optimal,0.1127190921900634,0.231278849299564,0.1466319671315738,,,,,
Eagle Creek Reservoir,MLP,5,own_pool,repeated_random,0.12881855120288174,0.16803695526936974,0.1539741858891153,,,,,
Eagle Creek Reservoir,MLP,5,own_pool,unweighted_d_optimal,0.1250169558278331,0.3113210478651736,0.1815315518987553,,,,,
Eagle Creek Reservoir,MLP,10,own_pool,farthest_point_kennard_stone,0.1327953078513809,0.0719852894354104,0.1430961245112625,,,,,
Eagle Creek Reservoir,MLP,10,own_pool,proposed_weighted_d_optimal,0.1146572943423583,0.2596381913802014,0.1548665741585014,,,,,
Eagle Creek Reservoir,MLP,10,own_pool,repeated_random,0.12108526806260035,0.22156354035448395,0.1546042997085821,,,,,
Eagle Creek Reservoir,MLP,10,own_pool,unweighted_d_optimal,0.1118924906129332,0.2733108114639231,0.1539757231994189,,,,,
Eagle Creek Reservoir,PLSR,1,own_pool,farthest_point_kennard_stone,0.5288548919677792,-1.850590755768459,0.1855246574387012,,,,,
Eagle Creek Reservoir,PLSR,1,own_pool,proposed_weighted_d_optimal,0.1575209513359493,0.0582498128497941,0.1672640516219227,,,,,
Eagle Creek Reservoir,PLSR,1,own_pool,repeated_random,0.1881553659566873,0.0801766365419243,0.18596817364874504,,,,,
Eagle Creek Reservoir,PLSR,1,own_pool,unweighted_d_optimal,0.5288548919677792,-1.850590755768459,0.1855246574387012,,,,,
Eagle Creek Reservoir,PLSR,3,own_pool,farthest_point_kennard_stone,0.1605540924300131,-0.068116278359325,0.1503151810357844,,,,,
Eagle Creek Reservoir,PLSR,3,own_pool,proposed_weighted_d_optimal,0.2058411463962962,-0.2096133984683149,0.170171018741038,,,,,
Eagle Creek Reservoir,PLSR,3,own_pool,repeated_random,0.16915190285742976,-0.049609683246087846,0.1636465542237108,,,,,
Eagle Creek Reservoir,PLSR,3,own_pool,unweighted_d_optimal,0.1481659153800543,0.1903466488821719,0.1829992021634433,,,,,
Eagle Creek Reservoir,PLSR,5,own_pool,farthest_point_kennard_stone,0.1856513110401037,-0.0119026117711735,0.1834675676902589,,,,,
Eagle Creek Reservoir,PLSR,5,own_pool,proposed_weighted_d_optimal,0.1168034022805193,0.2034246924481497,0.1466319671315738,,,,,
Eagle Creek Reservoir,PLSR,5,own_pool,repeated_random,0.14836126640437491,0.1031416787913883,0.15556853113393648,,,,,
Eagle Creek Reservoir,PLSR,5,own_pool,unweighted_d_optimal,0.1662594936821217,0.0841289418594389,0.1815315518987553,,,,,
Eagle Creek Reservoir,PLSR,10,own_pool,farthest_point_kennard_stone,0.1525652354805398,-0.0661730730995528,0.1430961245112625,,,,,
Eagle Creek Reservoir,PLSR,10,own_pool,proposed_weighted_d_optimal,0.1182595683961615,0.2363776922003632,0.1548665741585014,,,,,
Eagle Creek Reservoir,PLSR,10,own_pool,repeated_random,0.12250978834040585,0.19710735750321,0.15430391817812678,,,,,
Eagle Creek Reservoir,PLSR,10,own_pool,unweighted_d_optimal,0.1248957592923021,0.1888606944930367,0.1539757231994189,,,,,
Eagle Creek Reservoir,XGBoost,1,own_pool,farthest_point_kennard_stone,0.1754780859122666,0.0541522141779556,0.1855246574387012,,,,,
Eagle Creek Reservoir,XGBoost,1,own_pool,proposed_weighted_d_optimal,0.1452373017030624,0.1316884793139167,0.1672640516219227,,,,,
Eagle Creek Reservoir,XGBoost,1,own_pool,repeated_random,0.170102998384369,0.051224209347338345,0.17638090405517287,,,,,
Eagle Creek Reservoir,XGBoost,1,own_pool,unweighted_d_optimal,0.1754780859122666,0.0541522141779556,0.1855246574387012,,,,,
Eagle Creek Reservoir,XGBoost,3,own_pool,farthest_point_kennard_stone,0.1428453745008154,0.0496942889371095,0.1503151810357844,,,,,
Eagle Creek Reservoir,XGBoost,3,own_pool,proposed_weighted_d_optimal,0.1748347814852082,-0.0274063263216646,0.170171018741038,,,,,
Eagle Creek Reservoir,XGBoost,3,own_pool,repeated_random,0.15632336826888105,0.056022999219379255,0.1686567701016792,,,,,
Eagle Creek Reservoir,XGBoost,3,own_pool,unweighted_d_optimal,0.1439431180697717,0.2134221433630502,0.1829992021634433,,,,,
Eagle Creek Reservoir,XGBoost,5,own_pool,farthest_point_kennard_stone,0.1939435782356289,-0.0571000646395205,0.1834675676902589,,,,,
Eagle Creek Reservoir,XGBoost,5,own_pool,proposed_weighted_d_optimal,0.153605996501449,-0.0475614494621274,0.1466319671315738,,,,,
Eagle Creek Reservoir,XGBoost,5,own_pool,repeated_random,0.16198162004614114,-0.0113891472073204,0.15655278440690876,,,,,
Eagle Creek Reservoir,XGBoost,5,own_pool,unweighted_d_optimal,0.1772643852934717,0.0235064721564146,0.1815315518987553,,,,,
Eagle Creek Reservoir,XGBoost,10,own_pool,farthest_point_kennard_stone,0.1394395405490104,0.0255533384933216,0.1430961245112625,,,,,
Eagle Creek Reservoir,XGBoost,10,own_pool,proposed_weighted_d_optimal,0.1359528815032666,0.1221289457503447,0.1548665741585014,,,,,
Eagle Creek Reservoir,XGBoost,10,own_pool,repeated_random,0.135128042571895,0.13007147119820733,0.1546475472286689,,,,,
Eagle Creek Reservoir,XGBoost,10,own_pool,unweighted_d_optimal,0.1326975806116448,0.1381915328191101,0.1539757231994189,,,,,
Erhai,MLP,1,own_pool,farthest_point_kennard_stone,0.2391443564114891,-0.2772314353497452,0.1872365078249813,,,,,
Erhai,MLP,1,own_pool,proposed_weighted_d_optimal,0.1786497331005619,-0.3848580586041882,0.1290021949484441,,,,,
Erhai,MLP,1,own_pool,repeated_random,0.18183189748256956,-0.0812924293279421,0.150459379580209,,,,,
Erhai,MLP,1,own_pool,unweighted_d_optimal,0.1837511968972857,-0.2059055877753153,0.1523761036527068,,,,,
Erhai,MLP,3,own_pool,farthest_point_kennard_stone,0.1354660255917241,0.0729186526015458,0.1461209706149854,,,,,
Erhai,MLP,3,own_pool,proposed_weighted_d_optimal,0.1247960511780153,0.0539274032274722,0.1319095935587015,,,,,
Erhai,MLP,3,own_pool,repeated_random,0.14451947900652834,0.02506691734694625,0.14429361869000756,,,,,
Erhai,MLP,3,own_pool,unweighted_d_optimal,0.1287933846211138,0.318698081887245,0.1890401074531826,,,,,
Erhai,MLP,5,own_pool,farthest_point_kennard_stone,0.0962046903189334,0.3311548065799478,0.1438370112799218,,,,,
Erhai,MLP,5,own_pool,proposed_weighted_d_optimal,0.1076718963260285,0.1950239709118208,0.1337578938819228,,,,,
Erhai,MLP,5,own_pool,repeated_random,0.1169136080104988,0.1602785129830627,0.14066175941257425,,,,,
Erhai,MLP,5,own_pool,unweighted_d_optimal,0.1013726205543206,0.4014430713192579,0.1693617093234274,,,,,
Erhai,MLP,10,own_pool,farthest_point_kennard_stone,0.0958743064107112,0.3906529807619981,0.1573394261239407,,,,,
Erhai,MLP,10,own_pool,proposed_weighted_d_optimal,0.1073390214297542,0.147782714932172,0.1259526470400541,,,,,
Erhai,MLP,10,own_pool,repeated_random,0.0978739112426379,0.273712682273568,0.13525381409609985,,,,,
Erhai,MLP,10,own_pool,unweighted_d_optimal,0.1247766674498603,0.0512968113437475,0.1315233989458417,,,,,
Erhai,PLSR,1,own_pool,farthest_point_kennard_stone,0.0930704427209043,0.502925744389769,0.1872365078249813,,,,,
Erhai,PLSR,1,own_pool,proposed_weighted_d_optimal,0.1054361845393315,0.1826791287678438,0.1290021949484441,,,,,
Erhai,PLSR,1,own_pool,repeated_random,0.102306898005698,0.3690401653594322,0.150459379580209,,,,,
Erhai,PLSR,1,own_pool,unweighted_d_optimal,0.0925926150197952,0.3923416026291963,0.1523761036527068,,,,,
Erhai,PLSR,3,own_pool,farthest_point_kennard_stone,0.0928959245674708,0.3642532771372335,0.1461209706149854,,,,,
Erhai,PLSR,3,own_pool,proposed_weighted_d_optimal,0.0856138954258061,0.3509653344708386,0.1319095935587015,,,,,
Erhai,PLSR,3,own_pool,repeated_random,0.09818328937572646,0.3172132444034672,0.1460593945478219,,,,,
Erhai,PLSR,3,own_pool,unweighted_d_optimal,0.1032739363265341,0.4536929636001162,0.1890401074531826,,,,,
Erhai,PLSR,5,own_pool,farthest_point_kennard_stone,0.0997960851737413,0.3061863052660985,0.1438370112799218,,,,,
Erhai,PLSR,5,own_pool,proposed_weighted_d_optimal,0.09567854332415,0.2846886012163288,0.1337578938819228,,,,,
Erhai,PLSR,5,own_pool,repeated_random,0.1101625744262896,0.2699264745016121,0.1438607633847053,,,,,
Erhai,PLSR,5,own_pool,unweighted_d_optimal,0.0987773809773206,0.4167667205321231,0.1693617093234274,,,,,
Erhai,PLSR,10,own_pool,farthest_point_kennard_stone,0.0971409480766479,0.3826026044727446,0.1573394261239407,,,,,
Erhai,PLSR,10,own_pool,proposed_weighted_d_optimal,0.1089719162108104,0.1348183613454353,0.1259526470400541,,,,,
Erhai,PLSR,10,own_pool,repeated_random,0.1021120620849096,0.2649767767544261,0.1376675013001264,,,,,
Erhai,PLSR,10,own_pool,unweighted_d_optimal,0.1207160540859834,0.0821705044484403,0.1315233989458417,,,,,
Erhai,XGBoost,1,own_pool,farthest_point_kennard_stone,0.1024183819194649,0.4529999109724942,0.1872365078249813,,,,,
Erhai,XGBoost,1,own_pool,proposed_weighted_d_optimal,0.1246326342763559,0.0338719843884411,0.1290021949484441,,,,,
Erhai,XGBoost,1,own_pool,repeated_random,0.1153637052723045,0.2267478741256998,0.1547943764370767,,,,,
Erhai,XGBoost,1,own_pool,unweighted_d_optimal,0.136788129371686,0.1022993296478784,0.1523761036527068,,,,,
Erhai,XGBoost,3,own_pool,farthest_point_kennard_stone,0.1099974418693709,0.2472165776165746,0.1461209706149854,,,,,
Erhai,XGBoost,3,own_pool,proposed_weighted_d_optimal,0.100177465015792,0.2405596536327109,0.1319095935587015,,,,,
Erhai,XGBoost,3,own_pool,repeated_random,0.1121329742150412,0.2335733213370314,0.1448356120053919,,,,,
Erhai,XGBoost,3,own_pool,unweighted_d_optimal,0.1226149846117759,0.3513810916767832,0.1890401074531826,,,,,
Erhai,XGBoost,5,own_pool,farthest_point_kennard_stone,0.1090091634766332,0.2421341007577597,0.1438370112799218,,,,,
Erhai,XGBoost,5,own_pool,proposed_weighted_d_optimal,0.1172381217148719,0.123505016807336,0.1337578938819228,,,,,
Erhai,XGBoost,5,own_pool,repeated_random,0.11946704046378115,0.1674841976182441,0.13854147772128425,,,,,
Erhai,XGBoost,5,own_pool,unweighted_d_optimal,0.1293170189481245,0.2364447558472771,0.1693617093234274,,,,,
Erhai,XGBoost,10,own_pool,farthest_point_kennard_stone,0.1203441902433977,0.2351300906620814,0.1573394261239407,,,,,
Erhai,XGBoost,10,own_pool,proposed_weighted_d_optimal,0.1172901279673408,0.0687759931095266,0.1259526470400541,,,,,
Erhai,XGBoost,10,own_pool,repeated_random,0.12006126224582905,0.12461082940621665,0.13527049054895196,,,,,
Erhai,XGBoost,10,own_pool,unweighted_d_optimal,0.1350222088006397,-0.0266021834655966,0.1315233989458417,,,,,
Garda,MLP,1,own_pool,farthest_point_kennard_stone,0.2600533193341796,0.2968595254505012,0.3698454742907393,,,,,
Garda,MLP,1,own_pool,proposed_weighted_d_optimal,0.3104323649230078,-0.1504425000031611,0.269837356858539,,,,,
Garda,MLP,1,own_pool,repeated_random,0.2925512404532177,0.10418948034723916,0.30984806431435385,,,,,
Garda,MLP,1,own_pool,unweighted_d_optimal,0.4274204167251818,0.4363926404490044,0.7583655781741703,,,,,
Garda,MLP,3,own_pool,farthest_point_kennard_stone,0.2353848410928736,0.1774540164286467,0.28616618106311,,,,,
Garda,MLP,3,own_pool,proposed_weighted_d_optimal,0.2374556537705264,0.1582382620611519,0.2820936669494469,,,,,
Garda,MLP,3,own_pool,repeated_random,0.25444196744316255,0.12350595821378049,0.29483606508236676,,,,,
Garda,MLP,3,own_pool,unweighted_d_optimal,0.2458517581125675,0.0393999959553405,0.2559356209362846,,,,,
Garda,MLP,5,own_pool,farthest_point_kennard_stone,0.2941985379947349,-0.1398566475000754,0.2581013474294354,,,,,
Garda,MLP,5,own_pool,proposed_weighted_d_optimal,0.2771632960332088,0.0079186622555012,0.2793755769486878,,,,,
Garda,MLP,5,own_pool,repeated_random,0.2965996131755367,-0.0022472607713519503,0.29041249996865015,,,,,
Garda,MLP,5,own_pool,unweighted_d_optimal,0.2614030594917516,0.068561014349219,0.2806443193857982,,,,,
Garda,MLP,10,own_pool,farthest_point_kennard_stone,0.2437351444482475,0.2011742203743129,0.3051167759936327,,,,,
Garda,MLP,10,own_pool,proposed_weighted_d_optimal,0.3505909648001953,-0.3651799750945037,0.2568093346989843,,,,,
Garda,MLP,10,own_pool,repeated_random,0.2821217263635563,0.0132450207481674,0.282125486366243,,,,,
Garda,MLP,10,own_pool,unweighted_d_optimal,0.2699894921882941,0.0061287592659089,0.2716543966501764,,,,,
Garda,PLSR,1,own_pool,farthest_point_kennard_stone,0.4003829182591183,-0.0825681136189652,0.3698454742907393,,,,,
Garda,PLSR,1,own_pool,proposed_weighted_d_optimal,0.2806406713724246,-0.0400363916964443,0.269837356858539,,,,,
Garda,PLSR,1,own_pool,repeated_random,0.3100200534194554,-0.0387047353932383,0.2973633879070849,,,,,
Garda,PLSR,1,own_pool,unweighted_d_optimal,0.6142746349878293,0.1900019534552618,0.7583655781741703,,,,,
Garda,PLSR,3,own_pool,farthest_point_kennard_stone,0.2723157885255287,0.048399821397933,0.28616618106311,,,,,
Garda,PLSR,3,own_pool,proposed_weighted_d_optimal,0.289215690901796,-0.0252470173361077,0.2820936669494469,,,,,
Garda,PLSR,3,own_pool,repeated_random,0.3010545864528344,-0.042806331761775646,0.29532965900166713,,,,,
Garda,PLSR,3,own_pool,unweighted_d_optimal,0.2851192469700874,-0.114027210385052,0.2559356209362846,,,,,
Garda,PLSR,5,own_pool,farthest_point_kennard_stone,0.2794198922822608,-0.0825975696724253,0.2581013474294354,,,,,
Garda,PLSR,5,own_pool,proposed_weighted_d_optimal,0.2894827566363736,-0.036177748378358,0.2793755769486878,,,,,
Garda,PLSR,5,own_pool,repeated_random,0.30669409722069674,-0.06558380659619885,0.282806508599733,,,,,
Garda,PLSR,5,own_pool,unweighted_d_optimal,0.2723446136576177,0.0295737517531346,0.2806443193857982,,,,,
Garda,PLSR,10,own_pool,farthest_point_kennard_stone,0.2747283422195782,0.0995960732710673,0.3051167759936327,,,,,
Garda,PLSR,10,own_pool,proposed_weighted_d_optimal,0.3221256761185601,-0.2543378688035493,0.2568093346989843,,,,,
Garda,PLSR,10,own_pool,repeated_random,0.30801221625585895,-0.09014008120245275,0.28065338157685316,,,,,
Garda,PLSR,10,own_pool,unweighted_d_optimal,0.2989471794128778,-0.1004687650727039,0.2716543966501764,,,,,
Garda,XGBoost,1,own_pool,farthest_point_kennard_stone,0.3444400459539315,0.0686920062996803,0.3698454742907393,,,,,
Garda,XGBoost,1,own_pool,proposed_weighted_d_optimal,0.5197481516574926,-0.9261534001329328,0.269837356858539,,,,,
Garda,XGBoost,1,own_pool,repeated_random,0.3219032373782964,0.0686920062996805,0.3268344249825915,,,,,
Garda,XGBoost,1,own_pool,unweighted_d_optimal,0.5647814682309336,0.2552648919755271,0.7583655781741703,,,,,
Garda,XGBoost,3,own_pool,farthest_point_kennard_stone,0.3217592808116699,-0.1243791225522875,0.28616618106311,,,,,
Garda,XGBoost,3,own_pool,proposed_weighted_d_optimal,0.2542676757671494,0.0986409602767668,0.2820936669494469,,,,,
Garda,XGBoost,3,own_pool,repeated_random,0.2942563768325773,0.007249584251367749,0.3002901030126735,,,,,
Garda,XGBoost,3,own_pool,unweighted_d_optimal,0.2930116995304896,-0.1448648570680459,0.2559356209362846,,,,,
Garda,XGBoost,5,own_pool,farthest_point_kennard_stone,0.2465504110008635,0.0447534896507853,0.2581013474294354,,,,,
Garda,XGBoost,5,own_pool,proposed_weighted_d_optimal,0.3248578295872634,-0.1627996674130625,0.2793755769486878,,,,,
Garda,XGBoost,5,own_pool,repeated_random,0.3194358961093697,-0.08945392465386255,0.2881823446823255,,,,,
Garda,XGBoost,5,own_pool,unweighted_d_optimal,0.2408296693380631,0.1418687138089379,0.2806443193857982,,,,,
Garda,XGBoost,10,own_pool,farthest_point_kennard_stone,0.2547194261783918,0.1651739665882972,0.3051167759936327,,,,,
Garda,XGBoost,10,own_pool,proposed_weighted_d_optimal,0.3148333786370274,-0.2259421050509478,0.2568093346989843,,,,,
Garda,XGBoost,10,own_pool,repeated_random,0.3042998872760573,-0.07560847770444229,0.28177147421877424,,,,,
Garda,XGBoost,10,own_pool,unweighted_d_optimal,0.2379401891863842,0.1241069779781181,0.2716543966501764,,,,,
Geist Reservoir,MLP,1,own_pool,farthest_point_kennard_stone,0.2626124915457878,-1.6904892292529383,0.0976077033818174,,,,,
Geist Reservoir,MLP,1,own_pool,proposed_weighted_d_optimal,0.1495400174043528,-0.3972571390518106,0.1070239752242457,,,,,
Geist Reservoir,MLP,1,own_pool,repeated_random,0.1360820559925238,-0.21895462151136919,0.1070239752242457,,,,,
Geist Reservoir,MLP,1,own_pool,unweighted_d_optimal,0.2626124915457878,-1.6904892292529383,0.0976077033818174,,,,,
Geist Reservoir,MLP,3,own_pool,farthest_point_kennard_stone,0.1150643564673058,-0.2002759956288293,0.095864913472891,,,,,
Geist Reservoir,MLP,3,own_pool,proposed_weighted_d_optimal,0.1310495596109177,-0.2724185077030752,0.1029924950740449,,,,,
Geist Reservoir,MLP,3,own_pool,repeated_random,0.13147160338429337,-0.2403984399685449,0.10301304974444545,,,,,
Geist Reservoir,MLP,3,own_pool,unweighted_d_optimal,0.1399594757857427,-0.5215301096573423,0.0919860012510441,,,,,
Geist Reservoir,MLP,5,own_pool,farthest_point_kennard_stone,0.1339365815486496,-0.5934992696602229,0.0840518588014262,,,,,
Geist Reservoir,MLP,5,own_pool,proposed_weighted_d_optimal,0.138558161687521,-0.3904109272371209,0.0996526674734497,,,,,
Geist Reservoir,MLP,5,own_pool,repeated_random,0.13943797631157284,-0.34650804901260557,0.10243674828423915,,,,,
Geist Reservoir,MLP,5,own_pool,unweighted_d_optimal,0.1168709732025388,-0.4988716623233518,0.077972631781339,,,,,
Geist Reservoir,MLP,10,own_pool,farthest_point_kennard_stone,0.0998660913009604,-0.0745097420780686,0.0929410750271329,,,,,
Geist Reservoir,MLP,10,own_pool,proposed_weighted_d_optimal,0.128792042501011,-0.3899489982939078,0.092659542731141,,,,,
Geist Reservoir,MLP,10,own_pool,repeated_random,0.13137647263038704,-0.34343060618874444,0.10002139151217745,,,,,
Geist Reservoir,MLP,10,own_pool,unweighted_d_optimal,0.1039891570871304,-0.3625259471142213,0.0763208610317595,,,,,
Geist Reservoir,PLSR,1,own_pool,farthest_point_kennard_stone,0.2881155246746147,-1.951770149020676,0.0976077033818174,,,,,
Geist Reservoir,PLSR,1,own_pool,proposed_weighted_d_optimal,0.1848251187575388,-0.7269505370247387,0.1070239752242457,,,,,
Geist Reservoir,PLSR,1,own_pool,repeated_random,0.142234914398695,-0.1724106224141153,0.11480665530059356,,,,,
Geist Reservoir,PLSR,1,own_pool,unweighted_d_optimal,0.2881155246746147,-1.951770149020676,0.0976077033818174,,,,,
Geist Reservoir,PLSR,3,own_pool,farthest_point_kennard_stone,0.1122676508653491,-0.171102597261203,0.095864913472891,,,,,
Geist Reservoir,PLSR,3,own_pool,proposed_weighted_d_optimal,0.1161983172317708,-0.1282211957873215,0.1029924950740449,,,,,
Geist Reservoir,PLSR,3,own_pool,repeated_random,0.12220533007585635,-0.1802952448396156,0.10373301450284225,,,,,
Geist Reservoir,PLSR,3,own_pool,unweighted_d_optimal,0.1500311004190709,-0.6310209387122203,0.0919860012510441,,,,,
Geist Reservoir,PLSR,5,own_pool,farthest_point_kennard_stone,0.1178034920311112,-0.4015572016539422,0.0840518588014262,,,,,
Geist Reservoir,PLSR,5,own_pool,proposed_weighted_d_optimal,0.108895085708177,-0.0927463111785402,0.0996526674734497,,,,,
Geist Reservoir,PLSR,5,own_pool,repeated_random,0.12220849842756905,-0.16974333205951775,0.10208848765085246,,,,,
Geist Reservoir,PLSR,5,own_pool,unweighted_d_optimal,0.1071178667310076,-0.3737879631089263,0.077972631781339,,,,,
Geist Reservoir,PLSR,10,own_pool,farthest_point_kennard_stone,0.1040916413429551,-0.1199745657430941,0.0929410750271329,,,,,
Geist Reservoir,PLSR,10,own_pool,proposed_weighted_d_optimal,0.1207756220781817,-0.303434222574133,0.092659542731141,,,,,
Geist Reservoir,PLSR,10,own_pool,repeated_random,0.11545625819227605,-0.13210165124401624,0.1036239186121065,,,,,
Geist Reservoir,PLSR,10,own_pool,unweighted_d_optimal,0.0987919652080158,-0.2944293464222312,0.0763208610317595,,,,,
Geist Reservoir,XGBoost,1,own_pool,farthest_point_kennard_stone,0.2669301114695249,-1.7347236424375572,0.0976077033818174,,,,,
Geist Reservoir,XGBoost,1,own_pool,proposed_weighted_d_optimal,0.1416701984378815,-0.3237239123645238,0.1070239752242457,,,,,
Geist Reservoir,XGBoost,1,own_pool,repeated_random,0.1689311510320814,-0.384842082367585,0.1070239752242457,,,,,
Geist Reservoir,XGBoost,1,own_pool,unweighted_d_optimal,0.2669301114695249,-1.7347236424375572,0.0976077033818174,,,,,
Geist Reservoir,XGBoost,3,own_pool,farthest_point_kennard_stone,0.1318285489702112,-0.3751490555092351,0.095864913472891,,,,,
Geist Reservoir,XGBoost,3,own_pool,proposed_weighted_d_optimal,0.15522195724565,-0.507119058168897,0.1029924950740449,,,,,
Geist Reservoir,XGBoost,3,own_pool,repeated_random,0.14275859367185106,-0.3679143927633496,0.10425598545784705,,,,,
Geist Reservoir,XGBoost,3,own_pool,unweighted_d_optimal,0.1328913882397995,-0.4446913876623935,0.0919860012510441,,,,,
Geist Reservoir,XGBoost,5,own_pool,farthest_point_kennard_stone,0.1200620533664203,-0.4284282441127949,0.0840518588014262,,,,,
Geist Reservoir,XGBoost,5,own_pool,proposed_weighted_d_optimal,0.1579708381084935,-0.585214287399166,0.0996526674734497,,,,,
Geist Reservoir,XGBoost,5,own_pool,repeated_random,0.16128947091368664,-0.5381737851580057,0.10308618599716365,,,,,
Geist Reservoir,XGBoost,5,own_pool,unweighted_d_optimal,0.1515973905739104,-0.9442383522035784,0.077972631781339,,,,,
Geist Reservoir,XGBoost,10,own_pool,farthest_point_kennard_stone,0.1178220779403811,-0.2677072567636209,0.0929410750271329,,,,,
Geist Reservoir,XGBoost,10,own_pool,proposed_weighted_d_optimal,0.1244649739153043,-0.3432504285494369,0.092659542731141,,,,,
Geist Reservoir,XGBoost,10,own_pool,repeated_random,0.1427169997279757,-0.4168848447566834,0.1028431532690223,,,,,
Geist Reservoir,XGBoost,10,own_pool,unweighted_d_optimal,0.1312695901175513,-0.7199698895329169,0.0763208610317595,,,,,
High Rock Lake,MLP,1,own_pool,farthest_point_kennard_stone,0.3137062533323999,-0.2997424672852951,0.2413603142399411,,,,,
High Rock Lake,MLP,1,own_pool,proposed_weighted_d_optimal,0.4468177800454341,0.366677145374666,0.7055134367076292,,,,,
High Rock Lake,MLP,1,own_pool,repeated_random,0.26494408002738024,0.10221719616747679,0.26240877057677164,,,,,
High Rock Lake,MLP,1,own_pool,unweighted_d_optimal,0.2615351772279023,0.7083854107095133,0.8968521943572337,,,,,
High Rock Lake,MLP,3,own_pool,farthest_point_kennard_stone,0.1851996136502023,0.4353242845773076,0.3279751775137214,,,,,
High Rock Lake,MLP,3,own_pool,proposed_weighted_d_optimal,0.3136350803070623,-0.0445731821300157,0.3002518973556158,,,,,
High Rock Lake,MLP,3,own_pool,repeated_random,0.2266053972535906,0.08718160492074485,0.23773718729163323,,,,,
High Rock Lake,MLP,3,own_pool,unweighted_d_optimal,0.1919986277170408,0.1170758491286658,0.217457670286084,,,,,
High Rock Lake,MLP,5,own_pool,farthest_point_kennard_stone,0.1874236015386709,0.1907921760275669,0.2316136817937855,,,,,
High Rock Lake,MLP,5,own_pool,proposed_weighted_d_optimal,0.3450953590276139,-0.1353721800112017,0.3039491047512608,,,,,
High Rock Lake,MLP,5,own_pool,repeated_random,0.22032955282765496,0.10160184598699121,0.2309157928798769,,,,,
High Rock Lake,MLP,5,own_pool,unweighted_d_optimal,0.1924865206903967,0.0807413696668591,0.2093932166054867,,,,,
High Rock Lake,MLP,10,own_pool,farthest_point_kennard_stone,0.1770511275342118,0.259425986561297,0.2390728366316436,,,,,
High Rock Lake,MLP,10,own_pool,proposed_weighted_d_optimal,0.2659802064192922,0.0094824437806707,0.2685264938961071,,,,,
High Rock Lake,MLP,10,own_pool,repeated_random,0.2156666755852217,0.0584929161926109,0.22906606680815578,,,,,
High Rock Lake,MLP,10,own_pool,unweighted_d_optimal,0.1825760478047379,0.143548671119387,0.2131773786595119,,,,,
High Rock Lake,PLSR,1,own_pool,farthest_point_kennard_stone,0.4116376085639374,-0.7054899965858525,0.2413603142399411,,,,,
High Rock Lake,PLSR,1,own_pool,proposed_weighted_d_optimal,0.4558132708262682,0.3539268699223515,0.7055134367076292,,,,,
High Rock Lake,PLSR,1,own_pool,repeated_random,0.4082189720237007,-0.6261333240475151,0.2487776105606488,,,,,
High Rock Lake,PLSR,1,own_pool,unweighted_d_optimal,1.6069341747919017,-0.7917491611046188,0.8968521943572337,,,,,
High Rock Lake,PLSR,3,own_pool,farthest_point_kennard_stone,0.1951569397091175,0.4049642865103849,0.3279751775137214,,,,,
High Rock Lake,PLSR,3,own_pool,proposed_weighted_d_optimal,0.3838479265049875,-0.27841964397702,0.3002518973556158,,,,,
High Rock Lake,PLSR,3,own_pool,repeated_random,0.32658727879425953,-0.24928029915188826,0.243634428636656,,,,,
High Rock Lake,PLSR,3,own_pool,unweighted_d_optimal,0.2177689974323883,-0.0014316677428672,0.217457670286084,,,,,
High Rock Lake,PLSR,5,own_pool,farthest_point_kennard_stone,0.1670060927921457,0.2789454651893482,0.2316136817937855,,,,,
High Rock Lake,PLSR,5,own_pool,proposed_weighted_d_optimal,0.3344453312519617,-0.1003333289049312,0.3039491047512608,,,,,
High Rock Lake,PLSR,5,own_pool,repeated_random,0.20960429576553302,0.1345573115246098,0.23390125092033204,,,,,
High Rock Lake,PLSR,5,own_pool,unweighted_d_optimal,0.1708240734350814,0.184194798445284,0.2093932166054867,,,,,
High Rock Lake,PLSR,10,own_pool,farthest_point_kennard_stone,0.1809905497107728,0.2429480710135277,0.2390728366316436,,,,,
High Rock Lake,PLSR,10,own_pool,proposed_weighted_d_optimal,0.2387419204465257,0.1109185611752686,0.2685264938961071,,,,,
High Rock Lake,PLSR,10,own_pool,repeated_random,0.20120867326812425,0.14491926983535863,0.23224483995501022,,,,,
High Rock Lake,PLSR,10,own_pool,unweighted_d_optimal,0.1910928711916784,0.1035968570902566,0.2131773786595119,,,,,
High Rock Lake,XGBoost,1,own_pool,farthest_point_kennard_stone,0.3056963670996699,-0.2665560425572309,0.2413603142399411,,,,,
High Rock Lake,XGBoost,1,own_pool,proposed_weighted_d_optimal,0.4612036628740474,0.3462864881933651,0.7055134367076292,,,,,
High Rock Lake,XGBoost,1,own_pool,repeated_random,0.2617251529606107,0.06532867133776235,0.26240877057677164,,,,,
High Rock Lake,XGBoost,1,own_pool,unweighted_d_optimal,0.3469279822201025,0.6131715007951138,0.8968521943572337,,,,,
High Rock Lake,XGBoost,3,own_pool,farthest_point_kennard_stone,0.1759211057725484,0.463614558448302,0.3279751775137214,,,,,
High Rock Lake,XGBoost,3,own_pool,proposed_weighted_d_optimal,0.3004502890141792,-0.0006607507020046,0.3002518973556158,,,,,
High Rock Lake,XGBoost,3,own_pool,repeated_random,0.22752708668884505,0.11257459961695704,0.24201287962247553,,,,,
High Rock Lake,XGBoost,3,own_pool,unweighted_d_optimal,0.1797391272715427,0.1734523377832383,0.217457670286084,,,,,
High Rock Lake,XGBoost,5,own_pool,farthest_point_kennard_stone,0.1673801903333327,0.2773302863184888,0.2316136817937855,,,,,
High Rock Lake,XGBoost,5,own_pool,proposed_weighted_d_optimal,0.3190426289141589,-0.0496580625847521,0.3039491047512608,,,,,
High Rock Lake,XGBoost,5,own_pool,repeated_random,0.19849796643362566,0.16470543528247625,0.23079176941930252,,,,,
High Rock Lake,XGBoost,5,own_pool,unweighted_d_optimal,0.1788463788689017,0.1458826449727411,0.2093932166054867,,,,,
High Rock Lake,XGBoost,10,own_pool,farthest_point_kennard_stone,0.1645670801794509,0.3116445782192447,0.2390728366316436,,,,,
High Rock Lake,XGBoost,10,own_pool,proposed_weighted_d_optimal,0.2526840817714372,0.0589975734045209,0.2685264938961071,,,,,
High Rock Lake,XGBoost,10,own_pool,repeated_random,0.19182573022767901,0.17340901688229848,0.2318722590556095,,,,,
High Rock Lake,XGBoost,10,own_pool,unweighted_d_optimal,0.1693397053511316,0.2056394141237846,0.2131773786595119,,,,,
Ibitinga Reservoir,MLP,1,own_pool,farthest_point_kennard_stone,0.3535071196465156,0.598409061699337,0.880266689100297,,,,,
Ibitinga Reservoir,MLP,1,own_pool,proposed_weighted_d_optimal,0.2090437710367819,0.5182278501138815,0.4339058956987745,,,,,
Ibitinga Reservoir,MLP,1,own_pool,repeated_random,0.2488214551431286,0.46464253459882676,0.4126981937228991,,,,,
Ibitinga Reservoir,MLP,1,own_pool,unweighted_d_optimal,0.4849995245383947,0.6219518243118272,1.2829040369658,,,,,
Ibitinga Reservoir,MLP,3,own_pool,farthest_point_kennard_stone,0.1756680727483105,0.7535683194908341,0.7128469842880446,,,,,
Ibitinga Reservoir,MLP,3,own_pool,proposed_weighted_d_optimal,0.2121767915595546,0.4259952608993499,0.3696429338753292,,,,,
Ibitinga Reservoir,MLP,3,own_pool,repeated_random,0.21108602075458116,0.43507220235100186,0.3691863682153534,,,,,
Ibitinga Reservoir,MLP,3,own_pool,unweighted_d_optimal,0.2101003101706139,0.5878067799694132,0.5097131777982454,,,,,
Ibitinga Reservoir,MLP,5,own_pool,farthest_point_kennard_stone,0.2051819528929126,0.2839339990656312,0.2865405639487395,,,,,
Ibitinga Reservoir,MLP,5,own_pool,proposed_weighted_d_optimal,0.2043572544220988,0.3863837202929272,0.3330375432403648,,,,,
Ibitinga Reservoir,MLP,5,own_pool,repeated_random,0.20434315102949702,0.4497703837007063,0.3670454575838989,,,,,
Ibitinga Reservoir,MLP,5,own_pool,unweighted_d_optimal,0.2355765349520004,0.214070669890109,0.2997426461483096,,,,,
Ibitinga Reservoir,MLP,10,own_pool,farthest_point_kennard_stone,0.1925571019058414,0.3282795095849214,0.2866625448177843,,,,,
Ibitinga Reservoir,MLP,10,own_pool,proposed_weighted_d_optimal,0.1771533584498109,0.485756630643154,0.3444932377619948,,,,,
Ibitinga Reservoir,MLP,10,own_pool,repeated_random,0.21679507328936415,0.4218725417972953,0.3645729138922258,,,,,
Ibitinga Reservoir,MLP,10,own_pool,unweighted_d_optimal,0.1678845559042596,0.4553471281021753,0.3082413939593172,,,,,
Ibitinga Reservoir,PLSR,1,own_pool,farthest_point_kennard_stone,0.6536401250839249,0.2574521610870917,0.880266689100297,,,,,
Ibitinga Reservoir,PLSR,1,own_pool,proposed_weighted_d_optimal,0.3109114845405024,0.2834587166086122,0.4339058956987745,,,,,
Ibitinga Reservoir,PLSR,1,own_pool,repeated_random,0.3109114845405023,0.2820662027552093,0.4233020447108369,,,,,
Ibitinga Reservoir,PLSR,1,own_pool,unweighted_d_optimal,0.3829953713308765,0.7014621769751994,1.2829040369658,,,,,
Ibitinga Reservoir,PLSR,3,own_pool,farthest_point_kennard_stone,0.2278798957439799,0.6803242384832178,0.7128469842880446,,,,,
Ibitinga Reservoir,PLSR,3,own_pool,proposed_weighted_d_optimal,0.2435895358797936,0.3410139435477771,0.3696429338753292,,,,,
Ibitinga Reservoir,PLSR,3,own_pool,repeated_random,0.2574341597668169,0.29825384313864134,0.3625968864047888,,,,,
Ibitinga Reservoir,PLSR,3,own_pool,unweighted_d_optimal,0.3680193783367586,0.277987312970156,0.5097131777982454,,,,,
Ibitinga Reservoir,PLSR,5,own_pool,farthest_point_kennard_stone,0.2741153021694655,0.0433630100199937,0.2865405639487395,,,,,
Ibitinga Reservoir,PLSR,5,own_pool,proposed_weighted_d_optimal,0.2320522858128149,0.3032248358931022,0.3330375432403648,,,,,
Ibitinga Reservoir,PLSR,5,own_pool,repeated_random,0.26466940553987806,0.28980227793852387,0.373554034746585,,,,,
Ibitinga Reservoir,PLSR,5,own_pool,unweighted_d_optimal,0.2256431561782847,0.2472103601209207,0.2997426461483096,,,,,
Ibitinga Reservoir,PLSR,10,own_pool,farthest_point_kennard_stone,0.1961132812084077,0.3158740550084535,0.2866625448177843,,,,,
Ibitinga Reservoir,PLSR,10,own_pool,proposed_weighted_d_optimal,0.2241255923219009,0.3494049483467787,0.3444932377619948,,,,,
Ibitinga Reservoir,PLSR,10,own_pool,repeated_random,0.2610431787660133,0.2690991833360286,0.3503473388369603,,,,,
Ibitinga Reservoir,PLSR,10,own_pool,unweighted_d_optimal,0.1956379910864658,0.3653091422063248,0.3082413939593172,,,,,
Ibitinga Reservoir,XGBoost,1,own_pool,farthest_point_kennard_stone,0.2958279630734533,0.6639336994392573,0.880266689100297,,,,,
Ibitinga Reservoir,XGBoost,1,own_pool,proposed_weighted_d_optimal,0.2705536403836459,0.3764693062936339,0.4339058956987745,,,,,
Ibitinga Reservoir,XGBoost,1,own_pool,repeated_random,0.27100535062170833,0.3196583277798844,0.4126981937228991,,,,,
Ibitinga Reservoir,XGBoost,1,own_pool,unweighted_d_optimal,0.8804282523253413,0.3137224374592592,1.2829040369658,,,,,
Ibitinga Reservoir,XGBoost,3,own_pool,farthest_point_kennard_stone,0.3385294812129553,0.5251021692936204,0.7128469842880446,,,,,
Ibitinga Reservoir,XGBoost,3,own_pool,proposed_weighted_d_optimal,0.2339867678624338,0.3669924403011156,0.3696429338753292,,,,,
Ibitinga Reservoir,XGBoost,3,own_pool,repeated_random,0.23948562900356304,0.3624488803244278,0.3812850785597489,,,,,
Ibitinga Reservoir,XGBoost,3,own_pool,unweighted_d_optimal,0.1800297273610199,0.6468018845290712,0.5097131777982454,,,,,
Ibitinga Reservoir,XGBoost,5,own_pool,farthest_point_kennard_stone,0.2044375291179796,0.2865319689261447,0.2865405639487395,,,,,
Ibitinga Reservoir,XGBoost,5,own_pool,proposed_weighted_d_optimal,0.2033892802852646,0.3892902217592515,0.3330375432403648,,,,,
Ibitinga Reservoir,XGBoost,5,own_pool,repeated_random,0.2268651231394967,0.38133729470873223,0.37032918513645763,,,,,
Ibitinga Reservoir,XGBoost,5,own_pool,unweighted_d_optimal,0.1778477651007261,0.4066651127134575,0.2997426461483096,,,,,
Ibitinga Reservoir,XGBoost,10,own_pool,farthest_point_kennard_stone,0.1723006233598092,0.3989426576159159,0.2866625448177843,,,,,
Ibitinga Reservoir,XGBoost,10,own_pool,proposed_weighted_d_optimal,0.1566395776362027,0.545304331351009,0.3444932377619948,,,,,
Ibitinga Reservoir,XGBoost,10,own_pool,repeated_random,0.18027533605623935,0.47257896982346026,0.3474741891828562,,,,,
Ibitinga Reservoir,XGBoost,10,own_pool,unweighted_d_optimal,0.1693717585836428,0.4505223295505198,0.3082413939593172,,,,,
Lake Chotkowskie,MLP,1,own_pool,farthest_point_kennard_stone,0.1357718033607068,0.5642892061181297,0.3116099277549898,,,,,
Lake Chotkowskie,MLP,1,own_pool,proposed_weighted_d_optimal,0.1357718033607068,0.5154762803828293,0.2802170523720592,,,,,
Lake Chotkowskie,MLP,1,own_pool,repeated_random,0.15884235528216212,0.5007916368275587,0.3367081899054676,,,,,
Lake Chotkowskie,MLP,1,own_pool,unweighted_d_optimal,0.1357718033607068,0.5642892061181297,0.3116099277549898,,,,,
Lake Chotkowskie,MLP,3,own_pool,farthest_point_kennard_stone,0.1464247487760963,0.6004999684170792,0.3665200080233384,,,,,
Lake Chotkowskie,MLP,3,own_pool,proposed_weighted_d_optimal,0.1337573421767565,0.5024674274218514,0.2688413876267793,,,,,
Lake Chotkowskie,MLP,3,own_pool,repeated_random,0.14628307946171754,0.5049554700878232,0.30463839370587353,,,,,
Lake Chotkowskie,MLP,3,own_pool,unweighted_d_optimal,0.1464247487760963,0.6004999684170792,0.3665200080233384,,,,,
Lake Chotkowskie,MLP,5,own_pool,farthest_point_kennard_stone,0.1283975418932473,0.653829543315919,0.3709084526202646,,,,,
Lake Chotkowskie,MLP,5,own_pool,proposed_weighted_d_optimal,0.1308456842918738,0.5456091092684897,0.28795843494424,,,,,
Lake Chotkowskie,MLP,5,own_pool,repeated_random,0.1530920488425899,0.49897024735338635,0.2935143797280227,,,,,
Lake Chotkowskie,MLP,5,own_pool,unweighted_d_optimal,0.1293423532590422,0.5830182008082426,0.3101870617373005,,,,,
Lake Chotkowskie,MLP,10,own_pool,farthest_point_kennard_stone,0.1274074648886964,0.6397350674561101,0.3536493834867634,,,,,
Lake Chotkowskie,MLP,10,own_pool,proposed_weighted_d_optimal,0.1111027988938045,0.535766149802048,0.2393250819691222,,,,,
Lake Chotkowskie,MLP,10,own_pool,repeated_random,0.12690178230685412,0.5609532900024554,0.290568327609509,,,,,
Lake Chotkowskie,MLP,10,own_pool,unweighted_d_optimal,0.1216907531451896,0.6070014349107153,0.3096468283225342,,,,,
Lake Chotkowskie,PLSR,1,own_pool,farthest_point_kennard_stone,0.2484389157618474,0.2027246385280947,0.3116099277549898,,,,,
Lake Chotkowskie,PLSR,1,own_pool,proposed_weighted_d_optimal,0.2381506757384525,0.150120682436364,0.2802170523720592,,,,,
Lake Chotkowskie,PLSR,1,own_pool,repeated_random,0.2674178715636516,0.15012068243636426,0.3149476654537516,,,,,
Lake Chotkowskie,PLSR,1,own_pool,unweighted_d_optimal,0.2484389157618474,0.2027246385280947,0.3116099277549898,,,,,
Lake Chotkowskie,PLSR,3,own_pool,farthest_point_kennard_stone,0.2469552987444033,0.3262160411421832,0.3665200080233384,,,,,
Lake Chotkowskie,PLSR,3,own_pool,proposed_weighted_d_optimal,0.2180184220984102,0.1890444179245207,0.2688413876267793,,,,,
Lake Chotkowskie,PLSR,3,own_pool,repeated_random,0.23450257962686624,0.1876571890092983,0.29442621985641504,,,,,
Lake Chotkowskie,PLSR,3,own_pool,unweighted_d_optimal,0.2469552987444033,0.3262160411421832,0.3665200080233384,,,,,
Lake Chotkowskie,PLSR,5,own_pool,farthest_point_kennard_stone,0.1758964462960303,0.5257685547171979,0.3709084526202646,,,,,
Lake Chotkowskie,PLSR,5,own_pool,proposed_weighted_d_optimal,0.1687467518180486,0.413989189132048,0.28795843494424,,,,,
Lake Chotkowskie,PLSR,5,own_pool,repeated_random,0.19327891660852295,0.353867471138847,0.2946512793882664,,,,,
Lake Chotkowskie,PLSR,5,own_pool,unweighted_d_optimal,0.1786944374443757,0.4239139418559867,0.3101870617373005,,,,,
Lake Chotkowskie,PLSR,10,own_pool,farthest_point_kennard_stone,0.1473018608135151,0.5834804936007094,0.3536493834867634,,,,,
Lake Chotkowskie,PLSR,10,own_pool,proposed_weighted_d_optimal,0.1226259782823939,0.4876175027304902,0.2393250819691222,,,,,
Lake Chotkowskie,PLSR,10,own_pool,repeated_random,0.16587574665022015,0.4454728876221187,0.28888573316805444,,,,,
Lake Chotkowskie,PLSR,10,own_pool,unweighted_d_optimal,0.1312450379910855,0.5761460097507015,0.3096468283225342,,,,,
Lake Chotkowskie,XGBoost,1,own_pool,farthest_point_kennard_stone,0.1423652834161902,0.5431298037480176,0.3116099277549898,,,,,
Lake Chotkowskie,XGBoost,1,own_pool,proposed_weighted_d_optimal,0.1428638496182942,0.4901671639516148,0.2802170523720592,,,,,
Lake Chotkowskie,XGBoost,1,own_pool,repeated_random,0.1426145665172422,0.5866634271878547,0.3399231604964138,,,,,
Lake Chotkowskie,XGBoost,1,own_pool,unweighted_d_optimal,0.1423652834161902,0.5431298037480176,0.3116099277549898,,,,,
Lake Chotkowskie,XGBoost,3,own_pool,farthest_point_kennard_stone,0.1296942358232711,0.6461468966341349,0.3665200080233384,,,,,
Lake Chotkowskie,XGBoost,3,own_pool,proposed_weighted_d_optimal,0.1029737328083075,0.6169721489423983,0.2688413876267793,,,,,
Lake Chotkowskie,XGBoost,3,own_pool,repeated_random,0.12075973897486955,0.6088291961000245,0.2963595549245498,,,,,
Lake Chotkowskie,XGBoost,3,own_pool,unweighted_d_optimal,0.1296942358232711,0.6461468966341349,0.3665200080233384,,,,,
Lake Chotkowskie,XGBoost,5,own_pool,farthest_point_kennard_stone,0.1167639439335693,0.6851946889841873,0.3709084526202646,,,,,
Lake Chotkowskie,XGBoost,5,own_pool,proposed_weighted_d_optimal,0.1084467367567164,0.6233944561767725,0.28795843494424,,,,,
Lake Chotkowskie,XGBoost,5,own_pool,repeated_random,0.1307461661924915,0.5669015847011595,0.30011152816079834,,,,,
Lake Chotkowskie,XGBoost,5,own_pool,unweighted_d_optimal,0.1164055263807636,0.6247247323081592,0.3101870617373005,,,,,
Lake Chotkowskie,XGBoost,10,own_pool,farthest_point_kennard_stone,0.1159867457930864,0.6720289701347172,0.3536493834867634,,,,,
Lake Chotkowskie,XGBoost,10,own_pool,proposed_weighted_d_optimal,0.1048301342452018,0.5619759575451156,0.2393250819691222,,,,,
Lake Chotkowskie,XGBoost,10,own_pool,repeated_random,0.11172479763495599,0.6113638172205069,0.2961760344778678,,,,,
Lake Chotkowskie,XGBoost,10,own_pool,unweighted_d_optimal,0.1049389466083101,0.66110115260081,0.3096468283225342,,,,,
Lake Erie,MLP,1,own_pool,farthest_point_kennard_stone,0.3178065983540244,0.5526656276243452,0.710445303348607,,,,,
Lake Erie,MLP,1,own_pool,proposed_weighted_d_optimal,0.2505479166414769,0.7678701930334216,1.0793440428624157,,,,,
Lake Erie,MLP,1,own_pool,repeated_random,0.238024505690147,0.3779205775015873,0.3875468484464233,,,,,
Lake Erie,MLP,1,own_pool,unweighted_d_optimal,3.1725864824094017,-4.090315840573953,0.6232592516594259,,,,,
Lake Erie,MLP,3,own_pool,farthest_point_kennard_stone,0.3797716228119173,0.0766008545352923,0.411275693120555,,,,,
Lake Erie,MLP,3,own_pool,proposed_weighted_d_optimal,0.2084972837370337,0.4287251824852858,0.3649684558674168,,,,,
Lake Erie,MLP,3,own_pool,repeated_random,0.2145689229966522,0.3711505006435728,0.3407223418016827,,,,,
Lake Erie,MLP,3,own_pool,unweighted_d_optimal,0.3090430058843296,0.2520684511066013,0.4131969146939427,,,,,
Lake Erie,MLP,5,own_pool,farthest_point_kennard_stone,0.420939957601889,-0.026237579526351,0.4101778825267669,,,,,
Lake Erie,MLP,5,own_pool,proposed_weighted_d_optimal,0.2146321634927782,0.3458235383975072,0.3280952152042331,,,,,
Lake Erie,MLP,5,own_pool,repeated_random,0.23484214909456624,0.31435572347365665,0.3312974406910866,,,,,
Lake Erie,MLP,5,own_pool,unweighted_d_optimal,0.2831894645063313,0.3099506932574688,0.4103901921772395,,,,,
Lake Erie,MLP,10,own_pool,farthest_point_kennard_stone,0.2797915165417625,0.3616503178052011,0.4383044716122918,,,,,
Lake Erie,MLP,10,own_pool,proposed_weighted_d_optimal,0.2023366670691545,0.3655669436038776,0.3189251705675477,,,,,
Lake Erie,MLP,10,own_pool,repeated_random,0.230429042954406,0.32516600786723765,0.3321515702001653,,,,,
Lake Erie,MLP,10,own_pool,unweighted_d_optimal,0.2860748978337002,0.291272905715946,0.403646062149519,,,,,
Lake Erie,PLSR,1,own_pool,farthest_point_kennard_stone,0.4426555645709044,0.3769322335529312,0.710445303348607,,,,,
Lake Erie,PLSR,1,own_pool,proposed_weighted_d_optimal,0.6316629113745754,0.4147714811607956,1.0793440428624157,,,,,
Lake Erie,PLSR,1,own_pool,repeated_random,0.3819972319346354,0.09213170519125245,0.4228208181853847,,,,,
Lake Erie,PLSR,1,own_pool,unweighted_d_optimal,3.5480562659446204,-4.692745369716499,0.6232592516594259,,,,,
Lake Erie,PLSR,3,own_pool,farthest_point_kennard_stone,0.5085779039100246,-0.2365863338174098,0.411275693120555,,,,,
Lake Erie,PLSR,3,own_pool,proposed_weighted_d_optimal,0.470516628478016,-0.2891980608783391,0.3649684558674168,,,,,
Lake Erie,PLSR,3,own_pool,repeated_random,0.3418991879979255,0.03186309963689715,0.3447985740357994,,,,,
Lake Erie,PLSR,3,own_pool,unweighted_d_optimal,0.3146068199954741,0.238603166689817,0.4131969146939427,,,,,
Lake Erie,PLSR,5,own_pool,farthest_point_kennard_stone,0.4994713587119945,-0.2176945120936779,0.4101778825267669,,,,,
Lake Erie,PLSR,5,own_pool,proposed_weighted_d_optimal,0.3564498882942405,-0.0864220839311426,0.3280952152042331,,,,,
Lake Erie,PLSR,5,own_pool,repeated_random,0.32887949220722434,0.0756890773810682,0.33374239115964477,,,,,
Lake Erie,PLSR,5,own_pool,unweighted_d_optimal,0.3144639696921767,0.2337439392464689,0.4103901921772395,,,,,
Lake Erie,PLSR,10,own_pool,farthest_point_kennard_stone,0.3632695817315647,0.1711935264834919,0.4383044716122918,,,,,
Lake Erie,PLSR,10,own_pool,proposed_weighted_d_optimal,0.4074381806386961,-0.2775353451666434,0.3189251705675477,,,,,
Lake Erie,PLSR,10,own_pool,repeated_random,0.2987644705054733,0.10419272392024555,0.3259191724057887,,,,,
Lake Erie,PLSR,10,own_pool,unweighted_d_optimal,0.3995620668840174,0.0101177629296707,0.403646062149519,,,,,
Lake Erie,XGBoost,1,own_pool,farthest_point_kennard_stone,0.5106825848625062,0.2811795851598216,0.710445303348607,,,,,
Lake Erie,XGBoost,1,own_pool,proposed_weighted_d_optimal,0.2089276684762121,0.8064308800125995,1.0793440428624157,,,,,
Lake Erie,XGBoost,1,own_pool,repeated_random,0.23962666082479375,0.3848788456672042,0.40024296135629567,,,,,
Lake Erie,XGBoost,1,own_pool,unweighted_d_optimal,0.5691319043402625,0.0868456365574888,0.6232592516594259,,,,,
Lake Erie,XGBoost,3,own_pool,farthest_point_kennard_stone,0.2157387483241291,0.4754400595823896,0.411275693120555,,,,,
Lake Erie,XGBoost,3,own_pool,proposed_weighted_d_optimal,0.211047678341959,0.4217371962797822,0.3649684558674168,,,,,
Lake Erie,XGBoost,3,own_pool,repeated_random,0.22083422149680296,0.3766393113508843,0.3542109370178169,,,,,
Lake Erie,XGBoost,3,own_pool,unweighted_d_optimal,0.3243673269760358,0.214981241168974,0.4131969146939427,,,,,
Lake Erie,XGBoost,5,own_pool,farthest_point_kennard_stone,0.2553583288688806,0.3774449000753577,0.4101778825267669,,,,,
Lake Erie,XGBoost,5,own_pool,proposed_weighted_d_optimal,0.2139483771654491,0.3479076477499168,0.3280952152042331,,,,,
Lake Erie,XGBoost,5,own_pool,repeated_random,0.244819952312548,0.3121535212961609,0.34807777825057246,,,,,
Lake Erie,XGBoost,5,own_pool,unweighted_d_optimal,0.327560377851983,0.2018318514570286,0.4103901921772395,,,,,
Lake Erie,XGBoost,10,own_pool,farthest_point_kennard_stone,0.240380697761301,0.451566849426073,0.4383044716122918,,,,,
Lake Erie,XGBoost,10,own_pool,proposed_weighted_d_optimal,0.2019415631434437,0.3668058044708926,0.3189251705675477,,,,,
Lake Erie,XGBoost,10,own_pool,repeated_random,0.2226571496949999,0.33287227502422134,0.33119203030982103,,,,,
Lake Erie,XGBoost,10,own_pool,unweighted_d_optimal,0.312793361840489,0.2250801050167937,0.403646062149519,,,,,
Lake Geneva,MLP,1,own_pool,farthest_point_kennard_stone,0.2404867341452346,0.2089499805243549,0.3040095193906237,,,,,
Lake Geneva,MLP,1,own_pool,proposed_weighted_d_optimal,0.1979784683361106,0.2822222170027281,0.2758213974408919,,,,,
Lake Geneva,MLP,1,own_pool,repeated_random,0.2240028708431784,0.23803767640326629,0.3572648156222254,,,,,
Lake Geneva,MLP,1,own_pool,unweighted_d_optimal,0.2404867341452346,0.2089499805243549,0.3040095193906237,,,,,
Lake Geneva,MLP,3,own_pool,farthest_point_kennard_stone,0.1904359609117966,0.3319944672200544,0.2850814175733403,,,,,
Lake Geneva,MLP,3,own_pool,proposed_weighted_d_optimal,0.1922243262521006,0.2153893983054695,0.2449932845552252,,,,,
Lake Geneva,MLP,3,own_pool,repeated_random,0.20376618676100772,0.27690243270479253,0.2794999821849655,,,,,
Lake Geneva,MLP,3,own_pool,unweighted_d_optimal,0.1935972029481584,0.3799239876453405,0.3122152814978887,,,,,
Lake Geneva,MLP,5,own_pool,farthest_point_kennard_stone,0.1857930821334398,0.3164065671306073,0.2717888680083373,,,,,
Lake Geneva,MLP,5,own_pool,proposed_weighted_d_optimal,0.165135196734442,0.3158926684660295,0.2413878528725702,,,,,
Lake Geneva,MLP,5,own_pool,repeated_random,0.20214987070542756,0.25452173642204723,0.27343403534932104,,,,,
Lake Geneva,MLP,5,own_pool,unweighted_d_optimal,0.2159083252641417,0.2972786025183095,0.3072459854085392,,,,,
Lake Geneva,MLP,10,own_pool,farthest_point_kennard_stone,0.1854675617901006,-0.1906312095424696,0.1557724662324778,,,,,
Lake Geneva,MLP,10,own_pool,proposed_weighted_d_optimal,0.1430061901753023,0.3725880205232902,0.2279302891545938,,,,,
Lake Geneva,MLP,10,own_pool,repeated_random,0.1864815007497764,0.2794648350993365,0.2701379943464903,,,,,
Lake Geneva,MLP,10,own_pool,unweighted_d_optimal,0.165923746627339,0.2720416844853033,0.2279302891545938,,,,,
Lake Geneva,PLSR,1,own_pool,farthest_point_kennard_stone,0.2101719333097862,0.3086665943298934,0.3040095193906237,,,,,
Lake Geneva,PLSR,1,own_pool,proposed_weighted_d_optimal,0.2013222674176559,0.2700991584172126,0.2758213974408919,,,,,
Lake Geneva,PLSR,1,own_pool,repeated_random,0.2240531495872225,0.29152940248588355,0.3318473112133386,,,,,
Lake Geneva,PLSR,1,own_pool,unweighted_d_optimal,0.2101719333097862,0.3086665943298934,0.3040095193906237,,,,,
Lake Geneva,PLSR,3,own_pool,farthest_point_kennard_stone,0.2228764243542053,0.2182007917830146,0.2850814175733403,,,,,
Lake Geneva,PLSR,3,own_pool,proposed_weighted_d_optimal,0.1804029243805345,0.2636413388046056,0.2449932845552252,,,,,
Lake Geneva,PLSR,3,own_pool,repeated_random,0.2057257750642113,0.30233879414185594,0.28690456786107815,,,,,
Lake Geneva,PLSR,3,own_pool,unweighted_d_optimal,0.299313249663133,0.0413241509499957,0.3122152814978887,,,,,
Lake Geneva,PLSR,5,own_pool,farthest_point_kennard_stone,0.1968943617561853,0.2755613356991545,0.2717888680083373,,,,,
Lake Geneva,PLSR,5,own_pool,proposed_weighted_d_optimal,0.1844925169797761,0.2357008973679403,0.2413878528725702,,,,,
Lake Geneva,PLSR,5,own_pool,repeated_random,0.21849646162923675,0.22236331601751602,0.2756152224602988,,,,,
Lake Geneva,PLSR,5,own_pool,unweighted_d_optimal,0.2567237832021029,0.1644356735691799,0.3072459854085392,,,,,
Lake Geneva,PLSR,10,own_pool,farthest_point_kennard_stone,0.0948670028294026,0.3909898903589274,0.1557724662324778,,,,,
Lake Geneva,PLSR,10,own_pool,proposed_weighted_d_optimal,0.1470595354170648,0.3548047540738691,0.2279302891545938,,,,,
Lake Geneva,PLSR,10,own_pool,repeated_random,0.1914120824943053,0.2906271866047882,0.26835393190168133,,,,,
Lake Geneva,PLSR,10,own_pool,unweighted_d_optimal,0.1480412768732915,0.3504975537592638,0.2279302891545938,,,,,
Lake Geneva,XGBoost,1,own_pool,farthest_point_kennard_stone,0.3385986952208737,-0.1137766171329654,0.3040095193906237,,,,,
Lake Geneva,XGBoost,1,own_pool,proposed_weighted_d_optimal,0.3338745113228692,-0.2104735612097764,0.2758213974408919,,,,,
Lake Geneva,XGBoost,1,own_pool,repeated_random,0.3338745113228692,-0.0275614689212502,0.3040095193906238,,,,,
Lake Geneva,XGBoost,1,own_pool,unweighted_d_optimal,0.3385986952208737,-0.1137766171329654,0.3040095193906237,,,,,
Lake Geneva,XGBoost,3,own_pool,farthest_point_kennard_stone,0.2603235003213574,0.0868450725209507,0.2850814175733403,,,,,
Lake Geneva,XGBoost,3,own_pool,proposed_weighted_d_optimal,0.2317344709503419,0.0541190877446426,0.2449932845552252,,,,,
Lake Geneva,XGBoost,3,own_pool,repeated_random,0.2729508032041268,0.047095630907556446,0.27667494005905774,,,,,
Lake Geneva,XGBoost,3,own_pool,unweighted_d_optimal,0.2362763309192334,0.2432262373003239,0.3122152814978887,,,,,
Lake Geneva,XGBoost,5,own_pool,farthest_point_kennard_stone,0.1827727048513004,0.3275195210685045,0.2717888680083373,,,,,
Lake Geneva,XGBoost,5,own_pool,proposed_weighted_d_optimal,0.1998321387618523,0.1721532873119449,0.2413878528725702,,,,,
Lake Geneva,XGBoost,5,own_pool,repeated_random,0.22500394111124275,0.198904350117928,0.26766369533850576,,,,,
Lake Geneva,XGBoost,5,own_pool,unweighted_d_optimal,0.2513545181853049,0.18191113328887,0.3072459854085392,,,,,
Lake Geneva,XGBoost,10,own_pool,farthest_point_kennard_stone,0.1983481555948084,-0.2733197185540653,0.1557724662324778,,,,,
Lake Geneva,XGBoost,10,own_pool,proposed_weighted_d_optimal,0.1315962479544387,0.4226469300372239,0.2279302891545938,,,,,
Lake Geneva,XGBoost,10,own_pool,repeated_random,0.21080196055684314,0.2424959829343803,0.26529344637565844,,,,,
Lake Geneva,XGBoost,10,own_pool,unweighted_d_optimal,0.1553481199142061,0.3184401964530342,0.2279302891545938,,,,,
Lake Hume,MLP,1,own_pool,farthest_point_kennard_stone,0.1371883501626212,0.5996465408394132,0.3426680924569172,,,,,
Lake Hume,MLP,1,own_pool,proposed_weighted_d_optimal,0.1667270764176057,0.3634223086724026,0.2619115974738538,,,,,
Lake Hume,MLP,1,own_pool,repeated_random,0.14921327085134095,0.4648166275410203,0.2856903322274317,,,,,
Lake Hume,MLP,1,own_pool,unweighted_d_optimal,0.1371883501626212,0.5996465408394132,0.3426680924569172,,,,,
Lake Hume,MLP,3,own_pool,farthest_point_kennard_stone,0.1256473506664237,0.4501511543060836,0.2285125378582303,,,,,
Lake Hume,MLP,3,own_pool,proposed_weighted_d_optimal,0.131018482353327,0.4993044218515768,0.2616729467251914,,,,,
Lake Hume,MLP,3,own_pool,repeated_random,0.13629262295410383,0.45450152548255807,0.2490215536539804,,,,,
Lake Hume,MLP,3,own_pool,unweighted_d_optimal,0.1189706226872006,0.4856414557156702,0.2312990206260673,,,,,
Lake Hume,MLP,5,own_pool,farthest_point_kennard_stone,0.1478679408968255,0.326993288589007,0.2197124362352134,,,,,
Lake Hume,MLP,5,own_pool,proposed_weighted_d_optimal,0.1510756313470809,0.4209933509409357,0.2609221082392152,,,,,
Lake Hume,MLP,5,own_pool,repeated_random,0.15576136655730505,0.3715610353210408,0.2442788064417479,,,,,
Lake Hume,MLP,5,own_pool,unweighted_d_optimal,0.1272855047632592,0.5968362092577523,0.3157166235025259,,,,,
Lake Hume,MLP,10,own_pool,farthest_point_kennard_stone,0.1191475437779073,0.4813674134256039,0.2297340191802433,,,,,
Lake Hume,MLP,10,own_pool,proposed_weighted_d_optimal,0.105505707307799,0.5720294059327518,0.2465256129525448,,,,,
Lake Hume,MLP,10,own_pool,repeated_random,0.120636331658849,0.4877708274958896,0.23948173486158197,,,,,
Lake Hume,MLP,10,own_pool,unweighted_d_optimal,0.1171840758502954,0.4180793731910089,0.2013746800378559,,,,,
Lake Hume,PLSR,1,own_pool,farthest_point_kennard_stone,0.2821624321883347,0.1765721986807618,0.3426680924569172,,,,,
Lake Hume,PLSR,1,own_pool,proposed_weighted_d_optimal,0.2393210517174401,0.0862525566327522,0.2619115974738538,,,,,
Lake Hume,PLSR,1,own_pool,repeated_random,0.2198134930156524,0.1647596231009722,0.2619115974738539,,,,,
Lake Hume,PLSR,1,own_pool,unweighted_d_optimal,0.2821624321883347,0.1765721986807618,0.3426680924569172,,,,,
Lake Hume,PLSR,3,own_pool,farthest_point_kennard_stone,0.1914082996819782,0.1623728697790006,0.2285125378582303,,,,,
Lake Hume,PLSR,3,own_pool,proposed_weighted_d_optimal,0.1851915237839728,0.2922786668457272,0.2616729467251914,,,,,
Lake Hume,PLSR,3,own_pool,repeated_random,0.205406346605158,0.18817210680435034,0.25572677744152283,,,,,
Lake Hume,PLSR,3,own_pool,unweighted_d_optimal,0.1874581932901132,0.1895417685810795,0.2312990206260673,,,,,
Lake Hume,PLSR,5,own_pool,farthest_point_kennard_stone,0.1697152117353451,0.2275575433097842,0.2197124362352134,,,,,
Lake Hume,PLSR,5,own_pool,proposed_weighted_d_optimal,0.1426381795362531,0.4533304018117718,0.2609221082392152,,,,,
Lake Hume,PLSR,5,own_pool,repeated_random,0.1808793739434182,0.2859441398005868,0.2442135052469777,,,,,
Lake Hume,PLSR,5,own_pool,unweighted_d_optimal,0.1602243023444098,0.4925059520402875,0.3157166235025259,,,,,
Lake Hume,PLSR,10,own_pool,farthest_point_kennard_stone,0.1514170768776033,0.3409026628841066,0.2297340191802433,,,,,
Lake Hume,PLSR,10,own_pool,proposed_weighted_d_optimal,0.1259152723593348,0.4892405874436305,0.2465256129525448,,,,,
Lake Hume,PLSR,10,own_pool,repeated_random,0.17152757328719836,0.2970656501534187,0.2390704063470897,,,,,
Lake Hume,PLSR,10,own_pool,unweighted_d_optimal,0.152584382106907,0.2422861478856997,0.2013746800378559,,,,,
Lake Hume,XGBoost,1,own_pool,farthest_point_kennard_stone,0.1534876225301933,0.5520807701980639,0.3426680924569172,,,,,
Lake Hume,XGBoost,1,own_pool,proposed_weighted_d_optimal,0.1582023265163798,0.3959705030172331,0.2619115974738538,,,,,
Lake Hume,XGBoost,1,own_pool,repeated_random,0.1741693341419629,0.3847620158525148,0.2791754263516216,,,,,
Lake Hume,XGBoost,1,own_pool,unweighted_d_optimal,0.1534876225301933,0.5520807701980639,0.3426680924569172,,,,,
Lake Hume,XGBoost,3,own_pool,farthest_point_kennard_stone,0.148720843565369,0.3491786120312494,0.2285125378582303,,,,,
Lake Hume,XGBoost,3,own_pool,proposed_weighted_d_optimal,0.1765343105872915,0.3253627627531736,0.2616729467251914,,,,,
Lake Hume,XGBoost,3,own_pool,repeated_random,0.16371551869697865,0.3365157706861998,0.2538243531514346,,,,,
Lake Hume,XGBoost,3,own_pool,unweighted_d_optimal,0.144129488904271,0.376869420878465,0.2312990206260673,,,,,
Lake Hume,XGBoost,5,own_pool,farthest_point_kennard_stone,0.1923955777505458,0.1243300457154051,0.2197124362352134,,,,,
Lake Hume,XGBoost,5,own_pool,proposed_weighted_d_optimal,0.1667954860872941,0.3607460447857668,0.2609221082392152,,,,,
Lake Hume,XGBoost,5,own_pool,repeated_random,0.18707578560819454,0.2500507566174199,0.24977143001740343,,,,,
Lake Hume,XGBoost,5,own_pool,unweighted_d_optimal,0.1681288523857799,0.467469101895023,0.3157166235025259,,,,,
Lake Hume,XGBoost,10,own_pool,farthest_point_kennard_stone,0.1229668290522489,0.4647426004278522,0.2297340191802433,,,,,
Lake Hume,XGBoost,10,own_pool,proposed_weighted_d_optimal,0.1304075289105954,0.4710183170870706,0.2465256129525448,,,,,
Lake Hume,XGBoost,10,own_pool,repeated_random,0.14310723448682194,0.39196849198154504,0.24075073510974004,,,,,
Lake Hume,XGBoost,10,own_pool,unweighted_d_optimal,0.1257524291449062,0.3755300672529089,0.2013746800378559,,,,,
Lake Jasień Południowy,MLP,1,own_pool,farthest_point_kennard_stone,0.1582894722500962,0.2797003340811516,0.219755030491619,,,,,
Lake Jasień Południowy,MLP,1,own_pool,proposed_weighted_d_optimal,0.1637331767566613,0.2920337604677883,0.2312725812818214,,,,,
Lake Jasień Południowy,MLP,1,own_pool,repeated_random,0.1394214103090521,0.34929817419357867,0.2312725812818214,,,,,
Lake Jasień Południowy,MLP,1,own_pool,unweighted_d_optimal,0.2462719448763681,0.2568111651887147,0.3313719688846167,,,,,
Lake Jasień Południowy,MLP,3,own_pool,farthest_point_kennard_stone,0.1294163046460827,0.3841795797227396,0.2101526747515315,,,,,
Lake Jasień Południowy,MLP,3,own_pool,proposed_weighted_d_optimal,0.1122004181246864,0.4822115846822581,0.2166916439757546,,,,,
Lake Jasień Południowy,MLP,3,own_pool,repeated_random,0.1226373965108443,0.3956544395230699,0.2093406430100029,,,,,
Lake Jasień Południowy,MLP,3,own_pool,unweighted_d_optimal,0.1215660623049864,0.4061649075356485,0.2047135103824016,,,,,
Lake Jasień Południowy,MLP,5,own_pool,farthest_point_kennard_stone,0.1039683108685771,0.4084817241687505,0.1757651778506583,,,,,
Lake Jasień Południowy,MLP,5,own_pool,proposed_weighted_d_optimal,0.1347953066652483,0.3771713950918989,0.2164244053255252,,,,,
Lake Jasień Południowy,MLP,5,own_pool,repeated_random,0.12492050903136065,0.3885216558253729,0.20445510036212822,,,,,
Lake Jasień Południowy,MLP,5,own_pool,unweighted_d_optimal,0.1105248623846782,0.4263116828910405,0.1926566453449379,,,,,
Lake Jasień Południowy,MLP,10,own_pool,farthest_point_kennard_stone,0.106060785736671,0.4514045305962293,0.1933315095838948,,,,,
Lake Jasień Południowy,MLP,10,own_pool,proposed_weighted_d_optimal,0.1235131557093788,0.1187426535422066,0.1401556053895782,,,,,
Lake Jasień Południowy,MLP,10,own_pool,repeated_random,0.12443306896785869,0.3738417424156419,0.20171792011103884,,,,,
Lake Jasień Południowy,MLP,10,own_pool,unweighted_d_optimal,0.1287395577067098,-0.1475105897707946,0.1121902990518968,,,,,
Lake Jasień Południowy,PLSR,1,own_pool,farthest_point_kennard_stone,0.2374899642585515,-0.0807031944626036,0.219755030491619,,,,,
Lake Jasień Południowy,PLSR,1,own_pool,proposed_weighted_d_optimal,0.2275563236625377,0.0160687334313436,0.2312725812818214,,,,,
Lake Jasień Południowy,PLSR,1,own_pool,repeated_random,0.21713108648789892,0.0793436597570419,0.2211824388675652,,,,,
Lake Jasień Południowy,PLSR,1,own_pool,unweighted_d_optimal,0.2767926970486735,0.1647069617040482,0.3313719688846167,,,,,
Lake Jasień Południowy,PLSR,3,own_pool,farthest_point_kennard_stone,0.1584163889107543,0.2461842726489373,0.2101526747515315,,,,,
Lake Jasień Południowy,PLSR,3,own_pool,proposed_weighted_d_optimal,0.1806377664928391,0.1663833231295079,0.2166916439757546,,,,,
Lake Jasień Południowy,PLSR,3,own_pool,repeated_random,0.17787886381416668,0.09365830164286505,0.2117776090332473,,,,,
Lake Jasień Południowy,PLSR,3,own_pool,unweighted_d_optimal,0.1492485760849443,0.2709392823388007,0.2047135103824016,,,,,
Lake Jasień Południowy,PLSR,5,own_pool,farthest_point_kennard_stone,0.1538195025299757,0.1248579174809579,0.1757651778506583,,,,,
Lake Jasień Południowy,PLSR,5,own_pool,proposed_weighted_d_optimal,0.1657308651613081,0.234232076302337,0.2164244053255252,,,,,
Lake Jasień Południowy,PLSR,5,own_pool,repeated_random,0.1877432622349213,0.0729891650871399,0.2000935573668452,,,,,
Lake Jasień Południowy,PLSR,5,own_pool,unweighted_d_optimal,0.1373389151729548,0.2871311664418791,0.1926566453449379,,,,,
Lake Jasień Południowy,PLSR,10,own_pool,farthest_point_kennard_stone,0.1239088463550883,0.3590861095915662,0.1933315095838948,,,,,
Lake Jasień Południowy,PLSR,10,own_pool,proposed_weighted_d_optimal,0.0976788049513045,0.3030688447280884,0.1401556053895782,,,,,
Lake Jasień Południowy,PLSR,10,own_pool,repeated_random,0.13896019275732624,0.29404137732606717,0.1990152841855218,,,,,
Lake Jasień Południowy,PLSR,10,own_pool,unweighted_d_optimal,0.1184054477170305,-0.055398266727822,0.1121902990518968,,,,,
Lake Jasień Południowy,XGBoost,1,own_pool,farthest_point_kennard_stone,0.3050359720698536,-0.3880727440310385,0.219755030491619,,,,,
Lake Jasień Południowy,XGBoost,1,own_pool,proposed_weighted_d_optimal,0.1733107338141168,0.2506213431797204,0.2312725812818214,,,,,
Lake Jasień Południowy,XGBoost,1,own_pool,repeated_random,0.1547228938550018,0.3341585594982288,0.2277700700834644,,,,,
Lake Jasień Południowy,XGBoost,1,own_pool,unweighted_d_optimal,0.1322911290422456,0.6007775325857917,0.3313719688846167,,,,,
Lake Jasień Południowy,XGBoost,3,own_pool,farthest_point_kennard_stone,0.1293630551023838,0.3844329647497347,0.2101526747515315,,,,,
Lake Jasień Południowy,XGBoost,3,own_pool,proposed_weighted_d_optimal,0.1298729012156835,0.400655683627691,0.2166916439757546,,,,,
Lake Jasień Południowy,XGBoost,3,own_pool,repeated_random,0.12835369682204123,0.36959911998497164,0.21010651471520836,,,,,
Lake Jasień Południowy,XGBoost,3,own_pool,unweighted_d_optimal,0.1106161438116328,0.4596538928889329,0.2047135103824016,,,,,
Lake Jasień Południowy,XGBoost,5,own_pool,farthest_point_kennard_stone,0.1166172519520307,0.3365167279250059,0.1757651778506583,,,,,
Lake Jasień Południowy,XGBoost,5,own_pool,proposed_weighted_d_optimal,0.1266098494367844,0.4149927158340716,0.2164244053255252,,,,,
Lake Jasień Południowy,XGBoost,5,own_pool,repeated_random,0.13589672933244606,0.33324317780999957,0.2075431303712032,,,,,
Lake Jasień Południowy,XGBoost,5,own_pool,unweighted_d_optimal,0.1044766701157041,0.4577053155591943,0.1926566453449379,,,,,
Lake Jasień Południowy,XGBoost,10,own_pool,farthest_point_kennard_stone,0.0989285670705674,0.488295662892992,0.1933315095838948,,,,,
Lake Jasień Południowy,XGBoost,10,own_pool,proposed_weighted_d_optimal,0.1179452358215604,0.158469352128929,0.1401556053895782,,,,,
Lake Jasień Południowy,XGBoost,10,own_pool,repeated_random,0.12280576164559405,0.37620364180610993,0.19036792512655804,,,,,
Lake Jasień Południowy,XGBoost,10,own_pool,unweighted_d_optimal,0.1135139654844618,-0.0117984025870958,0.1121902990518968,,,,,
Lake Jeleń,MLP,1,own_pool,farthest_point_kennard_stone,0.2302173151484136,0.2691323410273869,0.3149917977809491,,,,,
Lake Jeleń,MLP,1,own_pool,proposed_weighted_d_optimal,0.1262484724057583,0.1223321935158183,0.1438453965114826,,,,,
Lake Jeleń,MLP,1,own_pool,repeated_random,0.1292473943959637,0.1618385641110296,0.153664777397721,,,,,
Lake Jeleń,MLP,1,own_pool,unweighted_d_optimal,0.1249777394758958,0.2250023599353007,0.1612620932826142,,,,,
Lake Jeleń,MLP,3,own_pool,farthest_point_kennard_stone,0.0994328089158646,0.3353505620216893,0.1496018902412959,,,,,
Lake Jeleń,MLP,3,own_pool,proposed_weighted_d_optimal,0.1212913894994615,0.1933267316044891,0.1503599985084169,,,,,
Lake Jeleń,MLP,3,own_pool,repeated_random,0.1216158201142094,0.18869786109956638,0.15286371059211878,,,,,
Lake Jeleń,MLP,3,own_pool,unweighted_d_optimal,0.1094768669730021,0.14070295127391,0.127402821343715,,,,,
Lake Jeleń,MLP,5,own_pool,farthest_point_kennard_stone,0.1118483868333651,0.2300368024343871,0.145264591200415,,,,,
Lake Jeleń,MLP,5,own_pool,proposed_weighted_d_optimal,0.1287597904352177,0.1947288588960452,0.1598961962128534,,,,,
Lake Jeleń,MLP,5,own_pool,repeated_random,0.1115460458111786,0.23829457229360917,0.1474646914548897,,,,,
Lake Jeleń,MLP,5,own_pool,unweighted_d_optimal,0.1062604368221289,0.1553385984655341,0.1258024081394928,,,,,
Lake Jeleń,MLP,10,own_pool,farthest_point_kennard_stone,0.0939733734572135,0.1501223564697177,0.1105728285404518,,,,,
Lake Jeleń,MLP,10,own_pool,proposed_weighted_d_optimal,0.1459183096462226,0.195510273360955,0.1813799564736957,,,,,
Lake Jeleń,MLP,10,own_pool,repeated_random,0.10168854981138539,0.2828446982506043,0.1432667015683798,,,,,
Lake Jeleń,MLP,10,own_pool,unweighted_d_optimal,0.1233477798741228,0.1104815251088902,0.1386680372142216,,,,,
Lake Jeleń,PLSR,1,own_pool,farthest_point_kennard_stone,0.2593510753886384,0.1766418078752203,0.3149917977809491,,,,,
Lake Jeleń,PLSR,1,own_pool,proposed_weighted_d_optimal,0.1366043754091669,0.0503389109038919,0.1438453965114826,,,,,
Lake Jeleń,PLSR,1,own_pool,repeated_random,0.1396794417784117,0.0555527393269182,0.153664777397721,,,,,
Lake Jeleń,PLSR,1,own_pool,unweighted_d_optimal,0.1396794417784117,0.133835855200143,0.1612620932826142,,,,,
Lake Jeleń,PLSR,3,own_pool,farthest_point_kennard_stone,0.1120569392146822,0.2509657361708423,0.1496018902412959,,,,,
Lake Jeleń,PLSR,3,own_pool,proposed_weighted_d_optimal,0.1336403683200642,0.1111973213769585,0.1503599985084169,,,,,
Lake Jeleń,PLSR,3,own_pool,repeated_random,0.133265619265803,0.0828590005839462,0.14978094282043763,,,,,
Lake Jeleń,PLSR,3,own_pool,unweighted_d_optimal,0.1234667922011533,0.0308943616169947,0.127402821343715,,,,,
Lake Jeleń,PLSR,5,own_pool,farthest_point_kennard_stone,0.1353343814858693,0.0683594601333426,0.145264591200415,,,,,
Lake Jeleń,PLSR,5,own_pool,proposed_weighted_d_optimal,0.1364326826295949,0.1467421531691869,0.1598961962128534,,,,,
Lake Jeleń,PLSR,5,own_pool,repeated_random,0.1211707395918408,0.18383092723897704,0.14759934350355794,,,,,
Lake Jeleń,PLSR,5,own_pool,unweighted_d_optimal,0.1129712633621459,0.1019944208315563,0.1258024081394928,,,,,
Lake Jeleń,PLSR,10,own_pool,farthest_point_kennard_stone,0.1043974900382483,0.0558486024571418,0.1105728285404518,,,,,
Lake Jeleń,PLSR,10,own_pool,proposed_weighted_d_optimal,0.1533324651181513,0.1546338986649444,0.1813799564736957,,,,,
Lake Jeleń,PLSR,10,own_pool,repeated_random,0.11074525915068456,0.2008988177887478,0.1413427401869659,,,,,
Lake Jeleń,PLSR,10,own_pool,unweighted_d_optimal,0.1290091996087027,0.0696543854158228,0.1386680372142216,,,,,
Lake Jeleń,XGBoost,1,own_pool,farthest_point_kennard_stone,0.1091516656945554,0.6534777318067222,0.3149917977809491,,,,,
Lake Jeleń,XGBoost,1,own_pool,proposed_weighted_d_optimal,0.1530319967810381,-0.0638643978445161,0.1438453965114826,,,,,
Lake Jeleń,XGBoost,1,own_pool,repeated_random,0.1254782587449432,0.19405489025305855,0.15366477739772105,,,,,
Lake Jeleń,XGBoost,1,own_pool,unweighted_d_optimal,0.1211654717204536,0.2486425560994366,0.1612620932826142,,,,,
Lake Jeleń,XGBoost,3,own_pool,farthest_point_kennard_stone,0.121315853845739,0.1890753817293345,0.1496018902412959,,,,,
Lake Jeleń,XGBoost,3,own_pool,proposed_weighted_d_optimal,0.1774622802657836,-0.1802492699104199,0.1503599985084169,,,,,
Lake Jeleń,XGBoost,3,own_pool,repeated_random,0.12305619630155495,0.1895752437747122,0.1517453188832052,,,,,
Lake Jeleń,XGBoost,3,own_pool,unweighted_d_optimal,0.1138617709618886,0.1062853175161746,0.127402821343715,,,,,
Lake Jeleń,XGBoost,5,own_pool,farthest_point_kennard_stone,0.1194278930447358,0.1778595607062827,0.145264591200415,,,,,
Lake Jeleń,XGBoost,5,own_pool,proposed_weighted_d_optimal,0.1660439453838489,-0.0384483742085266,0.1598961962128534,,,,,
Lake Jeleń,XGBoost,5,own_pool,repeated_random,0.12888239241970795,0.1472201959014533,0.14909878262595289,,,,,
Lake Jeleń,XGBoost,5,own_pool,unweighted_d_optimal,0.1413350587752904,-0.123468617420173,0.1258024081394928,,,,,
Lake Jeleń,XGBoost,10,own_pool,farthest_point_kennard_stone,0.138846509837881,-0.255701867390206,0.1105728285404518,,,,,
Lake Jeleń,XGBoost,10,own_pool,proposed_weighted_d_optimal,0.1513142893779151,0.1657606828378198,0.1813799564736957,,,,,
Lake Jeleń,XGBoost,10,own_pool,repeated_random,0.12517603650962436,0.12376291906677214,0.14184170082846936,,,,,
Lake Jeleń,XGBoost,10,own_pool,unweighted_d_optimal,0.1219417358178277,0.1206211649505252,0.1386680372142216,,,,,
Lake Kasumigaura,MLP,1,own_pool,farthest_point_kennard_stone,0.1196067264416751,0.6799653156316082,0.3737305332307324,,,,,
Lake Kasumigaura,MLP,1,own_pool,proposed_weighted_d_optimal,0.1149203715836692,0.3581773225477666,0.1790531547149877,,,,,
Lake Kasumigaura,MLP,1,own_pool,repeated_random,0.1354757784950037,0.13516428005684206,0.16113526844509765,,,,,
Lake Kasumigaura,MLP,1,own_pool,unweighted_d_optimal,0.1196067264416751,0.6799653156316082,0.3737305332307324,,,,,
Lake Kasumigaura,MLP,3,own_pool,farthest_point_kennard_stone,0.1089155395455534,0.1666967740789379,0.130703371623379,,,,,
Lake Kasumigaura,MLP,3,own_pool,proposed_weighted_d_optimal,0.1239028023312551,0.3012232676247913,0.1773138680824852,,,,,
Lake Kasumigaura,MLP,3,own_pool,repeated_random,0.1226937538887642,0.1398292902894373,0.1427674865579042,,,,,
Lake Kasumigaura,MLP,3,own_pool,unweighted_d_optimal,0.1148482077390515,0.6940893095441221,0.3754305366340552,,,,,
Lake Kasumigaura,MLP,5,own_pool,farthest_point_kennard_stone,0.1117389443070079,0.1394718854411567,0.1298492679219559,,,,,
Lake Kasumigaura,MLP,5,own_pool,proposed_weighted_d_optimal,0.1463581583349583,0.0548496410786309,0.1548517201543282,,,,,
Lake Kasumigaura,MLP,5,own_pool,repeated_random,0.1263044653613121,0.12712723567661194,0.1410027538891881,,,,,
Lake Kasumigaura,MLP,5,own_pool,unweighted_d_optimal,0.1378014290362116,0.6336151630080052,0.3761111854510894,,,,,
Lake Kasumigaura,MLP,10,own_pool,farthest_point_kennard_stone,0.1051812009018326,0.1764420456490559,0.1277156053324112,,,,,
Lake Kasumigaura,MLP,10,own_pool,proposed_weighted_d_optimal,0.1042010009626593,0.2254066250187935,0.1345234888166371,,,,,
Lake Kasumigaura,MLP,10,own_pool,repeated_random,0.11526959595943034,0.1634002094859113,0.13654971627663431,,,,,
Lake Kasumigaura,MLP,10,own_pool,unweighted_d_optimal,0.1003232111903432,0.1973574644338455,0.1249911495073626,,,,,
Lake Kasumigaura,PLSR,1,own_pool,farthest_point_kennard_stone,0.1893592335065933,0.4933268181142815,0.3737305332307324,,,,,
Lake Kasumigaura,PLSR,1,own_pool,proposed_weighted_d_optimal,0.1616611194366333,0.0971333587207947,0.1790531547149877,,,,,
Lake Kasumigaura,PLSR,1,own_pool,repeated_random,0.1916495089004217,-0.16427693175806324,0.1530544724642668,,,,,
Lake Kasumigaura,PLSR,1,own_pool,unweighted_d_optimal,0.1893592335065933,0.4933268181142815,0.3737305332307324,,,,,
Lake Kasumigaura,PLSR,3,own_pool,farthest_point_kennard_stone,0.152818360381436,-0.1691998208721269,0.130703371623379,,,,,
Lake Kasumigaura,PLSR,3,own_pool,proposed_weighted_d_optimal,0.1523571056636189,0.1407490642512291,0.1773138680824852,,,,,
Lake Kasumigaura,PLSR,3,own_pool,repeated_random,0.15913282915006727,-0.120042632164471,0.1432621680985742,,,,,
Lake Kasumigaura,PLSR,3,own_pool,unweighted_d_optimal,0.176261278963436,0.530508930230326,0.3754305366340552,,,,,
Lake Kasumigaura,PLSR,5,own_pool,farthest_point_kennard_stone,0.1482862456003856,-0.1419875256411587,0.1298492679219559,,,,,
Lake Kasumigaura,PLSR,5,own_pool,proposed_weighted_d_optimal,0.1542976767100206,0.003577896377105,0.1548517201543282,,,,,
Lake Kasumigaura,PLSR,5,own_pool,repeated_random,0.16727136162211548,-0.17264555607271354,0.14118491525377055,,,,,
Lake Kasumigaura,PLSR,5,own_pool,unweighted_d_optimal,0.1833705659427346,0.5124564805288264,0.3761111854510894,,,,,
Lake Kasumigaura,PLSR,10,own_pool,farthest_point_kennard_stone,0.146986101224162,-0.1508859808692512,0.1277156053324112,,,,,
Lake Kasumigaura,PLSR,10,own_pool,proposed_weighted_d_optimal,0.1524635369121338,-0.133359957578489,0.1345234888166371,,,,,
Lake Kasumigaura,PLSR,10,own_pool,repeated_random,0.15335612935682424,-0.1037464243258672,0.1356101562151038,,,,,
Lake Kasumigaura,PLSR,10,own_pool,unweighted_d_optimal,0.1376071151837723,-0.100934863922648,0.1249911495073626,,,,,
Lake Kasumigaura,XGBoost,1,own_pool,farthest_point_kennard_stone,0.1901526689791569,0.4912038033194384,0.3737305332307324,,,,,
Lake Kasumigaura,XGBoost,1,own_pool,proposed_weighted_d_optimal,0.1282944704652313,0.2834838710086627,0.1790531547149877,,,,,
Lake Kasumigaura,XGBoost,1,own_pool,repeated_random,0.14432644809086215,0.1419884700793538,0.15485403562027286,,,,,
Lake Kasumigaura,XGBoost,1,own_pool,unweighted_d_optimal,0.1901526689791569,0.4912038033194384,0.3737305332307324,,,,,
Lake Kasumigaura,XGBoost,3,own_pool,farthest_point_kennard_stone,0.1060465678586146,0.1886470224298619,0.130703371623379,,,,,
Lake Kasumigaura,XGBoost,3,own_pool,proposed_weighted_d_optimal,0.1185193714933522,0.3315842912294896,0.1773138680824852,,,,,
Lake Kasumigaura,XGBoost,3,own_pool,repeated_random,0.1250866038274503,0.16878644654445216,0.1495713106059376,,,,,
Lake Kasumigaura,XGBoost,3,own_pool,unweighted_d_optimal,0.1158366969087997,0.6914563613767163,0.3754305366340552,,,,,
Lake Kasumigaura,XGBoost,5,own_pool,farthest_point_kennard_stone,0.1185165977844986,0.0872755730245079,0.1298492679219559,,,,,
Lake Kasumigaura,XGBoost,5,own_pool,proposed_weighted_d_optimal,0.1037290935775813,0.3301392017111924,0.1548517201543282,,,,,
Lake Kasumigaura,XGBoost,5,own_pool,repeated_random,0.1121799751482858,0.20989134907458756,0.14083436791797335,,,,,
Lake Kasumigaura,XGBoost,5,own_pool,unweighted_d_optimal,0.1335559285569677,0.6449030494910228,0.3761111854510894,,,,,
Lake Kasumigaura,XGBoost,10,own_pool,farthest_point_kennard_stone,0.111114357806434,0.1299860434667158,0.1277156053324112,,,,,
Lake Kasumigaura,XGBoost,10,own_pool,proposed_weighted_d_optimal,0.0961350795866051,0.2853658250619657,0.1345234888166371,,,,,
Lake Kasumigaura,XGBoost,10,own_pool,repeated_random,0.1075797122380492,0.21822908502795657,0.13529637191357874,,,,,
Lake Kasumigaura,XGBoost,10,own_pool,unweighted_d_optimal,0.0979365063657412,0.2164524535035439,0.1249911495073626,,,,,
Lake Kummerow,MLP,1,own_pool,farthest_point_kennard_stone,0.8673655163406783,-0.9129140273922706,0.453426288265527,,,,,
Lake Kummerow,MLP,1,own_pool,proposed_weighted_d_optimal,0.4508138504979438,0.193013239425912,0.5586384739538585,,,,,
Lake Kummerow,MLP,1,own_pool,repeated_random,0.34932845827388825,0.0947525685398087,0.40578098096116255,,,,,
Lake Kummerow,MLP,1,own_pool,unweighted_d_optimal,0.3224618473151321,0.2254312111491771,0.4163114421998075,,,,,
Lake Kummerow,MLP,3,own_pool,farthest_point_kennard_stone,0.3953815969806593,0.0711618752406701,0.4256733085700212,,,,,
Lake Kummerow,MLP,3,own_pool,proposed_weighted_d_optimal,0.2661373462908944,0.1550348676922619,0.3149684379453368,,,,,
Lake Kummerow,MLP,3,own_pool,repeated_random,0.2981249146020472,0.10521078112053356,0.3405014302909795,,,,,
Lake Kummerow,MLP,3,own_pool,unweighted_d_optimal,0.2949923118333292,0.1783767170655587,0.3590359715264232,,,,,
Lake Kummerow,MLP,5,own_pool,farthest_point_kennard_stone,0.3002293753547065,0.002300852262384,0.3009217518713087,,,,,
Lake Kummerow,MLP,5,own_pool,proposed_weighted_d_optimal,0.2861774511000043,0.0395073533369715,0.2979486126097101,,,,,
Lake Kummerow,MLP,5,own_pool,repeated_random,0.349988535303587,0.01819091850445885,0.3388337118443575,,,,,
Lake Kummerow,MLP,5,own_pool,unweighted_d_optimal,0.2735490570249647,0.1520961252441437,0.3226180074064305,,,,,
Lake Kummerow,MLP,10,own_pool,farthest_point_kennard_stone,0.2910334384770672,0.1276067286600801,0.3336034897496774,,,,,
Lake Kummerow,MLP,10,own_pool,proposed_weighted_d_optimal,0.2465166878869392,0.0001240631982431,0.2465472753316756,,,,,
Lake Kummerow,MLP,10,own_pool,repeated_random,0.3327053656454898,-0.0539629980988968,0.3202879510266769,,,,,
Lake Kummerow,MLP,10,own_pool,unweighted_d_optimal,0.3134273190166782,0.0605759011224594,0.3336377254925992,,,,,
Lake Kummerow,PLSR,1,own_pool,farthest_point_kennard_stone,0.7647948398308888,-0.6867015714713219,0.453426288265527,,,,,
Lake Kummerow,PLSR,1,own_pool,proposed_weighted_d_optimal,0.4840278034769434,0.133558056990355,0.5586384739538585,,,,,
Lake Kummerow,PLSR,1,own_pool,repeated_random,0.3599449621737076,0.077668767312776,0.3952505197225177,,,,,
Lake Kummerow,PLSR,1,own_pool,unweighted_d_optimal,0.3599449621737078,0.135394978274695,0.4163114421998075,,,,,
Lake Kummerow,PLSR,3,own_pool,farthest_point_kennard_stone,0.4014211432939425,0.0569736561303626,0.4256733085700212,,,,,
Lake Kummerow,PLSR,3,own_pool,proposed_weighted_d_optimal,0.295509310545408,0.061781195947938,0.3149684379453368,,,,,
Lake Kummerow,PLSR,3,own_pool,repeated_random,0.3092782988141958,0.06723740678823234,0.3309329955015162,,,,,
Lake Kummerow,PLSR,3,own_pool,unweighted_d_optimal,0.3243986129951772,0.0964732236139314,0.3590359715264232,,,,,
Lake Kummerow,PLSR,5,own_pool,farthest_point_kennard_stone,0.3112738464767336,-0.0344012827156448,0.3009217518713087,,,,,
Lake Kummerow,PLSR,5,own_pool,proposed_weighted_d_optimal,0.3143714770362729,-0.0551197863669117,0.2979486126097101,,,,,
Lake Kummerow,PLSR,5,own_pool,repeated_random,0.3513887100123706,-0.07398692354888685,0.3278058246343023,,,,,
Lake Kummerow,PLSR,5,own_pool,unweighted_d_optimal,0.2925534224433273,0.0931894170226337,0.3226180074064305,,,,,
Lake Kummerow,PLSR,10,own_pool,farthest_point_kennard_stone,0.305819058917134,0.083285789427844,0.3336034897496774,,,,,
Lake Kummerow,PLSR,10,own_pool,proposed_weighted_d_optimal,0.2638148924526448,-0.0700377499502351,0.2465472753316756,,,,,
Lake Kummerow,PLSR,10,own_pool,repeated_random,0.338969690067388,-0.04102410543928035,0.3169937257918358,,,,,
Lake Kummerow,PLSR,10,own_pool,unweighted_d_optimal,0.3622153272378263,-0.0856545849138849,0.3336377254925992,,,,,
Lake Kummerow,XGBoost,1,own_pool,farthest_point_kennard_stone,0.6772037030045678,-0.4935254430434389,0.453426288265527,,,,,
Lake Kummerow,XGBoost,1,own_pool,proposed_weighted_d_optimal,0.3814032623184272,0.3172628036311051,0.5586384739538585,,,,,
Lake Kummerow,XGBoost,1,own_pool,repeated_random,0.3016719642526067,0.1842175716936969,0.3697946359559404,,,,,
Lake Kummerow,XGBoost,1,own_pool,unweighted_d_optimal,0.2476176046907695,0.405210658072586,0.4163114421998075,,,,,
Lake Kummerow,XGBoost,3,own_pool,farthest_point_kennard_stone,0.31614906405841,0.257296475333572,0.4256733085700212,,,,,
Lake Kummerow,XGBoost,3,own_pool,proposed_weighted_d_optimal,0.2608629402561769,0.1717806911838673,0.3149684379453368,,,,,
Lake Kummerow,XGBoost,3,own_pool,repeated_random,0.2772871757296753,0.187016626323801,0.34099803250150507,,,,,
Lake Kummerow,XGBoost,3,own_pool,unweighted_d_optimal,0.266795177809888,0.2569123944747213,0.3590359715264232,,,,,
Lake Kummerow,XGBoost,5,own_pool,farthest_point_kennard_stone,0.2600800720356937,0.1357219218099662,0.3009217518713087,,,,,
Lake Kummerow,XGBoost,5,own_pool,proposed_weighted_d_optimal,0.2683584566030835,0.0993129478077413,0.2979486126097101,,,,,
Lake Kummerow,XGBoost,5,own_pool,repeated_random,0.31787396066370066,0.13425286429748506,0.3352218153475668,,,,,
Lake Kummerow,XGBoost,5,own_pool,unweighted_d_optimal,0.2596838866258749,0.1950731744199888,0.3226180074064305,,,,,
Lake Kummerow,XGBoost,10,own_pool,farthest_point_kennard_stone,0.2753202465646633,0.1747081287478923,0.3336034897496774,,,,,
Lake Kummerow,XGBoost,10,own_pool,proposed_weighted_d_optimal,0.223263747803655,0.0944383853048625,0.2465472753316756,,,,,
Lake Kummerow,XGBoost,10,own_pool,repeated_random,0.29754424841761845,0.09917225233697524,0.3181717813973931,,,,,
Lake Kummerow,XGBoost,10,own_pool,unweighted_d_optimal,0.2829520743293859,0.1519182207863221,0.3336377254925992,,,,,
Lake Obłęże,MLP,1,own_pool,farthest_point_kennard_stone,0.1487586327077407,0.535025239072826,0.3199284145259063,,,,,
Lake Obłęże,MLP,1,own_pool,proposed_weighted_d_optimal,0.2036346305231673,0.4808039140285033,0.3922114222994852,,,,,
Lake Obłęże,MLP,1,own_pool,repeated_random,0.1852640597414781,0.2742469867185311,0.28412616756128634,,,,,
Lake Obłęże,MLP,1,own_pool,unweighted_d_optimal,0.1487586327077407,0.535025239072826,0.3199284145259063,,,,,
Lake Obłęże,MLP,3,own_pool,farthest_point_kennard_stone,0.1769524413580497,0.4390571262889897,0.3154553770831651,,,,,
Lake Obłęże,MLP,3,own_pool,proposed_weighted_d_optimal,0.1530130085303799,0.3107224087058039,0.2219904049837235,,,,,
Lake Obłęże,MLP,3,own_pool,repeated_random,0.1624976482074902,0.3688507838086263,0.24964491260829885,,,,,
Lake Obłęże,MLP,3,own_pool,unweighted_d_optimal,0.1616758650857688,0.4091658823634211,0.2736400359277733,,,,,
Lake Obłęże,MLP,5,own_pool,farthest_point_kennard_stone,0.1490796286991763,0.4868173404146923,0.2905001382701003,,,,,
Lake Obłęże,MLP,5,own_pool,proposed_weighted_d_optimal,0.1450296727880648,0.4860865088980104,0.2822064027506681,,,,,
Lake Obłęże,MLP,5,own_pool,repeated_random,0.1677875927264964,0.30030670317384295,0.2450734715684394,,,,,
Lake Obłęże,MLP,5,own_pool,unweighted_d_optimal,0.1644197799039048,0.3415703916541081,0.2497150511391255,,,,,
Lake Obłęże,MLP,10,own_pool,farthest_point_kennard_stone,0.1594563596105969,0.3499507077165822,0.2452988796433946,,,,,
Lake Obłęże,MLP,10,own_pool,proposed_weighted_d_optimal,0.1393728150543191,0.3218164343784051,0.2055089880344419,,,,,
Lake Obłęże,MLP,10,own_pool,repeated_random,0.1620027330959632,0.31404129530805935,0.2420338454633985,,,,,
Lake Obłęże,MLP,10,own_pool,unweighted_d_optimal,0.1554444640887088,0.0433516395856122,0.1624886122784886,,,,,
Lake Obłęże,PLSR,1,own_pool,farthest_point_kennard_stone,0.200898624363321,0.3720513122238903,0.3199284145259063,,,,,
Lake Obłęże,PLSR,1,own_pool,proposed_weighted_d_optimal,0.3032847597479852,0.2267314392906254,0.3922114222994852,,,,,
Lake Obłęże,PLSR,1,own_pool,repeated_random,0.1789610581136621,0.25456905339434954,0.2744510205776976,,,,,
Lake Obłęże,PLSR,1,own_pool,unweighted_d_optimal,0.200898624363321,0.3720513122238903,0.3199284145259063,,,,,
Lake Obłęże,PLSR,3,own_pool,farthest_point_kennard_stone,0.1691233347258086,0.4638755537206225,0.3154553770831651,,,,,
Lake Obłęże,PLSR,3,own_pool,proposed_weighted_d_optimal,0.1633462842849286,0.2641741117655674,0.2219904049837235,,,,,
Lake Obłęże,PLSR,3,own_pool,repeated_random,0.1800867318783999,0.28839394170177224,0.2529635578986633,,,,,
Lake Obłęże,PLSR,3,own_pool,unweighted_d_optimal,0.1704110897473899,0.377243564005359,0.2736400359277733,,,,,
Lake Obłęże,PLSR,5,own_pool,farthest_point_kennard_stone,0.1807145473700729,0.3779192250117245,0.2905001382701003,,,,,
Lake Obłęże,PLSR,5,own_pool,proposed_weighted_d_optimal,0.158732655573318,0.4375299128529735,0.2822064027506681,,,,,
Lake Obłęże,PLSR,5,own_pool,repeated_random,0.20140110043490925,0.2104545981171046,0.24372468968271266,,,,,
Lake Obłęże,PLSR,5,own_pool,unweighted_d_optimal,0.1833356198344608,0.2658206958036954,0.2497150511391255,,,,,
Lake Obłęże,PLSR,10,own_pool,farthest_point_kennard_stone,0.1762522846417298,0.2814794437188115,0.2452988796433946,,,,,
Lake Obłęże,PLSR,10,own_pool,proposed_weighted_d_optimal,0.1410874182289711,0.3134732319344682,0.2055089880344419,,,,,
Lake Obłęże,PLSR,10,own_pool,repeated_random,0.175742441209012,0.3047451101588403,0.2418717835297359,,,,,
Lake Obłęże,PLSR,10,own_pool,unweighted_d_optimal,0.1845354261195667,-0.1356822005868951,0.1624886122784886,,,,,
Lake Obłęże,XGBoost,1,own_pool,farthest_point_kennard_stone,0.1424532399262972,0.554733999839511,0.3199284145259063,,,,,
Lake Obłęże,XGBoost,1,own_pool,proposed_weighted_d_optimal,0.1248419184545336,0.6816973750035753,0.3922114222994852,,,,,
Lake Obłęże,XGBoost,1,own_pool,repeated_random,0.15095937342156474,0.45754125916526545,0.2785500362270922,,,,,
Lake Obłęże,XGBoost,1,own_pool,unweighted_d_optimal,0.1424532399262972,0.554733999839511,0.3199284145259063,,,,,
Lake Obłęże,XGBoost,3,own_pool,farthest_point_kennard_stone,0.1475508649643451,0.5322607220987305,0.3154553770831651,,,,,
Lake Obłęże,XGBoost,3,own_pool,proposed_weighted_d_optimal,0.1261816473188337,0.4315896146773476,0.2219904049837235,,,,,
Lake Obłęże,XGBoost,3,own_pool,repeated_random,0.1344035861183565,0.4755940303051931,0.25994351336542193,,,,,
Lake Obłęże,XGBoost,3,own_pool,unweighted_d_optimal,0.1288198633245249,0.5292360338277144,0.2736400359277733,,,,,
Lake Obłęże,XGBoost,5,own_pool,farthest_point_kennard_stone,0.1466014625804755,0.4953480283797693,0.2905001382701003,,,,,
Lake Obłęże,XGBoost,5,own_pool,proposed_weighted_d_optimal,0.1299910201020879,0.5393760586973756,0.2822064027506681,,,,,
Lake Obłęże,XGBoost,5,own_pool,repeated_random,0.14299310991436348,0.38594006836503886,0.24403662760825034,,,,,
Lake Obłęże,XGBoost,5,own_pool,unweighted_d_optimal,0.1351510502637385,0.4587788992493292,0.2497150511391255,,,,,
Lake Obłęże,XGBoost,10,own_pool,farthest_point_kennard_stone,0.1509398642439695,0.3846695577652239,0.2452988796433946,,,,,
Lake Obłęże,XGBoost,10,own_pool,proposed_weighted_d_optimal,0.143150711748974,0.3034333137813121,0.2055089880344419,,,,,
Lake Obłęże,XGBoost,10,own_pool,repeated_random,0.13869942849395417,0.42068796134089315,0.2419451747964034,,,,,
Lake Obłęże,XGBoost,10,own_pool,unweighted_d_optimal,0.1384988793138128,0.1476394631715189,0.1624886122784886,,,,,
Lake Peipsi,MLP,1,own_pool,farthest_point_kennard_stone,0.1731696782922679,0.5220740411957089,0.3623357976751388,,,,,
Lake Peipsi,MLP,1,own_pool,proposed_weighted_d_optimal,0.4471789215639005,0.3788106701072141,0.7198754129102443,,,,,
Lake Peipsi,MLP,1,own_pool,repeated_random,0.19743062564152436,0.2112813319477215,0.2676403590597286,,,,,
Lake Peipsi,MLP,1,own_pool,unweighted_d_optimal,0.1731696782922679,0.5220740411957089,0.3623357976751388,,,,,
Lake Peipsi,MLP,3,own_pool,farthest_point_kennard_stone,0.1796170701408077,0.2141384979090406,0.2285607219647247,,,,,
Lake Peipsi,MLP,3,own_pool,proposed_weighted_d_optimal,0.2399970479528827,-0.0602030300242361,0.2263689506201148,,,,,
Lake Peipsi,MLP,3,own_pool,repeated_random,0.1937847897638672,0.19369485197825886,0.23350260480238794,,,,,
Lake Peipsi,MLP,3,own_pool,unweighted_d_optimal,0.1669238494583891,0.5755342443183358,0.3932563533792326,,,,,
Lake Peipsi,MLP,5,own_pool,farthest_point_kennard_stone,0.1679416523453191,0.2644013513499865,0.2283060950391124,,,,,
Lake Peipsi,MLP,5,own_pool,proposed_weighted_d_optimal,0.2140751249221076,0.1267146920033477,0.2451376706203275,,,,,
Lake Peipsi,MLP,5,own_pool,repeated_random,0.2050334951736676,0.1355120726623671,0.23240526896258212,,,,,
Lake Peipsi,MLP,5,own_pool,unweighted_d_optimal,0.2837162428811262,0.2958758023730985,0.4029349464144089,,,,,
Lake Peipsi,MLP,10,own_pool,farthest_point_kennard_stone,0.1894951448871858,0.4174621797751638,0.3252924402207399,,,,,
Lake Peipsi,MLP,10,own_pool,proposed_weighted_d_optimal,0.2063090049528079,0.1328518135455951,0.2379166669596372,,,,,
Lake Peipsi,MLP,10,own_pool,repeated_random,0.20110483864200018,0.11014025550281051,0.2242242305182967,,,,,
Lake Peipsi,MLP,10,own_pool,unweighted_d_optimal,0.3304200766396432,0.2098122400964037,0.4181538812725689,,,,,
Lake Peipsi,PLSR,1,own_pool,farthest_point_kennard_stone,0.2819039490940522,0.2219815068711061,0.3623357976751388,,,,,
Lake Peipsi,PLSR,1,own_pool,proposed_weighted_d_optimal,0.6503098022826821,0.0966356239060487,0.7198754129102443,,,,,
Lake Peipsi,PLSR,1,own_pool,repeated_random,0.23597209030438965,0.0962477733833059,0.25365362219128684,,,,,
Lake Peipsi,PLSR,1,own_pool,unweighted_d_optimal,0.2819039490940522,0.2219815068711061,0.3623357976751388,,,,,
Lake Peipsi,PLSR,3,own_pool,farthest_point_kennard_stone,0.199655435510486,0.1264665465750251,0.2285607219647247,,,,,
Lake Peipsi,PLSR,3,own_pool,proposed_weighted_d_optimal,0.2828329510233863,-0.2494334923330217,0.2263689506201148,,,,,
Lake Peipsi,PLSR,3,own_pool,repeated_random,0.2095156765797233,0.0946673862929179,0.23398369536921038,,,,,
Lake Peipsi,PLSR,3,own_pool,unweighted_d_optimal,0.2031675078771094,0.4833713150086094,0.3932563533792326,,,,,
Lake Peipsi,PLSR,5,own_pool,farthest_point_kennard_stone,0.190612134662742,0.1651027263152373,0.2283060950391124,,,,,
Lake Peipsi,PLSR,5,own_pool,proposed_weighted_d_optimal,0.272140319267124,-0.1101529906722851,0.2451376706203275,,,,,
Lake Peipsi,PLSR,5,own_pool,repeated_random,0.22624996082081744,0.04227624328995,0.2276182094042927,,,,,
Lake Peipsi,PLSR,5,own_pool,unweighted_d_optimal,0.2529727616931,0.3721746707105659,0.4029349464144089,,,,,
Lake Peipsi,PLSR,10,own_pool,farthest_point_kennard_stone,0.1821078639309893,0.440171839809338,0.3252924402207399,,,,,
Lake Peipsi,PLSR,10,own_pool,proposed_weighted_d_optimal,0.211889684928657,0.1093953663256472,0.2379166669596372,,,,,
Lake Peipsi,PLSR,10,own_pool,repeated_random,0.20097395277733648,0.12720843717061606,0.22543916775728365,,,,,
Lake Peipsi,PLSR,10,own_pool,unweighted_d_optimal,0.3060378739411902,0.2681214014060127,0.4181538812725689,,,,,
Lake Peipsi,XGBoost,1,own_pool,farthest_point_kennard_stone,0.1548747213223733,0.5725657579467548,0.3623357976751388,,,,,
Lake Peipsi,XGBoost,1,own_pool,proposed_weighted_d_optimal,0.4995137238369472,0.3061108659362749,0.7198754129102443,,,,,
Lake Peipsi,XGBoost,1,own_pool,repeated_random,0.1713038273339578,0.2956293245652338,0.2493792709963626,,,,,
Lake Peipsi,XGBoost,1,own_pool,unweighted_d_optimal,0.1548747213223733,0.5725657579467548,0.3623357976751388,,,,,
Lake Peipsi,XGBoost,3,own_pool,farthest_point_kennard_stone,0.1530401013544967,0.330418177965424,0.2285607219647247,,,,,
Lake Peipsi,XGBoost,3,own_pool,proposed_weighted_d_optimal,0.2563315341101972,-0.1323617134080704,0.2263689506201148,,,,,
Lake Peipsi,XGBoost,3,own_pool,repeated_random,0.16464722317227026,0.30115571127385465,0.2326867343542155,,,,,
Lake Peipsi,XGBoost,3,own_pool,unweighted_d_optimal,0.1504821510177732,0.617343354028178,0.3932563533792326,,,,,
Lake Peipsi,XGBoost,5,own_pool,farthest_point_kennard_stone,0.1534177937931984,0.3280170770426153,0.2283060950391124,,,,,
Lake Peipsi,XGBoost,5,own_pool,proposed_weighted_d_optimal,0.2210179309825726,0.0983926240010071,0.2451376706203275,,,,,
Lake Peipsi,XGBoost,5,own_pool,repeated_random,0.17626971877704278,0.2622565445335766,0.2283008413274608,,,,,
Lake Peipsi,XGBoost,5,own_pool,unweighted_d_optimal,0.2750357576337651,0.3174189450296852,0.4029349464144089,,,,,
Lake Peipsi,XGBoost,10,own_pool,farthest_point_kennard_stone,0.1613005058977704,0.504136921135693,0.3252924402207399,,,,,
Lake Peipsi,XGBoost,10,own_pool,proposed_weighted_d_optimal,0.1877954536326485,0.2106670871815003,0.2379166669596372,,,,,
Lake Peipsi,XGBoost,10,own_pool,repeated_random,0.1773331319419414,0.23552897687118984,0.2286281758360734,,,,,
Lake Peipsi,XGBoost,10,own_pool,unweighted_d_optimal,0.264333465033327,0.3678559962006327,0.4181538812725689,,,,,
Lake Winnipeg,MLP,1,own_pool,farthest_point_kennard_stone,0.2184477179857864,0.5053006861347071,0.4415767657568993,,,,,
Lake Winnipeg,MLP,1,own_pool,proposed_weighted_d_optimal,0.3859375852313723,0.6147831494454661,1.0018710002525393,,,,,
Lake Winnipeg,MLP,1,own_pool,repeated_random,0.26309790095140145,0.37343239161769426,0.4415767657568995,,,,,
Lake Winnipeg,MLP,1,own_pool,unweighted_d_optimal,0.2184477179857864,0.5053006861347071,0.4415767657568993,,,,,
Lake Winnipeg,MLP,3,own_pool,farthest_point_kennard_stone,0.2772567346734542,0.5097914628619471,0.5655893742488772,,,,,
Lake Winnipeg,MLP,3,own_pool,proposed_weighted_d_optimal,0.2818413147835024,0.5030270190545504,0.5671159813911675,,,,,
Lake Winnipeg,MLP,3,own_pool,repeated_random,0.2375921255365797,0.36068161184562486,0.3632654354439854,,,,,
Lake Winnipeg,MLP,3,own_pool,unweighted_d_optimal,0.3028435298630998,0.2984365143192262,0.4316694626055056,,,,,
Lake Winnipeg,MLP,5,own_pool,farthest_point_kennard_stone,0.2063048894914863,0.4916098810266371,0.4058003621789401,,,,,
Lake Winnipeg,MLP,5,own_pool,proposed_weighted_d_optimal,0.2192358028106738,0.6168015424943469,0.5721208023794174,,,,,
Lake Winnipeg,MLP,5,own_pool,repeated_random,0.24883639144550135,0.3257655268731102,0.36093689507877336,,,,,
Lake Winnipeg,MLP,5,own_pool,unweighted_d_optimal,0.1911759656288859,0.4237892375881091,0.3317813243656852,,,,,
Lake Winnipeg,MLP,10,own_pool,farthest_point_kennard_stone,0.2030983657604008,0.3687024265786002,0.3217157454711998,,,,,
Lake Winnipeg,MLP,10,own_pool,proposed_weighted_d_optimal,0.1808530439032101,0.6550037979968641,0.524217511390471,,,,,
Lake Winnipeg,MLP,10,own_pool,repeated_random,0.22903000314751076,0.37948369471339005,0.35274247229607536,,,,,
Lake Winnipeg,MLP,10,own_pool,unweighted_d_optimal,0.2184236289360847,0.1886865113372364,0.2692222351473086,,,,,
Lake Winnipeg,PLSR,1,own_pool,farthest_point_kennard_stone,0.5267266635673251,-0.1928314677882951,0.4415767657568993,,,,,
Lake Winnipeg,PLSR,1,own_pool,proposed_weighted_d_optimal,0.6146642794934062,0.386483605969925,1.0018710002525393,,,,,
Lake Winnipeg,PLSR,1,own_pool,repeated_random,0.3540190634113157,0.17158524392431374,0.4255892620882308,,,,,
Lake Winnipeg,PLSR,1,own_pool,unweighted_d_optimal,0.5267266635673251,-0.1928314677882951,0.4415767657568993,,,,,
Lake Winnipeg,PLSR,3,own_pool,farthest_point_kennard_stone,0.6001928289037938,-0.0611812307985079,0.5655893742488772,,,,,
Lake Winnipeg,PLSR,3,own_pool,proposed_weighted_d_optimal,0.4103424398139399,0.2764399945638161,0.5671159813911675,,,,,
Lake Winnipeg,PLSR,3,own_pool,repeated_random,0.30750767176367777,0.16389979555494932,0.36426404347535946,,,,,
Lake Winnipeg,PLSR,3,own_pool,unweighted_d_optimal,0.3490368310255258,0.1914257014312804,0.4316694626055056,,,,,
Lake Winnipeg,PLSR,5,own_pool,farthest_point_kennard_stone,0.3469547513023256,0.1450112294393515,0.4058003621789401,,,,,
Lake Winnipeg,PLSR,5,own_pool,proposed_weighted_d_optimal,0.3440269981890402,0.3986811863070462,0.5721208023794174,,,,,
Lake Winnipeg,PLSR,5,own_pool,repeated_random,0.33569951796134273,0.10197949136580825,0.35162368721195336,,,,,
Lake Winnipeg,PLSR,5,own_pool,unweighted_d_optimal,0.4266246688105475,-0.2858610012711783,0.3317813243656852,,,,,
Lake Winnipeg,PLSR,10,own_pool,farthest_point_kennard_stone,0.3056006052857624,0.0500912370978986,0.3217157454711998,,,,,
Lake Winnipeg,PLSR,10,own_pool,proposed_weighted_d_optimal,0.2701559438526875,0.4846491335579415,0.524217511390471,,,,,
Lake Winnipeg,PLSR,10,own_pool,repeated_random,0.2934358987504039,0.1764232843944494,0.35117251218440454,,,,,
Lake Winnipeg,PLSR,10,own_pool,unweighted_d_optimal,0.3959273398156914,-0.4706338608797146,0.2692222351473086,,,,,
Lake Winnipeg,XGBoost,1,own_pool,farthest_point_kennard_stone,0.1950467494922306,0.5582947967362997,0.4415767657568993,,,,,
Lake Winnipeg,XGBoost,1,own_pool,proposed_weighted_d_optimal,0.2603848006924903,0.7401014621364724,1.0018710002525393,,,,,
Lake Winnipeg,XGBoost,1,own_pool,repeated_random,0.23772718071106,0.4272470461514458,0.42558926208823067,,,,,
Lake Winnipeg,XGBoost,1,own_pool,unweighted_d_optimal,0.1950467494922306,0.5582947967362997,0.4415767657568993,,,,,
Lake Winnipeg,XGBoost,3,own_pool,farthest_point_kennard_stone,0.2945748471117949,0.4791718774867022,0.5655893742488772,,,,,
Lake Winnipeg,XGBoost,3,own_pool,proposed_weighted_d_optimal,0.2649610888404357,0.5327920516039917,0.5671159813911675,,,,,
Lake Winnipeg,XGBoost,3,own_pool,repeated_random,0.21366212695657544,0.413845301050515,0.3684943019665823,,,,,
Lake Winnipeg,XGBoost,3,own_pool,unweighted_d_optimal,0.1865417012507759,0.5678598485900975,0.4316694626055056,,,,,
Lake Winnipeg,XGBoost,5,own_pool,farthest_point_kennard_stone,0.1897515814046119,0.5324016328872666,0.4058003621789401,,,,,
Lake Winnipeg,XGBoost,5,own_pool,proposed_weighted_d_optimal,0.1831612514020354,0.679855622381087,0.5721208023794174,,,,,
Lake Winnipeg,XGBoost,5,own_pool,repeated_random,0.2273671129995748,0.3643987924832186,0.3525065245018454,,,,,
Lake Winnipeg,XGBoost,5,own_pool,unweighted_d_optimal,0.190422779834523,0.4260593646758878,0.3317813243656852,,,,,
Lake Winnipeg,XGBoost,10,own_pool,farthest_point_kennard_stone,0.2346759779152692,0.270548663146597,0.3217157454711998,,,,,
Lake Winnipeg,XGBoost,10,own_pool,proposed_weighted_d_optimal,0.1568863649127691,0.7007227562775222,0.524217511390471,,,,,
Lake Winnipeg,XGBoost,10,own_pool,repeated_random,0.1914792785394171,0.46659642852950434,0.35892932202140193,,,,,
Lake Winnipeg,XGBoost,10,own_pool,unweighted_d_optimal,0.1846820651927156,0.3140162875780773,0.2692222351473086,,,,,
Lake Łebsko,MLP,1,own_pool,farthest_point_kennard_stone,0.4167796750580591,-1.0705428197696294,0.2012900483743689,,,,,
Lake Łebsko,MLP,1,own_pool,proposed_weighted_d_optimal,0.1425832779502677,0.1217465635671701,0.1623486720949919,,,,,
Lake Łebsko,MLP,1,own_pool,repeated_random,0.1608041328219937,-0.042617926543531706,0.1539453543778799,,,,,
Lake Łebsko,MLP,1,own_pool,unweighted_d_optimal,0.4167796750580591,-1.0705428197696294,0.2012900483743689,,,,,
Lake Łebsko,MLP,3,own_pool,farthest_point_kennard_stone,0.2158895489941612,-0.5888257882497812,0.1358799339125298,,,,,
Lake Łebsko,MLP,3,own_pool,proposed_weighted_d_optimal,0.1513088346848002,0.0697819975721219,0.162659543233632,,,,,
Lake Łebsko,MLP,3,own_pool,repeated_random,0.14363412576640422,-0.037877750590678896,0.1416080637110278,,,,,
Lake Łebsko,MLP,3,own_pool,unweighted_d_optimal,0.2362709554892934,-0.5108761962064743,0.1563800865840387,,,,,
Lake Łebsko,MLP,5,own_pool,farthest_point_kennard_stone,0.1178006774432015,0.073427416800637,0.1271359419795497,,,,,
Lake Łebsko,MLP,5,own_pool,proposed_weighted_d_optimal,0.1541800282854594,0.061426261512946,0.1642705549680673,,,,,
Lake Łebsko,MLP,5,own_pool,repeated_random,0.1298952249212943,0.052207719194971206,0.13797294169041865,,,,,
Lake Łebsko,MLP,5,own_pool,unweighted_d_optimal,0.15334790956041,-0.3100304137947232,0.11705675291607,,,,,
Lake Łebsko,MLP,10,own_pool,farthest_point_kennard_stone,0.0922868337548169,0.1928644096004267,0.1143387019246349,,,,,
Lake Łebsko,MLP,10,own_pool,proposed_weighted_d_optimal,0.1576454300043421,-0.2469580146745597,0.1264240060046492,,,,,
Lake Łebsko,MLP,10,own_pool,repeated_random,0.11949048898243304,0.1214787367383843,0.1375665980725976,,,,,
Lake Łebsko,MLP,10,own_pool,unweighted_d_optimal,0.1218911275766477,0.1179155148393463,0.1381853221617461,,,,,
Lake Łebsko,PLSR,1,own_pool,farthest_point_kennard_stone,0.2662937313503754,-0.3229353873757121,0.2012900483743689,,,,,
Lake Łebsko,PLSR,1,own_pool,proposed_weighted_d_optimal,0.1418880815820596,0.1260286825177958,0.1623486720949919,,,,,
Lake Łebsko,PLSR,1,own_pool,repeated_random,0.17248492871837384,-0.0201837602146997,0.1474089636503874,,,,,
Lake Łebsko,PLSR,1,own_pool,unweighted_d_optimal,0.2662937313503754,-0.3229353873757121,0.2012900483743689,,,,,
Lake Łebsko,PLSR,3,own_pool,farthest_point_kennard_stone,0.2063924678164445,-0.5189326097257284,0.1358799339125298,,,,,
Lake Łebsko,PLSR,3,own_pool,proposed_weighted_d_optimal,0.138596967666811,0.1479321385584973,0.162659543233632,,,,,
Lake Łebsko,PLSR,3,own_pool,repeated_random,0.1443101710415797,-0.02626321272573395,0.14444851522467395,,,,,
Lake Łebsko,PLSR,3,own_pool,unweighted_d_optimal,0.1815519592900708,-0.1609659621389526,0.1563800865840387,,,,,
Lake Łebsko,PLSR,5,own_pool,farthest_point_kennard_stone,0.1497643227215077,-0.1779856947592434,0.1271359419795497,,,,,
Lake Łebsko,PLSR,5,own_pool,proposed_weighted_d_optimal,0.1418681974219895,0.136374751924866,0.1642705549680673,,,,,
Lake Łebsko,PLSR,5,own_pool,repeated_random,0.1466665937513714,-0.0535048214694189,0.14191923504086446,,,,,
Lake Łebsko,PLSR,5,own_pool,unweighted_d_optimal,0.1288874678431506,-0.1010681880513234,0.11705675291607,,,,,
Lake Łebsko,PLSR,10,own_pool,farthest_point_kennard_stone,0.1331373118760301,-0.1644115945943671,0.1143387019246349,,,,,
Lake Łebsko,PLSR,10,own_pool,proposed_weighted_d_optimal,0.1327314360574947,-0.049891074909482,0.1264240060046492,,,,,
Lake Łebsko,PLSR,10,own_pool,repeated_random,0.12470929129630096,0.07509822547118995,0.1364894950469684,,,,,
Lake Łebsko,PLSR,10,own_pool,unweighted_d_optimal,0.1193245425725874,0.1364890129372201,0.1381853221617461,,,,,
Lake Łebsko,XGBoost,1,own_pool,farthest_point_kennard_stone,0.1102352389129327,0.4523562176731451,0.2012900483743689,,,,,
Lake Łebsko,XGBoost,1,own_pool,proposed_weighted_d_optimal,0.1332465675275957,0.1792567958781968,0.1623486720949919,,,,,
Lake Łebsko,XGBoost,1,own_pool,repeated_random,0.10074375831371485,0.3427735785258448,0.1516645020109796,,,,,
Lake Łebsko,XGBoost,1,own_pool,unweighted_d_optimal,0.1102352389129327,0.4523562176731451,0.2012900483743689,,,,,
Lake Łebsko,XGBoost,3,own_pool,farthest_point_kennard_stone,0.0940910822582687,0.3075424558694395,0.1358799339125298,,,,,
Lake Łebsko,XGBoost,3,own_pool,proposed_weighted_d_optimal,0.1177949828276341,0.2758187853962548,0.162659543233632,,,,,
Lake Łebsko,XGBoost,3,own_pool,repeated_random,0.09393709205702194,0.34402684008712625,0.14628945838573781,,,,,
Lake Łebsko,XGBoost,3,own_pool,unweighted_d_optimal,0.1324001519114041,0.1533439049882394,0.1563800865840387,,,,,
Lake Łebsko,XGBoost,5,own_pool,farthest_point_kennard_stone,0.0813597635324234,0.3600569133622374,0.1271359419795497,,,,,
Lake Łebsko,XGBoost,5,own_pool,proposed_weighted_d_optimal,0.1089379793862604,0.3368380427288545,0.1642705549680673,,,,,
Lake Łebsko,XGBoost,5,own_pool,repeated_random,0.1085549733028285,0.21798502830190536,0.1376827963798889,,,,,
Lake Łebsko,XGBoost,5,own_pool,unweighted_d_optimal,0.1289057216734338,-0.1012241280399967,0.11705675291607,,,,,
Lake Łebsko,XGBoost,10,own_pool,farthest_point_kennard_stone,0.0944147347769257,0.1742539058935858,0.1143387019246349,,,,,
Lake Łebsko,XGBoost,10,own_pool,proposed_weighted_d_optimal,0.1246327981071325,0.0141682565870302,0.1264240060046492,,,,,
Lake Łebsko,XGBoost,10,own_pool,repeated_random,0.09977444045283615,0.2621113654448108,0.13569080897703734,,,,,
Lake Łebsko,XGBoost,10,own_pool,unweighted_d_optimal,0.0952320449577734,0.3108381803771746,0.1381853221617461,,,,,
Mantova,MLP,1,own_pool,farthest_point_kennard_stone,0.1715865087137007,0.0584082957562207,0.1822302687294701,,,,,
Mantova,MLP,1,own_pool,proposed_weighted_d_optimal,0.4102540477100828,-0.8487126623777509,0.2219133603462754,,,,,
Mantova,MLP,1,own_pool,repeated_random,0.2039556037006987,-0.03320155887599555,0.18901258233055807,,,,,
Mantova,MLP,1,own_pool,unweighted_d_optimal,0.1715865087137007,0.0584082957562207,0.1822302687294701,,,,,
Mantova,MLP,3,own_pool,farthest_point_kennard_stone,0.1644654255568159,0.0308542544076407,0.1697014371814987,,,,,
Mantova,MLP,3,own_pool,proposed_weighted_d_optimal,0.1590343124190353,0.2783996199246001,0.2203911189548072,,,,,
Mantova,MLP,3,own_pool,repeated_random,0.1865297777158356,-0.03690598080215435,0.1847855630398009,,,,,
Mantova,MLP,3,own_pool,unweighted_d_optimal,0.1738539620722797,0.0794214734497831,0.1888529417669518,,,,,
Mantova,MLP,5,own_pool,farthest_point_kennard_stone,0.1767898377905359,-0.0096282589240947,0.1751038920826647,,,,,
Mantova,MLP,5,own_pool,proposed_weighted_d_optimal,0.2129325350296748,-0.1109142707208927,0.1916732366597076,,,,,
Mantova,MLP,5,own_pool,repeated_random,0.20271769084903052,-0.099157826895726,0.17690175947990536,,,,,
Mantova,MLP,5,own_pool,unweighted_d_optimal,0.1714052623062646,0.1481006572051439,0.2012036577290175,,,,,
Mantova,MLP,10,own_pool,farthest_point_kennard_stone,0.1665000754509564,0.084163409596332,0.1818010745991304,,,,,
Mantova,MLP,10,own_pool,proposed_weighted_d_optimal,0.2026187613005932,-0.2814269236473597,0.1581196358116191,,,,,
Mantova,MLP,10,own_pool,repeated_random,0.204301804586665,-0.15648673072911715,0.16855343998138927,,,,,
Mantova,MLP,10,own_pool,unweighted_d_optimal,0.1544915375249289,0.2230897807954674,0.198853787653879,,,,,
Mantova,PLSR,1,own_pool,farthest_point_kennard_stone,0.1812381076844117,0.0054445455056966,0.1822302687294701,,,,,
Mantova,PLSR,1,own_pool,proposed_weighted_d_optimal,0.2664923048106496,-0.2008844460106787,0.2219133603462754,,,,,
Mantova,PLSR,1,own_pool,repeated_random,0.174740818315176,0.1097303228470454,0.1938554318496667,,,,,
Mantova,PLSR,1,own_pool,unweighted_d_optimal,0.1812381076844117,0.0054445455056966,0.1822302687294701,,,,,
Mantova,PLSR,3,own_pool,farthest_point_kennard_stone,0.1493136277636934,0.1201392784588346,0.1697014371814987,,,,,
Mantova,PLSR,3,own_pool,proposed_weighted_d_optimal,0.1394711715484884,0.3671651748873791,0.2203911189548072,,,,,
Mantova,PLSR,3,own_pool,repeated_random,0.15976997601050213,0.0973928686073674,0.1804154819633426,,,,,
Mantova,PLSR,3,own_pool,unweighted_d_optimal,0.1497103001116865,0.2072651832499186,0.1888529417669518,,,,,
Mantova,PLSR,5,own_pool,farthest_point_kennard_stone,0.1462154879837953,0.1649786427102662,0.1751038920826647,,,,,
Mantova,PLSR,5,own_pool,proposed_weighted_d_optimal,0.214151340484167,-0.1172730374018578,0.1916732366597076,,,,,
Mantova,PLSR,5,own_pool,repeated_random,0.17365318274533204,0.0695988103259299,0.18001799901192989,,,,,
Mantova,PLSR,5,own_pool,unweighted_d_optimal,0.1497538273130461,0.2557102014922729,0.2012036577290175,,,,,
Mantova,PLSR,10,own_pool,farthest_point_kennard_stone,0.1560010948652587,0.141913233305293,0.1818010745991304,,,,,
Mantova,PLSR,10,own_pool,proposed_weighted_d_optimal,0.209677500482948,-0.3260686830323029,0.1581196358116191,,,,,
Mantova,PLSR,10,own_pool,repeated_random,0.168253031114866,0.0509934602897122,0.1720340022520211,,,,,
Mantova,PLSR,10,own_pool,unweighted_d_optimal,0.1440853302580547,0.2754207263929312,0.198853787653879,,,,,
Mantova,XGBoost,1,own_pool,farthest_point_kennard_stone,0.1534547011491708,0.1579077186344981,0.1822302687294701,,,,,
Mantova,XGBoost,1,own_pool,proposed_weighted_d_optimal,0.3727541802885744,-0.6797283990005902,0.2219133603462754,,,,,
Mantova,XGBoost,1,own_pool,repeated_random,0.1727365709563424,0.120092836199883,0.191202504065203,,,,,
Mantova,XGBoost,1,own_pool,unweighted_d_optimal,0.1534547011491708,0.1579077186344981,0.1822302687294701,,,,,
Mantova,XGBoost,3,own_pool,farthest_point_kennard_stone,0.1509908428240264,0.1102559504837985,0.1697014371814987,,,,,
Mantova,XGBoost,3,own_pool,proposed_weighted_d_optimal,0.1389191513379796,0.3696699046064326,0.2203911189548072,,,,,
Mantova,XGBoost,3,own_pool,repeated_random,0.17452978029990668,0.0436168158451069,0.1800545142438988,,,,,
Mantova,XGBoost,3,own_pool,unweighted_d_optimal,0.1568912948528504,0.1692409179473279,0.1888529417669518,,,,,
Mantova,XGBoost,5,own_pool,farthest_point_kennard_stone,0.1572574700651557,0.1019190423813851,0.1751038920826647,,,,,
Mantova,XGBoost,5,own_pool,proposed_weighted_d_optimal,0.2467755821762887,-0.2874806290228321,0.1916732366597076,,,,,
Mantova,XGBoost,5,own_pool,repeated_random,0.19156610953629843,-0.09633985365291635,0.17301017743099514,,,,,
Mantova,XGBoost,5,own_pool,unweighted_d_optimal,0.1615259834878298,0.1972015455236423,0.2012036577290175,,,,,
Mantova,XGBoost,10,own_pool,farthest_point_kennard_stone,0.1659800788212811,0.0870236600223505,0.1818010745991304,,,,,
Mantova,XGBoost,10,own_pool,proposed_weighted_d_optimal,0.267816921827838,-0.6937612682671334,0.1581196358116191,,,,,
Mantova,XGBoost,10,own_pool,repeated_random,0.19143945525572864,-0.08641066420232495,0.17201639254552903,,,,,
Mantova,XGBoost,10,own_pool,unweighted_d_optimal,0.1464749665841399,0.2634036748994288,0.198853787653879,,,,,
Morse Reservoir,MLP,1,own_pool,farthest_point_kennard_stone,0.3039527038732755,-0.4766501014746754,0.2058393513827197,,,,,
Morse Reservoir,MLP,1,own_pool,proposed_weighted_d_optimal,0.1508437635948998,0.6147808622363546,0.3915791168071715,,,,,
Morse Reservoir,MLP,1,own_pool,repeated_random,0.1683118633804452,-0.1423111396986262,0.1595498599135191,,,,,
Morse Reservoir,MLP,1,own_pool,unweighted_d_optimal,0.3039527038732755,-0.4766501014746754,0.2058393513827197,,,,,
Morse Reservoir,MLP,3,own_pool,farthest_point_kennard_stone,0.1789300585520225,-0.2882856415981661,0.1388900488304727,,,,,
Morse Reservoir,MLP,3,own_pool,proposed_weighted_d_optimal,0.1358149396727207,0.419503441209004,0.2339633918771505,,,,,
Morse Reservoir,MLP,3,own_pool,repeated_random,0.151424628408835,0.005874061939313176,0.14814745157040846,,,,,
Morse Reservoir,MLP,3,own_pool,unweighted_d_optimal,0.1509982575456112,0.273555420085895,0.20785929781322,,,,,
Morse Reservoir,MLP,5,own_pool,farthest_point_kennard_stone,0.1031704047359811,0.3137118025094407,0.1503310245613227,,,,,
Morse Reservoir,MLP,5,own_pool,proposed_weighted_d_optimal,0.0928140387135886,0.3150613233322195,0.1355070826424071,,,,,
Morse Reservoir,MLP,5,own_pool,repeated_random,0.10503900050358406,0.28938403149222525,0.14195753540390948,,,,,
Morse Reservoir,MLP,5,own_pool,unweighted_d_optimal,0.0956677134516023,0.2789099431376054,0.1326709685291889,,,,,
Morse Reservoir,MLP,10,own_pool,farthest_point_kennard_stone,0.0999083637548687,0.3717332687993818,0.1590222154231794,,,,,
Morse Reservoir,MLP,10,own_pool,proposed_weighted_d_optimal,0.0928831214886989,0.3131147070160225,0.1352236327791234,,,,,
Morse Reservoir,MLP,10,own_pool,repeated_random,0.1000705441051992,0.3017813862568315,0.1400732506453976,,,,,
Morse Reservoir,MLP,10,own_pool,unweighted_d_optimal,0.0973425257343558,0.2800823170658537,0.1352134151483028,,,,,
Morse Reservoir,PLSR,1,own_pool,farthest_point_kennard_stone,0.6359458862551571,-2.0895252102572104,0.2058393513827197,,,,,
Morse Reservoir,PLSR,1,own_pool,proposed_weighted_d_optimal,0.2125591992056869,0.4571743112590393,0.3915791168071715,,,,,
Morse Reservoir,PLSR,1,own_pool,repeated_random,0.2599608678049181,-0.5539379057658771,0.1734052826068138,,,,,
Morse Reservoir,PLSR,1,own_pool,unweighted_d_optimal,0.6359458862551571,-2.0895252102572104,0.2058393513827197,,,,,
Morse Reservoir,PLSR,3,own_pool,farthest_point_kennard_stone,0.143715549570685,-0.0347433126664759,0.1388900488304727,,,,,
Morse Reservoir,PLSR,3,own_pool,proposed_weighted_d_optimal,0.201893126621981,0.1370738542774692,0.2339633918771505,,,,,
Morse Reservoir,PLSR,3,own_pool,repeated_random,0.20672154281855426,-0.28578942206396996,0.1533861546659876,,,,,
Morse Reservoir,PLSR,3,own_pool,unweighted_d_optimal,0.1037640320257214,0.5007967498912169,0.20785929781322,,,,,
Morse Reservoir,PLSR,5,own_pool,farthest_point_kennard_stone,0.098318680696063,0.3459854049234448,0.1503310245613227,,,,,
Morse Reservoir,PLSR,5,own_pool,proposed_weighted_d_optimal,0.1320538153249001,0.0254840337148986,0.1355070826424071,,,,,
Morse Reservoir,PLSR,5,own_pool,repeated_random,0.092628184900229,0.3758873253744007,0.14578006289735002,,,,,
Morse Reservoir,PLSR,5,own_pool,unweighted_d_optimal,0.1036076487266463,0.219063129892785,0.1326709685291889,,,,,
Morse Reservoir,PLSR,10,own_pool,farthest_point_kennard_stone,0.0760642121656644,0.52167552703248,0.1590222154231794,,,,,
Morse Reservoir,PLSR,10,own_pool,proposed_weighted_d_optimal,0.1086111863039864,0.1968032063638919,0.1352236327791234,,,,,
Morse Reservoir,PLSR,10,own_pool,repeated_random,0.08935064019308345,0.3799799829589571,0.14064835930253589,,,,,
Morse Reservoir,PLSR,10,own_pool,unweighted_d_optimal,0.0768264246868317,0.4318135599141275,0.1352134151483028,,,,,
Morse Reservoir,XGBoost,1,own_pool,farthest_point_kennard_stone,0.1091172115446762,0.4698913715448561,0.2058393513827197,,,,,
Morse Reservoir,XGBoost,1,own_pool,proposed_weighted_d_optimal,0.127133504113525,0.6753312283263495,0.3915791168071715,,,,,
Morse Reservoir,XGBoost,1,own_pool,repeated_random,0.1091172115446762,0.31635758894757215,0.1578085457595026,,,,,
Morse Reservoir,XGBoost,1,own_pool,unweighted_d_optimal,0.1091172115446762,0.4698913715448561,0.2058393513827197,,,,,
Morse Reservoir,XGBoost,3,own_pool,farthest_point_kennard_stone,0.0900107339805357,0.3519281024252313,0.1388900488304727,,,,,
Morse Reservoir,XGBoost,3,own_pool,proposed_weighted_d_optimal,0.0927093663956253,0.60374410847255,0.2339633918771505,,,,,
Morse Reservoir,XGBoost,3,own_pool,repeated_random,0.09723031407387239,0.3430603727877217,0.14511041201061314,,,,,
Morse Reservoir,XGBoost,3,own_pool,unweighted_d_optimal,0.0929015171654565,0.5530557272473129,0.20785929781322,,,,,
Morse Reservoir,XGBoost,5,own_pool,farthest_point_kennard_stone,0.1215017978290826,0.1917716246440128,0.1503310245613227,,,,,
Morse Reservoir,XGBoost,5,own_pool,proposed_weighted_d_optimal,0.0830118806721794,0.3873981866673098,0.1355070826424071,,,,,
Morse Reservoir,XGBoost,5,own_pool,repeated_random,0.0910173518474432,0.3790314778948425,0.14507494771185764,,,,,
Morse Reservoir,XGBoost,5,own_pool,unweighted_d_optimal,0.0773642493253722,0.4168712691875461,0.1326709685291889,,,,,
Morse Reservoir,XGBoost,10,own_pool,farthest_point_kennard_stone,0.0877104438956191,0.4484390237766455,0.1590222154231794,,,,,
Morse Reservoir,XGBoost,10,own_pool,proposed_weighted_d_optimal,0.0805657432951447,0.4042036463494612,0.1352236327791234,,,,,
Morse Reservoir,XGBoost,10,own_pool,repeated_random,0.08826916459704351,0.3883984239311108,0.1403922755385668,,,,,
Morse Reservoir,XGBoost,10,own_pool,unweighted_d_optimal,0.0796059243116807,0.4112571719533877,0.1352134151483028,,,,,
Taihu,MLP,1,own_pool,farthest_point_kennard_stone,0.1978332544913228,0.8103770160009574,1.043297908422809,,,,,
Taihu,MLP,1,own_pool,proposed_weighted_d_optimal,0.193366695930134,0.3369965115288831,0.2916526121845934,,,,,
Taihu,MLP,1,own_pool,repeated_random,0.2089369340887572,0.34258701506115186,0.3139154606722192,,,,,
Taihu,MLP,1,own_pool,unweighted_d_optimal,0.9425517060852208,-0.0603393126132469,0.8889151748593315,,,,,
Taihu,MLP,3,own_pool,farthest_point_kennard_stone,0.5019696274708786,0.183442773247875,0.6147390689344604,,,,,
Taihu,MLP,3,own_pool,proposed_weighted_d_optimal,0.4541128252465546,0.5933721839838288,1.1167775870065342,,,,,
Taihu,MLP,3,own_pool,repeated_random,0.19715868639434586,0.3446808040201992,0.2965094458114871,,,,,
Taihu,MLP,3,own_pool,unweighted_d_optimal,0.2386645369152499,0.1642375968834282,0.2855650573268694,,,,,
Taihu,MLP,5,own_pool,farthest_point_kennard_stone,0.230585363706448,0.6251453633496767,0.6151327672465188,,,,,
Taihu,MLP,5,own_pool,proposed_weighted_d_optimal,0.2870909460036325,0.7158115381046336,1.0102132621677309,,,,,
Taihu,MLP,5,own_pool,repeated_random,0.18865474326109904,0.3692580743913527,0.29366428484196994,,,,,
Taihu,MLP,5,own_pool,unweighted_d_optimal,0.159869177873196,0.4333849595402991,0.282147791342323,,,,,
Taihu,MLP,10,own_pool,farthest_point_kennard_stone,0.1598422084749445,0.3924313137303008,0.263085007525065,,,,,
Taihu,MLP,10,own_pool,proposed_weighted_d_optimal,0.2329120362022132,0.6225165982555102,0.6170126722155383,,,,,
Taihu,MLP,10,own_pool,repeated_random,0.16834637750249865,0.4382558125649401,0.2901648640320952,,,,,
Taihu,MLP,10,own_pool,unweighted_d_optimal,0.1362904432463155,0.4668343293359227,0.2556249500177011,,,,,
Taihu,PLSR,1,own_pool,farthest_point_kennard_stone,0.2856358470280409,0.7262183198258011,1.043297908422809,,,,,
Taihu,PLSR,1,own_pool,proposed_weighted_d_optimal,0.2930587473899691,-0.0048212671459739,0.2916526121845934,,,,,
Taihu,PLSR,1,own_pool,repeated_random,0.24907704438891745,0.25869090741983736,0.3372784360372436,,,,,
Taihu,PLSR,1,own_pool,unweighted_d_optimal,1.6123094750976648,-0.813794513312098,0.8889151748593315,,,,,
Taihu,PLSR,3,own_pool,farthest_point_kennard_stone,0.3951444262347944,0.3572160128168421,0.6147390689344604,,,,,
Taihu,PLSR,3,own_pool,proposed_weighted_d_optimal,0.5771380040957546,0.483211325475418,1.1167775870065342,,,,,
Taihu,PLSR,3,own_pool,repeated_random,0.22500429314511194,0.2677922646850812,0.3011837885803036,,,,,
Taihu,PLSR,3,own_pool,unweighted_d_optimal,0.6743800246079983,-1.3615634815587423,0.2855650573268694,,,,,
Taihu,PLSR,5,own_pool,farthest_point_kennard_stone,0.2371043382358007,0.6145476927808393,0.6151327672465188,,,,,
Taihu,PLSR,5,own_pool,proposed_weighted_d_optimal,0.2819644353634392,0.7208862196411302,1.0102132621677309,,,,,
Taihu,PLSR,5,own_pool,repeated_random,0.2542624550000177,0.1718431328690293,0.2948166376242565,,,,,
Taihu,PLSR,5,own_pool,unweighted_d_optimal,0.4152447951240499,-0.4717279494949652,0.282147791342323,,,,,
Taihu,PLSR,10,own_pool,farthest_point_kennard_stone,0.2078255906817654,0.2100439521913664,0.263085007525065,,,,,
Taihu,PLSR,10,own_pool,proposed_weighted_d_optimal,0.2732662265947037,0.5571140683632742,0.6170126722155383,,,,,
Taihu,PLSR,10,own_pool,repeated_random,0.22403167311085975,0.22484866859622626,0.287311199043965,,,,,
Taihu,PLSR,10,own_pool,unweighted_d_optimal,0.230702816235341,0.0974949151312701,0.2556249500177011,,,,,
Taihu,XGBoost,1,own_pool,farthest_point_kennard_stone,0.2386759865668894,0.7712292985998626,1.043297908422809,,,,,
Taihu,XGBoost,1,own_pool,proposed_weighted_d_optimal,0.2631695753551185,0.0976608288865215,0.2916526121845934,,,,,
Taihu,XGBoost,1,own_pool,repeated_random,0.2138458044372622,0.3843007677948036,0.3335610309445712,,,,,
Taihu,XGBoost,1,own_pool,unweighted_d_optimal,0.1858537657909022,0.7909206874215867,0.8889151748593315,,,,,
Taihu,XGBoost,3,own_pool,farthest_point_kennard_stone,0.1794305103969793,0.7081192223731898,0.6147390689344604,,,,,
Taihu,XGBoost,3,own_pool,proposed_weighted_d_optimal,0.4862299478426342,0.5646134385700887,1.1167775870065342,,,,,
Taihu,XGBoost,3,own_pool,repeated_random,0.1841453776013035,0.39260638185447216,0.30076128835546895,,,,,
Taihu,XGBoost,3,own_pool,unweighted_d_optimal,0.2063126415187634,0.277528398518683,0.2855650573268694,,,,,
Taihu,XGBoost,5,own_pool,farthest_point_kennard_stone,0.1697541292750014,0.724036589246859,0.6151327672465188,,,,,
Taihu,XGBoost,5,own_pool,proposed_weighted_d_optimal,0.2829891004760362,0.7198719139090364,1.0102132621677309,,,,,
Taihu,XGBoost,5,own_pool,repeated_random,0.19973428790390751,0.35586165806690717,0.2984845011346937,,,,,
Taihu,XGBoost,5,own_pool,unweighted_d_optimal,0.1694541235911044,0.39941359533931,0.282147791342323,,,,,
Taihu,XGBoost,10,own_pool,farthest_point_kennard_stone,0.2194013000228822,0.1660440716583978,0.263085007525065,,,,,
Taihu,XGBoost,10,own_pool,proposed_weighted_d_optimal,0.268360262905936,0.5650652237125477,0.6170126722155383,,,,,
Taihu,XGBoost,10,own_pool,repeated_random,0.20312706652276602,0.3061376618704194,0.28849063830408594,,,,,
Taihu,XGBoost,10,own_pool,unweighted_d_optimal,0.2048333752110194,0.1986956782434882,0.2556249500177011,,,,,
Branched Oak Lake,MLP,1,pairwise_common_query,farthest_point_kennard_stone,,,,-0.0574953224934183,0.1481514903812739,0.0899997241636128,38.0,
Branched Oak Lake,MLP,1,pairwise_common_query,proposed_weighted_d_optimal,,,,-0.022982742784455848,0.1142739917800762,0.09171426121384445,38.0,
Branched Oak Lake,MLP,1,pairwise_common_query,unweighted_d_optimal,,,,-0.23268576136139923,0.318429178384419,0.086073884392544,38.0,
Branched Oak Lake,MLP,3,pairwise_common_query,farthest_point_kennard_stone,,,,0.01134806951182505,0.06643976050508855,0.07674031364156894,34.0,
Branched Oak Lake,MLP,3,pairwise_common_query,proposed_weighted_d_optimal,,,,-0.004894038705326851,0.09034829287214516,0.086527178327601,34.0,
Branched Oak Lake,MLP,3,pairwise_common_query,unweighted_d_optimal,,,,-0.0160550816457695,0.09459020966158116,0.0784774045269427,34.0,
Branched Oak Lake,MLP,5,pairwise_common_query,farthest_point_kennard_stone,,,,-0.01532229011415795,0.08604198248076264,0.0694909754508783,31.0,
Branched Oak Lake,MLP,5,pairwise_common_query,proposed_weighted_d_optimal,,,,-0.017490157856683397,0.09346717065502255,0.07811641663697144,31.0,
Branched Oak Lake,MLP,5,pairwise_common_query,unweighted_d_optimal,,,,-0.00452303847326435,0.0773928483348175,0.07282453895663435,30.0,
Branched Oak Lake,MLP,10,pairwise_common_query,farthest_point_kennard_stone,,,,0.00811849617370215,0.0516358387099755,0.0604576508256009,22.0,
Branched Oak Lake,MLP,10,pairwise_common_query,proposed_weighted_d_optimal,,,,0.00168802970705335,0.06424867427693864,0.06750234409364844,22.0,
Branched Oak Lake,MLP,10,pairwise_common_query,unweighted_d_optimal,,,,0.0017025082462671,0.0634583718535668,0.0654681662491084,22.0,
Branched Oak Lake,PLSR,1,pairwise_common_query,farthest_point_kennard_stone,,,,-0.135147793561448,0.25651092498909833,0.12315897710401,38.0,
Branched Oak Lake,PLSR,1,pairwise_common_query,proposed_weighted_d_optimal,,,,-0.0215780213814827,0.1457659055075357,0.1230655567730747,38.0,
Branched Oak Lake,PLSR,1,pairwise_common_query,unweighted_d_optimal,,,,-0.3834452148047065,0.4978050783389441,0.112818129713739,38.0,
Branched Oak Lake,PLSR,3,pairwise_common_query,farthest_point_kennard_stone,,,,0.0007944271583640501,0.09954980018507906,0.10067981146861285,34.0,
Branched Oak Lake,PLSR,3,pairwise_common_query,proposed_weighted_d_optimal,,,,-0.016667869278903152,0.1286741653022325,0.11459489266012404,34.0,
Branched Oak Lake,PLSR,3,pairwise_common_query,unweighted_d_optimal,,,,0.00136124797051675,0.1000812322696587,0.10121054247329325,34.0,
Branched Oak Lake,PLSR,5,pairwise_common_query,farthest_point_kennard_stone,,,,-0.052714164990135204,0.16107448713957456,0.1067178809424664,31.0,
Branched Oak Lake,PLSR,5,pairwise_common_query,proposed_weighted_d_optimal,,,,-0.04090511159941365,0.1556144274855994,0.1167869811121563,30.5,
Branched Oak Lake,PLSR,5,pairwise_common_query,unweighted_d_optimal,,,,-0.0230111168068569,0.1211674274435203,0.09687933475568836,31.0,
Branched Oak Lake,PLSR,10,pairwise_common_query,farthest_point_kennard_stone,,,,0.00783565093267885,0.07100123004286055,0.07953493295005401,22.0,
Branched Oak Lake,PLSR,10,pairwise_common_query,proposed_weighted_d_optimal,,,,0.0114923083378868,0.08164194080036036,0.0925502426416992,22.0,
Branched Oak Lake,PLSR,10,pairwise_common_query,unweighted_d_optimal,,,,0.0043939502366372,0.0762514739914304,0.08075884808749124,22.0,
Branched Oak Lake,XGBoost,1,pairwise_common_query,farthest_point_kennard_stone,,,,0.0151537286448916,0.08705566728631585,0.1023025957305823,38.0,
Branched Oak Lake,XGBoost,1,pairwise_common_query,proposed_weighted_d_optimal,,,,-0.059429634536309145,0.1584977598708614,0.0997388407039542,38.0,
Branched Oak Lake,XGBoost,1,pairwise_common_query,unweighted_d_optimal,,,,-0.28384227353135527,0.3770430805688828,0.09377820470472234,38.0,
Branched Oak Lake,XGBoost,3,pairwise_common_query,farthest_point_kennard_stone,,,,-0.0181976661761904,0.09647539861763255,0.0784040047807669,34.0,
Branched Oak Lake,XGBoost,3,pairwise_common_query,proposed_weighted_d_optimal,,,,0.004227337045549,0.08126341846406054,0.086979962731361,34.0,
Branched Oak Lake,XGBoost,3,pairwise_common_query,unweighted_d_optimal,,,,-0.00541320613141285,0.08205208048772655,0.07678165963887446,34.0,
Branched Oak Lake,XGBoost,5,pairwise_common_query,farthest_point_kennard_stone,,,,-0.05471929192043475,0.14577734904464965,0.08982971505744286,31.0,
Branched Oak Lake,XGBoost,5,pairwise_common_query,proposed_weighted_d_optimal,,,,0.00414668616421105,0.096335540870855,0.09886553405625564,30.0,
Branched Oak Lake,XGBoost,5,pairwise_common_query,unweighted_d_optimal,,,,0.0077208932652552496,0.0821682967033089,0.08996804395213355,31.0,
Branched Oak Lake,XGBoost,10,pairwise_common_query,farthest_point_kennard_stone,,,,0.00529810501247395,0.0794143244633414,0.0859412234054739,22.0,
Branched Oak Lake,XGBoost,10,pairwise_common_query,proposed_weighted_d_optimal,,,,0.008363508237892451,0.08787769515293825,0.09683275524640575,23.0,
Branched Oak Lake,XGBoost,10,pairwise_common_query,unweighted_d_optimal,,,,0.0031711725555153497,0.0846780138779564,0.08766421025063514,22.0,
Chaohu,MLP,1,pairwise_common_query,farthest_point_kennard_stone,,,,-0.1418632957891708,0.36750788581215477,0.2184825382178299,19.0,
Chaohu,MLP,1,pairwise_common_query,proposed_weighted_d_optimal,,,,-0.117784140821889,0.3446543638077144,0.2197498621634763,19.0,
Chaohu,MLP,1,pairwise_common_query,unweighted_d_optimal,,,,-0.0766694553502888,0.3048771950509753,0.2208410371711772,19.0,
Chaohu,MLP,3,pairwise_common_query,farthest_point_kennard_stone,,,,0.0220182119570307,0.142045163966156,0.1699109312618633,15.0,
Chaohu,MLP,3,pairwise_common_query,proposed_weighted_d_optimal,,,,-0.1784852381420563,0.3409526375497843,0.16039135513533895,15.0,
Chaohu,MLP,3,pairwise_common_query,unweighted_d_optimal,,,,0.0220182119570307,0.142045163966156,0.1699109312618633,15.0,
Chaohu,MLP,5,pairwise_common_query,farthest_point_kennard_stone,,,,-0.0233007198050803,0.20791710440218286,0.18923643969416148,12.0,
Chaohu,MLP,5,pairwise_common_query,proposed_weighted_d_optimal,,,,-0.0527069547447535,0.22711905949383154,0.1779832334653057,12.0,
Chaohu,MLP,5,pairwise_common_query,unweighted_d_optimal,,,,-0.0086147900220198,0.18566640002339807,0.18335179688063385,12.0,
Chaohu,MLP,10,pairwise_common_query,farthest_point_kennard_stone,,,,-0.00105042260266915,0.19163222708449873,0.19982362196772369,6.0,
Chaohu,MLP,10,pairwise_common_query,proposed_weighted_d_optimal,,,,0.0072873183077698505,0.1732634528343172,0.18441292486997074,6.0,
Chaohu,MLP,10,pairwise_common_query,unweighted_d_optimal,,,,0.006395150515576,0.18170173702409434,0.1878082873806855,6.0,
Chaohu,PLSR,1,pairwise_common_query,farthest_point_kennard_stone,,,,0.0093815530335441,0.20429360362170776,0.2170779153671612,19.0,
Chaohu,PLSR,1,pairwise_common_query,proposed_weighted_d_optimal,,,,-0.0753113131564054,0.2840982347987902,0.2112407700866291,19.0,
Chaohu,PLSR,1,pairwise_common_query,unweighted_d_optimal,,,,0.0420341402483377,0.1707609436851296,0.2139794061709593,19.0,
Chaohu,PLSR,3,pairwise_common_query,farthest_point_kennard_stone,,,,0.008751686293656101,0.1790878648532822,0.19535648541503295,15.0,
Chaohu,PLSR,3,pairwise_common_query,proposed_weighted_d_optimal,,,,-0.0614852449654418,0.2426455739847923,0.18617202131948815,15.0,
Chaohu,PLSR,3,pairwise_common_query,unweighted_d_optimal,,,,0.008751686293656101,0.1790878648532822,0.19535648541503295,15.0,
Chaohu,PLSR,5,pairwise_common_query,farthest_point_kennard_stone,,,,0.0078168969772167,0.19755322618524118,0.20169354850308008,12.0,
Chaohu,PLSR,5,pairwise_common_query,proposed_weighted_d_optimal,,,,-0.06154192810897705,0.2542456610511573,0.1835455176041042,12.0,
Chaohu,PLSR,5,pairwise_common_query,unweighted_d_optimal,,,,-0.00641593625669755,0.19901520198383232,0.18520653487110575,12.0,
Chaohu,PLSR,10,pairwise_common_query,farthest_point_kennard_stone,,,,-0.0026759602048475,0.21788369267004234,0.2266879320506388,6.0,
Chaohu,PLSR,10,pairwise_common_query,proposed_weighted_d_optimal,,,,0.011198879946931299,0.177359997238039,0.19324904610777655,6.0,
Chaohu,PLSR,10,pairwise_common_query,unweighted_d_optimal,,,,9.26378769247e-05,0.20643012209441214,0.2181674486581465,5.5,
Chaohu,XGBoost,1,pairwise_common_query,farthest_point_kennard_stone,,,,-0.1183001732226294,0.3134597493142806,0.2019764493571893,19.0,
Chaohu,XGBoost,1,pairwise_common_query,proposed_weighted_d_optimal,,,,-0.1938722474240473,0.3850543410108076,0.1979989731264715,19.0,
Chaohu,XGBoost,1,pairwise_common_query,unweighted_d_optimal,,,,0.0213370744285223,0.1812131572672156,0.2012061532307618,19.0,
Chaohu,XGBoost,3,pairwise_common_query,farthest_point_kennard_stone,,,,0.02088908702808175,0.1687178980441104,0.19385260748409117,15.0,
Chaohu,XGBoost,3,pairwise_common_query,proposed_weighted_d_optimal,,,,-0.11996217890540756,0.30127188737242694,0.18269119365933933,15.0,
Chaohu,XGBoost,3,pairwise_common_query,unweighted_d_optimal,,,,0.02088908702808175,0.1687178980441104,0.19385260748409117,15.0,
Chaohu,XGBoost,5,pairwise_common_query,farthest_point_kennard_stone,,,,0.01400740919256675,0.2007408501135362,0.2234181058955168,12.0,
Chaohu,XGBoost,5,pairwise_common_query,proposed_weighted_d_optimal,,,,-0.0375825171458643,0.23650282424645713,0.2084987693294186,12.0,
Chaohu,XGBoost,5,pairwise_common_query,unweighted_d_optimal,,,,-0.0014996648668831,0.184611472096341,0.19409811707213903,12.0,
Chaohu,XGBoost,10,pairwise_common_query,farthest_point_kennard_stone,,,,0.00660001612589,0.19771103939079848,0.22232680883075134,6.0,
Chaohu,XGBoost,10,pairwise_common_query,proposed_weighted_d_optimal,,,,0.012916159898097749,0.1701748545107211,0.20262329721416167,6.0,
Chaohu,XGBoost,10,pairwise_common_query,unweighted_d_optimal,,,,0.00984057487303385,0.1955898181128503,0.2237221630381117,6.0,
Dianchi,MLP,1,pairwise_common_query,farthest_point_kennard_stone,,,,-0.0126031277693101,0.34590960162816453,0.3327091682809378,62.0,
Dianchi,MLP,1,pairwise_common_query,proposed_weighted_d_optimal,,,,0.0234462700047182,0.3114853095248771,0.3355155211651741,62.0,
Dianchi,MLP,1,pairwise_common_query,unweighted_d_optimal,,,,-2.8694975834831777,3.1536944751737357,0.282518948121226,62.0,
Dianchi,MLP,3,pairwise_common_query,farthest_point_kennard_stone,,,,-0.11647476733965395,0.3671228815229123,0.2504963153104655,58.0,
Dianchi,MLP,3,pairwise_common_query,proposed_weighted_d_optimal,,,,0.076603845651148,0.2283895469535441,0.30964027210677375,58.0,
Dianchi,MLP,3,pairwise_common_query,unweighted_d_optimal,,,,0.16792276583669435,0.0984850205940815,0.2661923319960538,58.0,
Dianchi,MLP,5,pairwise_common_query,farthest_point_kennard_stone,,,,0.0134182994801543,0.15505464864882257,0.16969100195145098,54.0,
Dianchi,MLP,5,pairwise_common_query,proposed_weighted_d_optimal,,,,0.0391678518939872,0.14500130884360468,0.18434475300526865,54.0,
Dianchi,MLP,5,pairwise_common_query,unweighted_d_optimal,,,,0.02777587261519595,0.1367496259844365,0.16357313963412679,54.0,
Dianchi,MLP,10,pairwise_common_query,farthest_point_kennard_stone,,,,-0.0023055359454257,0.12805247843072715,0.12552141286060753,45.0,
Dianchi,MLP,10,pairwise_common_query,proposed_weighted_d_optimal,,,,0.01673623989682525,0.1229175523631553,0.13907289937776035,45.5,
Dianchi,MLP,10,pairwise_common_query,unweighted_d_optimal,,,,-0.031883249601177,0.1466221825530304,0.11473166312891594,45.0,
Dianchi,PLSR,1,pairwise_common_query,farthest_point_kennard_stone,,,,-0.1453650159352978,0.4324907699339191,0.2870560317834941,62.0,
Dianchi,PLSR,1,pairwise_common_query,proposed_weighted_d_optimal,,,,0.0262858795775874,0.2645719202290325,0.2916044535967467,62.0,
Dianchi,PLSR,1,pairwise_common_query,unweighted_d_optimal,,,,-2.12511442134551,2.380043837384419,0.2568322798951441,62.0,
Dianchi,PLSR,3,pairwise_common_query,farthest_point_kennard_stone,,,,-0.02168545272513235,0.24429262952577985,0.2176546519906641,58.0,
Dianchi,PLSR,3,pairwise_common_query,proposed_weighted_d_optimal,,,,0.02207366183882675,0.2328555709847542,0.257899382628253,58.0,
Dianchi,PLSR,3,pairwise_common_query,unweighted_d_optimal,,,,0.11143078310493655,0.11078808627840535,0.21777667119360328,58.0,
Dianchi,PLSR,5,pairwise_common_query,farthest_point_kennard_stone,,,,0.0320270492814803,0.14113482676163594,0.17395785822671256,54.0,
Dianchi,PLSR,5,pairwise_common_query,proposed_weighted_d_optimal,,,,0.006853216077658699,0.18819982907733068,0.19477495052951305,54.0,
Dianchi,PLSR,5,pairwise_common_query,unweighted_d_optimal,,,,0.030407585856530348,0.14661049134439963,0.17634011410235545,54.0,
Dianchi,PLSR,10,pairwise_common_query,farthest_point_kennard_stone,,,,0.0421348744523933,0.12118089064536186,0.1637949410573987,45.0,
Dianchi,PLSR,10,pairwise_common_query,proposed_weighted_d_optimal,,,,0.01589780003788745,0.17087384850558007,0.19019254214195563,45.5,
Dianchi,PLSR,10,pairwise_common_query,unweighted_d_optimal,,,,0.0290596961464596,0.13999463166858395,0.17116101395812375,46.0,
Dianchi,XGBoost,1,pairwise_common_query,farthest_point_kennard_stone,,,,0.0031302320980069504,0.2563479115144585,0.26079166332690623,62.0,
Dianchi,XGBoost,1,pairwise_common_query,proposed_weighted_d_optimal,,,,0.0332177728521484,0.2270265826530368,0.26053236717898115,62.0,
Dianchi,XGBoost,1,pairwise_common_query,unweighted_d_optimal,,,,-0.3533927919593223,0.6065943512238733,0.2536049973610389,62.0,
Dianchi,XGBoost,3,pairwise_common_query,farthest_point_kennard_stone,,,,-0.1774654286089753,0.39779301965206504,0.21994159149202255,58.0,
Dianchi,XGBoost,3,pairwise_common_query,proposed_weighted_d_optimal,,,,0.06369908578869005,0.15773158171530638,0.2238025792570657,58.0,
Dianchi,XGBoost,3,pairwise_common_query,unweighted_d_optimal,,,,0.05578732178252285,0.16595233411125265,0.2224406519761286,58.0,
Dianchi,XGBoost,5,pairwise_common_query,farthest_point_kennard_stone,,,,0.01902884678824705,0.1878242253571896,0.20640644823068205,54.0,
Dianchi,XGBoost,5,pairwise_common_query,proposed_weighted_d_optimal,,,,-0.02427125779216675,0.24440749357202454,0.22484575450357164,54.0,
Dianchi,XGBoost,5,pairwise_common_query,unweighted_d_optimal,,,,0.0290630347997052,0.17064830582411375,0.2018105506659294,54.0,
Dianchi,XGBoost,10,pairwise_common_query,farthest_point_kennard_stone,,,,-0.00088483697198425,0.15011084473235503,0.14922206607135907,45.5,
Dianchi,XGBoost,10,pairwise_common_query,proposed_weighted_d_optimal,,,,-0.02790282155474945,0.20837978443666905,0.1769514934097765,45.0,
Dianchi,XGBoost,10,pairwise_common_query,unweighted_d_optimal,,,,0.023439845410363203,0.1255862757116949,0.150649784968242,45.5,
Eagle Creek Reservoir,MLP,1,pairwise_common_query,farthest_point_kennard_stone,,,,-0.1384157147988306,0.2837154867370093,0.1440099390361593,76.0,
Eagle Creek Reservoir,MLP,1,pairwise_common_query,proposed_weighted_d_optimal,,,,0.0341324996227526,0.1134249614845057,0.1472737562677966,76.0,
Eagle Creek Reservoir,MLP,1,pairwise_common_query,unweighted_d_optimal,,,,-0.1384157147988306,0.2837154867370093,0.1440099390361593,76.0,
Eagle Creek Reservoir,MLP,3,pairwise_common_query,farthest_point_kennard_stone,,,,0.01419452139698635,0.1035596960819276,0.1190883810097394,72.0,
Eagle Creek Reservoir,MLP,3,pairwise_common_query,proposed_weighted_d_optimal,,,,-0.0190701350310664,0.14041786403263484,0.1232988372261608,72.0,
Eagle Creek Reservoir,MLP,3,pairwise_common_query,unweighted_d_optimal,,,,-0.0352577697262773,0.15409014938370205,0.12000156219393004,72.0,
Eagle Creek Reservoir,MLP,5,pairwise_common_query,farthest_point_kennard_stone,,,,-0.033478414451040245,0.15764497114856355,0.125523224731226,68.0,
Eagle Creek Reservoir,MLP,5,pairwise_common_query,proposed_weighted_d_optimal,,,,0.01406874645685865,0.11329819511261445,0.12584086112640205,68.0,
Eagle Creek Reservoir,MLP,5,pairwise_common_query,unweighted_d_optimal,,,,-0.0009346737876023,0.12528177954100025,0.12558062713711785,68.0,
Eagle Creek Reservoir,MLP,10,pairwise_common_query,farthest_point_kennard_stone,,,,-0.01405254526776065,0.1335891915176248,0.1184568360042158,59.0,
Eagle Creek Reservoir,MLP,10,pairwise_common_query,proposed_weighted_d_optimal,,,,0.00578253911695145,0.11460859342085045,0.12174076623118041,59.0,
Eagle Creek Reservoir,MLP,10,pairwise_common_query,unweighted_d_optimal,,,,0.004351212159958449,0.11225636528958374,0.11640204307409135,59.0,
Eagle Creek Reservoir,PLSR,1,pairwise_common_query,farthest_point_kennard_stone,,,,-0.34518241451123777,0.5283051287090983,0.182837478253008,76.0,
Eagle Creek Reservoir,PLSR,1,pairwise_common_query,proposed_weighted_d_optimal,,,,0.03103749902364235,0.15782364502364496,0.1890292782567141,76.0,
Eagle Creek Reservoir,PLSR,1,pairwise_common_query,unweighted_d_optimal,,,,-0.34518241451123777,0.5283051287090983,0.182837478253008,76.0,
Eagle Creek Reservoir,PLSR,3,pairwise_common_query,farthest_point_kennard_stone,,,,0.0033421435506439,0.16023720285937149,0.16222816770102066,72.0,
Eagle Creek Reservoir,PLSR,3,pairwise_common_query,proposed_weighted_d_optimal,,,,-0.037940178315716,0.2052476866223793,0.1662324018388227,72.0,
Eagle Creek Reservoir,PLSR,3,pairwise_common_query,unweighted_d_optimal,,,,0.01414063577211375,0.14819123657170905,0.1602060099650712,72.0,
Eagle Creek Reservoir,PLSR,5,pairwise_common_query,farthest_point_kennard_stone,,,,-0.04216715859739095,0.1865662539958079,0.1453926277588804,68.0,
Eagle Creek Reservoir,PLSR,5,pairwise_common_query,proposed_weighted_d_optimal,,,,0.0296031179988472,0.1171702930127787,0.1475245744874201,68.0,
Eagle Creek Reservoir,PLSR,5,pairwise_common_query,unweighted_d_optimal,,,,-0.02364808692012765,0.16649481849714584,0.14450411207491576,68.0,
Eagle Creek Reservoir,PLSR,10,pairwise_common_query,farthest_point_kennard_stone,,,,-0.03043476172872725,0.15290167256856502,0.12178533335491715,59.0,
Eagle Creek Reservoir,PLSR,10,pairwise_common_query,proposed_weighted_d_optimal,,,,0.00820407357890075,0.1176208956304849,0.1274615426262291,59.0,
Eagle Creek Reservoir,PLSR,10,pairwise_common_query,unweighted_d_optimal,,,,-0.0037243211166409,0.12519852973065354,0.12162041851382095,59.0,
Eagle Creek Reservoir,XGBoost,1,pairwise_common_query,farthest_point_kennard_stone,,,,-0.00544581314053865,0.17546593434991542,0.1708339652669154,76.0,
Eagle Creek Reservoir,XGBoost,1,pairwise_common_query,proposed_weighted_d_optimal,,,,0.02519287676421795,0.14566976168721854,0.17097599408575595,76.0,
Eagle Creek Reservoir,XGBoost,1,pairwise_common_query,unweighted_d_optimal,,,,-0.00544581314053865,0.17546593434991542,0.1708339652669154,76.0,
Eagle Creek Reservoir,XGBoost,3,pairwise_common_query,farthest_point_kennard_stone,,,,0.0149029709694747,0.1430932988402957,0.1578221587402413,72.0,
Eagle Creek Reservoir,XGBoost,3,pairwise_common_query,proposed_weighted_d_optimal,,,,-0.01830164536620285,0.174535002422831,0.15654131042897457,72.0,
Eagle Creek Reservoir,XGBoost,3,pairwise_common_query,unweighted_d_optimal,,,,0.01317919284896495,0.1442460835006372,0.15666136850247156,72.0,
Eagle Creek Reservoir,XGBoost,5,pairwise_common_query,farthest_point_kennard_stone,,,,-0.0348234611438757,0.19477202200749724,0.1601721157329813,68.0,
Eagle Creek Reservoir,XGBoost,5,pairwise_common_query,proposed_weighted_d_optimal,,,,0.00550976655025915,0.154507310485508,0.159331597749125,68.0,
Eagle Creek Reservoir,XGBoost,5,pairwise_common_query,unweighted_d_optimal,,,,-0.01891061299870085,0.17794757278565365,0.15981172186203302,68.0,
Eagle Creek Reservoir,XGBoost,10,pairwise_common_query,farthest_point_kennard_stone,,,,0.0008228747561772999,0.1387503685544778,0.14148995726238706,59.0,
Eagle Creek Reservoir,XGBoost,10,pairwise_common_query,proposed_weighted_d_optimal,,,,-0.0012873211526448001,0.13563100669558495,0.13754124096717302,59.0,
Eagle Creek Reservoir,XGBoost,10,pairwise_common_query,unweighted_d_optimal,,,,0.0046194353563295005,0.13279609482941085,0.13773534380982067,59.0,
Erhai,MLP,1,pairwise_common_query,farthest_point_kennard_stone,,,,-0.05894995775546,0.23945285024869611,0.1779832804538093,35.0,
Erhai,MLP,1,pairwise_common_query,proposed_weighted_d_optimal,,,,0.00327308336435075,0.1786497331005619,0.1793631889085682,35.0,
Erhai,MLP,1,pairwise_common_query,unweighted_d_optimal,,,,-0.0019741365408508,0.18375116360840293,0.18199525300567976,35.0,
Erhai,MLP,3,pairwise_common_query,farthest_point_kennard_stone,,,,0.0034618833891058498,0.13737704957794766,0.1436881723887281,31.0,
Erhai,MLP,3,pairwise_common_query,proposed_weighted_d_optimal,,,,0.01115985355285875,0.1271477837822158,0.1404618935432546,31.0,
Erhai,MLP,3,pairwise_common_query,unweighted_d_optimal,,,,0.0123799258203624,0.13085829689291134,0.1454714997343309,31.0,
Erhai,MLP,5,pairwise_common_query,farthest_point_kennard_stone,,,,0.018608886876635998,0.09943668388233655,0.12009943290465541,28.0,
Erhai,MLP,5,pairwise_common_query,proposed_weighted_d_optimal,,,,0.0079968439446452,0.110016280256682,0.1184022732532416,28.0,
Erhai,MLP,5,pairwise_common_query,unweighted_d_optimal,,,,0.0162177762496336,0.1040888102038683,0.1203428028013353,27.0,
Erhai,MLP,10,pairwise_common_query,farthest_point_kennard_stone,,,,0.0083880162048659,0.09665076890862505,0.10829251637544565,20.0,
Erhai,MLP,10,pairwise_common_query,proposed_weighted_d_optimal,,,,-0.00981864236129775,0.10731707806907184,0.0951292237920191,20.0,
Erhai,MLP,10,pairwise_common_query,unweighted_d_optimal,,,,-0.032401977467763,0.1245446162941824,0.09283764260325104,20.0,
Erhai,PLSR,1,pairwise_common_query,farthest_point_kennard_stone,,,,0.0095003540072163,0.0940196360747391,0.103196363015763,35.0,
Erhai,PLSR,1,pairwise_common_query,proposed_weighted_d_optimal,,,,-0.0032186947203087,0.1059150691759891,0.1022179746521073,35.0,
Erhai,PLSR,1,pairwise_common_query,unweighted_d_optimal,,,,0.0099918339283571,0.09353791434182321,0.103241043008594,35.0,
Erhai,PLSR,3,pairwise_common_query,farthest_point_kennard_stone,,,,0.00673547573106935,0.0955398242104423,0.10311650065260705,31.0,
Erhai,PLSR,3,pairwise_common_query,proposed_weighted_d_optimal,,,,0.0082652448914208,0.08831172960565165,0.0975370166419035,31.0,
Erhai,PLSR,3,pairwise_common_query,unweighted_d_optimal,,,,-0.004287752804730999,0.10546911660489415,0.10159480400948914,31.0,
Erhai,PLSR,5,pairwise_common_query,farthest_point_kennard_stone,,,,0.0109936272287844,0.10346578148096415,0.11568427239085755,27.0,
Erhai,PLSR,5,pairwise_common_query,proposed_weighted_d_optimal,,,,0.01257146275930705,0.09992868138975586,0.1138124681586524,28.0,
Erhai,PLSR,5,pairwise_common_query,unweighted_d_optimal,,,,0.0090158875016635,0.1024441662156437,0.1125150754937338,28.0,
Erhai,PLSR,10,pairwise_common_query,farthest_point_kennard_stone,,,,0.0115352511870016,0.10345108381376145,0.11441824052260921,20.0,
Erhai,PLSR,10,pairwise_common_query,proposed_weighted_d_optimal,,,,-0.009368376022889351,0.1117788580742406,0.10193443651449854,19.0,
Erhai,PLSR,10,pairwise_common_query,unweighted_d_optimal,,,,-0.030725652794527852,0.12187274939607,0.09024246056348814,20.0,
Erhai,XGBoost,1,pairwise_common_query,farthest_point_kennard_stone,,,,0.0133151900495635,0.10345365481602095,0.1167449056957501,35.0,
Erhai,XGBoost,1,pairwise_common_query,proposed_weighted_d_optimal,,,,-0.0095337567670087,0.1250335072079995,0.1148778772184345,35.0,
Erhai,XGBoost,1,pairwise_common_query,unweighted_d_optimal,,,,-0.022036550123905,0.1370656216040573,0.1143153744570808,35.0,
Erhai,XGBoost,3,pairwise_common_query,farthest_point_kennard_stone,,,,0.00409066838356145,0.1118163565711093,0.11734344229051345,31.0,
Erhai,XGBoost,3,pairwise_common_query,proposed_weighted_d_optimal,,,,0.0107331871103645,0.10234417473140645,0.11313513900562361,31.0,
Erhai,XGBoost,3,pairwise_common_query,unweighted_d_optimal,,,,-0.0095535592090193,0.12401203964360735,0.1149487883449191,31.0,
Erhai,XGBoost,5,pairwise_common_query,farthest_point_kennard_stone,,,,0.008471474630755399,0.11317657119691855,0.12426505448196176,28.0,
Erhai,XGBoost,5,pairwise_common_query,proposed_weighted_d_optimal,,,,0.00117497238427605,0.12127500029044336,0.12320691524055916,28.0,
Erhai,XGBoost,5,pairwise_common_query,unweighted_d_optimal,,,,-0.0115282526912208,0.1324118076176869,0.12490099917682554,28.0,
Erhai,XGBoost,10,pairwise_common_query,farthest_point_kennard_stone,,,,0.00355195120768915,0.1193558064001784,0.1318559476466494,19.0,
Erhai,XGBoost,10,pairwise_common_query,proposed_weighted_d_optimal,,,,0.0005067577184272999,0.1197816739265435,0.1166385759034872,20.0,
Erhai,XGBoost,10,pairwise_common_query,unweighted_d_optimal,,,,-0.0307379191468089,0.13495200935405785,0.10599392439389205,19.0,
Garda,MLP,1,pairwise_common_query,farthest_point_kennard_stone,,,,0.03342643315101055,0.2600533193341796,0.29483116022545075,35.0,
Garda,MLP,1,pairwise_common_query,proposed_weighted_d_optimal,,,,-0.01839201374035545,0.3113538322972035,0.2919185571088014,35.0,
Garda,MLP,1,pairwise_common_query,unweighted_d_optimal,,,,-0.13872258130830595,0.4275189527283234,0.2877531099719709,35.0,
Garda,MLP,3,pairwise_common_query,farthest_point_kennard_stone,,,,0.00950604453230025,0.2381753136831531,0.2503211779968428,31.0,
Garda,MLP,3,pairwise_common_query,proposed_weighted_d_optimal,,,,0.01704097427911605,0.23996879535276178,0.26172165987177043,31.0,
Garda,MLP,3,pairwise_common_query,unweighted_d_optimal,,,,0.00372424194270505,0.2492319188461768,0.25726150657212965,31.0,
Garda,MLP,5,pairwise_common_query,farthest_point_kennard_stone,,,,-0.00784273136799685,0.2950508009926597,0.28696368117230764,28.0,
Garda,MLP,5,pairwise_common_query,proposed_weighted_d_optimal,,,,0.02900211625866565,0.2831557244078181,0.31469481545386613,27.5,
Garda,MLP,5,pairwise_common_query,unweighted_d_optimal,,,,0.02648103436807325,0.2618496316833004,0.287712323401237,28.0,
Garda,MLP,10,pairwise_common_query,farthest_point_kennard_stone,,,,0.03261536598907745,0.25164047180019145,0.2940074354745523,19.0,
Garda,MLP,10,pairwise_common_query,proposed_weighted_d_optimal,,,,-0.09690211290412155,0.3532105572369597,0.26191212954216164,20.0,
Garda,MLP,10,pairwise_common_query,unweighted_d_optimal,,,,0.0054241630122575,0.2778184020720686,0.28781215589155207,19.0,
Garda,PLSR,1,pairwise_common_query,farthest_point_kennard_stone,,,,-0.0929446609779388,0.4011157680769538,0.30924973943245937,35.0,
Garda,PLSR,1,pairwise_common_query,proposed_weighted_d_optimal,,,,0.0302187929626602,0.283466937294547,0.3151261686998962,35.0,
Garda,PLSR,1,pairwise_common_query,unweighted_d_optimal,,,,-0.3129475696131846,0.6170744371314433,0.3054916584383133,35.0,
Garda,PLSR,3,pairwise_common_query,farthest_point_kennard_stone,,,,0.0182282756890106,0.2779239900029848,0.294644915882463,31.0,
Garda,PLSR,3,pairwise_common_query,proposed_weighted_d_optimal,,,,0.0158875596433466,0.29333589941932225,0.3130958331033633,31.0,
Garda,PLSR,3,pairwise_common_query,unweighted_d_optimal,,,,0.01129452949960465,0.2898075750675294,0.3017836813258207,31.0,
Garda,PLSR,5,pairwise_common_query,farthest_point_kennard_stone,,,,0.0195415326428426,0.282843813690864,0.30597903787970393,28.0,
Garda,PLSR,5,pairwise_common_query,proposed_weighted_d_optimal,,,,0.0327802048719872,0.29320992531826806,0.3297873848711165,28.0,
Garda,PLSR,5,pairwise_common_query,unweighted_d_optimal,,,,0.0329386862636935,0.27757481894455605,0.3175539379999779,27.5,
Garda,PLSR,10,pairwise_common_query,farthest_point_kennard_stone,,,,0.0182899042966559,0.27790185300809744,0.30507917236929416,20.0,
Garda,PLSR,10,pairwise_common_query,proposed_weighted_d_optimal,,,,-0.04109372774171515,0.3223302633789823,0.2845709348300398,20.0,
Garda,PLSR,10,pairwise_common_query,unweighted_d_optimal,,,,0.0028951966363059503,0.30298707727195184,0.3141104563880416,20.0,
Garda,XGBoost,1,pairwise_common_query,farthest_point_kennard_stone,,,,-0.0231807172298431,0.3469507616485229,0.3253933289797708,35.0,
Garda,XGBoost,1,pairwise_common_query,proposed_weighted_d_optimal,,,,-0.2034976260036645,0.5219237347525966,0.3182502972302954,35.0,
Garda,XGBoost,1,pairwise_common_query,unweighted_d_optimal,,,,-0.2498176089610638,0.5669374203321045,0.3167845047188027,35.0,
Garda,XGBoost,3,pairwise_common_query,farthest_point_kennard_stone,,,,-0.035013073724494,0.3260494515006403,0.2917090266769564,31.0,
Garda,XGBoost,3,pairwise_common_query,proposed_weighted_d_optimal,,,,0.0316444267208086,0.2587137429023779,0.29180486935992794,31.0,
Garda,XGBoost,3,pairwise_common_query,unweighted_d_optimal,,,,-0.01369724480617555,0.29799504164058255,0.2848029316763453,31.0,
Garda,XGBoost,5,pairwise_common_query,farthest_point_kennard_stone,,,,0.05342747952015316,0.25304095526830683,0.3041764880076792,27.5,
Garda,XGBoost,5,pairwise_common_query,proposed_weighted_d_optimal,,,,0.0022961602174894,0.33515200542036855,0.33260777132614283,27.5,
Garda,XGBoost,5,pairwise_common_query,unweighted_d_optimal,,,,0.0658349400694006,0.246735288541311,0.3102258539523946,28.0,
Garda,XGBoost,10,pairwise_common_query,farthest_point_kennard_stone,,,,0.05013207144676255,0.26910978580598255,0.32489010178929734,20.0,
Garda,XGBoost,10,pairwise_common_query,proposed_weighted_d_optimal,,,,-0.028146424930944,0.3177588198585036,0.2773661882549108,20.0,
Garda,XGBoost,10,pairwise_common_query,unweighted_d_optimal,,,,0.04310697857767615,0.2579480285765169,0.3006784146333281,20.0,
Geist Reservoir,MLP,1,pairwise_common_query,farthest_point_kennard_stone,,,,-0.1288735917672133,0.26299901335149967,0.1322473131407875,54.0,
Geist Reservoir,MLP,1,pairwise_common_query,proposed_weighted_d_optimal,,,,-0.0137071829194554,0.149835355419883,0.1382210722147311,54.0,
Geist Reservoir,MLP,1,pairwise_common_query,unweighted_d_optimal,,,,-0.1288735917672133,0.26299901335149967,0.1322473131407875,54.0,
Geist Reservoir,MLP,3,pairwise_common_query,farthest_point_kennard_stone,,,,0.013885898040474999,0.1160451078244748,0.12991285002523476,50.0,
Geist Reservoir,MLP,3,pairwise_common_query,proposed_weighted_d_optimal,,,,-0.004563986019148401,0.13156401741251023,0.12680998480553707,50.0,
Geist Reservoir,MLP,3,pairwise_common_query,unweighted_d_optimal,,,,-0.0089008367213483,0.140629999349496,0.12995218895112626,50.0,
Geist Reservoir,MLP,5,pairwise_common_query,farthest_point_kennard_stone,,,,-0.006081905452310949,0.13519635800081303,0.13062944938561027,46.0,
Geist Reservoir,MLP,5,pairwise_common_query,proposed_weighted_d_optimal,,,,-0.008000595021140599,0.1399966190587854,0.1302292658189239,46.0,
Geist Reservoir,MLP,5,pairwise_common_query,unweighted_d_optimal,,,,0.01263299456655555,0.1175394461944811,0.13009914157810631,46.0,
Geist Reservoir,MLP,10,pairwise_common_query,farthest_point_kennard_stone,,,,0.016138321724139752,0.0996369185068553,0.1152329227147213,38.0,
Geist Reservoir,MLP,10,pairwise_common_query,proposed_weighted_d_optimal,,,,0.0009154345183079999,0.13024107304212315,0.13136517707077133,38.0,
Geist Reservoir,MLP,10,pairwise_common_query,unweighted_d_optimal,,,,0.0142400457846684,0.10414739635601211,0.11865934782292305,38.0,
Geist Reservoir,PLSR,1,pairwise_common_query,farthest_point_kennard_stone,,,,-0.14858210305880704,0.2886219889287546,0.1383827634035898,54.0,
Geist Reservoir,PLSR,1,pairwise_common_query,proposed_weighted_d_optimal,,,,-0.04337891184697045,0.18460796990100806,0.14364492220317449,54.0,
Geist Reservoir,PLSR,1,pairwise_common_query,unweighted_d_optimal,,,,-0.14858210305880704,0.2886219889287546,0.1383827634035898,54.0,
Geist Reservoir,PLSR,3,pairwise_common_query,farthest_point_kennard_stone,,,,0.0061001857805858,0.1123297561317475,0.1200791008948277,50.0,
Geist Reservoir,PLSR,3,pairwise_common_query,proposed_weighted_d_optimal,,,,0.00216372940120465,0.1165748721957402,0.1206433454476266,50.0,
Geist Reservoir,PLSR,3,pairwise_common_query,unweighted_d_optimal,,,,-0.03208049391813935,0.14995096906486266,0.11865936970897839,50.0,
Geist Reservoir,PLSR,5,pairwise_common_query,farthest_point_kennard_stone,,,,-0.0009607606579741,0.11814471993353605,0.11830931425336186,46.0,
Geist Reservoir,PLSR,5,pairwise_common_query,proposed_weighted_d_optimal,,,,0.00755716462627395,0.10952389450555615,0.11820551927548045,46.0,
Geist Reservoir,PLSR,5,pairwise_common_query,unweighted_d_optimal,,,,0.00724447704470215,0.10780963951404865,0.11585772696269861,46.0,
Geist Reservoir,PLSR,10,pairwise_common_query,farthest_point_kennard_stone,,,,0.0015432142643156499,0.10686025526426104,0.1068379430735131,38.0,
Geist Reservoir,PLSR,10,pairwise_common_query,proposed_weighted_d_optimal,,,,-0.004359466952609451,0.1239846318190978,0.11894922524487245,37.0,
Geist Reservoir,PLSR,10,pairwise_common_query,unweighted_d_optimal,,,,0.00381448201409645,0.0999379355542531,0.10361783240108344,37.0,
Geist Reservoir,XGBoost,1,pairwise_common_query,farthest_point_kennard_stone,,,,-0.09981375563443384,0.26733592005926377,0.16731925205983655,54.0,
Geist Reservoir,XGBoost,1,pairwise_common_query,proposed_weighted_d_optimal,,,,0.02776578484345715,0.1418457505115734,0.16988257186243033,54.0,
Geist Reservoir,XGBoost,1,pairwise_common_query,unweighted_d_optimal,,,,-0.09981375563443384,0.26733592005926377,0.16731925205983655,54.0,
Geist Reservoir,XGBoost,3,pairwise_common_query,farthest_point_kennard_stone,,,,0.0043598237031644005,0.13291504132592905,0.13811392568365985,50.0,
Geist Reservoir,XGBoost,3,pairwise_common_query,proposed_weighted_d_optimal,,,,-0.0137679089719636,0.1559608325188923,0.1416905518496272,50.0,
Geist Reservoir,XGBoost,3,pairwise_common_query,unweighted_d_optimal,,,,0.0083863481791174,0.13364479171646845,0.142454677736296,50.0,
Geist Reservoir,XGBoost,5,pairwise_common_query,farthest_point_kennard_stone,,,,0.0270458399106534,0.12162343010665075,0.14862313300310726,46.0,
Geist Reservoir,XGBoost,5,pairwise_common_query,proposed_weighted_d_optimal,,,,0.0028116181872018,0.1592982791779615,0.1601250303503172,46.0,
Geist Reservoir,XGBoost,5,pairwise_common_query,unweighted_d_optimal,,,,-0.00457382731741115,0.1509491464356268,0.1439206119067199,46.0,
Geist Reservoir,XGBoost,10,pairwise_common_query,farthest_point_kennard_stone,,,,0.0113427942719691,0.1188648966283733,0.12987901179697992,38.0,
Geist Reservoir,XGBoost,10,pairwise_common_query,proposed_weighted_d_optimal,,,,0.0263375713877017,0.12519390279055798,0.1491344106558936,38.0,
Geist Reservoir,XGBoost,10,pairwise_common_query,unweighted_d_optimal,,,,-0.0013377171168206,0.131771858577745,0.13023841766445743,38.0,
High Rock Lake,MLP,1,pairwise_common_query,farthest_point_kennard_stone,,,,-0.0493426753681746,0.3140428829904145,0.2672478485847163,84.0,
High Rock Lake,MLP,1,pairwise_common_query,proposed_weighted_d_optimal,,,,-0.1840388631135069,0.44695944352341266,0.26090747785131885,84.0,
High Rock Lake,MLP,1,pairwise_common_query,unweighted_d_optimal,,,,0.0034494849756622,0.2619210966850934,0.2636188625970231,84.0,
High Rock Lake,MLP,3,pairwise_common_query,farthest_point_kennard_stone,,,,0.041344330008885904,0.1854180432839655,0.22743796995396082,80.0,
High Rock Lake,MLP,3,pairwise_common_query,proposed_weighted_d_optimal,,,,-0.0875634351595623,0.3142169497269922,0.22515377575536724,80.0,
High Rock Lake,MLP,3,pairwise_common_query,unweighted_d_optimal,,,,0.03304492567099715,0.1922045662695919,0.2254099349192969,80.0,
High Rock Lake,MLP,5,pairwise_common_query,farthest_point_kennard_stone,,,,0.0337759039777378,0.18801717162793324,0.22138641068295506,76.0,
High Rock Lake,MLP,5,pairwise_common_query,proposed_weighted_d_optimal,,,,-0.1320770066370282,0.34530652682122687,0.2103343383140617,76.0,
High Rock Lake,MLP,5,pairwise_common_query,unweighted_d_optimal,,,,0.0238683866572339,0.19310702061644613,0.2175426579851284,76.0,
High Rock Lake,MLP,10,pairwise_common_query,farthest_point_kennard_stone,,,,0.03383198559120315,0.17634364881011805,0.21118769631009046,67.0,
High Rock Lake,MLP,10,pairwise_common_query,proposed_weighted_d_optimal,,,,-0.055338558522559,0.26590319947205554,0.21131574724681268,67.0,
High Rock Lake,MLP,10,pairwise_common_query,unweighted_d_optimal,,,,0.0090182779829441,0.1811107951170183,0.19144915277973323,67.0,
High Rock Lake,PLSR,1,pairwise_common_query,farthest_point_kennard_stone,,,,-0.00345933459428715,0.41430735442245964,0.4102045472937564,84.0,
High Rock Lake,PLSR,1,pairwise_common_query,proposed_weighted_d_optimal,,,,-0.048160897597836,0.4552738940172619,0.408407297102667,84.0,
High Rock Lake,PLSR,1,pairwise_common_query,unweighted_d_optimal,,,,-1.212985621848775,1.60483365414921,0.3929555984267965,84.0,
High Rock Lake,PLSR,3,pairwise_common_query,farthest_point_kennard_stone,,,,0.1180861712761763,0.1941666529999019,0.3125007903703978,80.0,
High Rock Lake,PLSR,3,pairwise_common_query,proposed_weighted_d_optimal,,,,-0.0574455490432032,0.3840361325404471,0.3274449220428177,80.0,
High Rock Lake,PLSR,3,pairwise_common_query,unweighted_d_optimal,,,,0.095892593534289,0.2165790149109572,0.31241694524133956,80.0,
High Rock Lake,PLSR,5,pairwise_common_query,farthest_point_kennard_stone,,,,0.04372643325621575,0.1681449039458843,0.2101137411322527,76.0,
High Rock Lake,PLSR,5,pairwise_common_query,proposed_weighted_d_optimal,,,,-0.12744189591891603,0.3347262238898817,0.2062795121462865,76.0,
High Rock Lake,PLSR,5,pairwise_common_query,unweighted_d_optimal,,,,0.036173386000051946,0.17154917786192797,0.20783351845071085,76.0,
High Rock Lake,PLSR,10,pairwise_common_query,farthest_point_kennard_stone,,,,0.0154201627210422,0.18099957193213656,0.19790131208530998,67.0,
High Rock Lake,PLSR,10,pairwise_common_query,proposed_weighted_d_optimal,,,,-0.043980844028774696,0.23887684183847024,0.19459229941412995,67.0,
High Rock Lake,PLSR,10,pairwise_common_query,unweighted_d_optimal,,,,-0.00389971535514715,0.19197754636425335,0.1872345533047144,67.0,
High Rock Lake,XGBoost,1,pairwise_common_query,farthest_point_kennard_stone,,,,-0.04449468088735425,0.3065487660155046,0.2594926758169571,84.0,
High Rock Lake,XGBoost,1,pairwise_common_query,proposed_weighted_d_optimal,,,,-0.2018532540021853,0.4607583620922145,0.2616398503292573,84.0,
High Rock Lake,XGBoost,1,pairwise_common_query,unweighted_d_optimal,,,,-0.08621714923886944,0.3467073499510976,0.2632249429514564,84.0,
High Rock Lake,XGBoost,3,pairwise_common_query,farthest_point_kennard_stone,,,,0.0453898772880187,0.1763458383801846,0.22578384456080808,80.0,
High Rock Lake,XGBoost,3,pairwise_common_query,proposed_weighted_d_optimal,,,,-0.07563788991570619,0.3001373932235787,0.22469535493138654,80.0,
High Rock Lake,XGBoost,3,pairwise_common_query,unweighted_d_optimal,,,,0.0427251853827691,0.17993239546215528,0.2267565764127581,80.0,
High Rock Lake,XGBoost,5,pairwise_common_query,farthest_point_kennard_stone,,,,0.0307535470044425,0.1677410162926748,0.19905913382845744,76.0,
High Rock Lake,XGBoost,5,pairwise_common_query,proposed_weighted_d_optimal,,,,-0.12927237654400625,0.31984191413037044,0.19016799212691785,76.0,
High Rock Lake,XGBoost,5,pairwise_common_query,unweighted_d_optimal,,,,0.0171541160400719,0.1799616487257679,0.19682815405886833,76.0,
High Rock Lake,XGBoost,10,pairwise_common_query,farthest_point_kennard_stone,,,,0.0248364593062258,0.16581715175070585,0.1918316089782241,67.0,
High Rock Lake,XGBoost,10,pairwise_common_query,proposed_weighted_d_optimal,,,,-0.0683929247501477,0.25335437324886545,0.1861188183980072,67.0,
High Rock Lake,XGBoost,10,pairwise_common_query,unweighted_d_optimal,,,,0.009902666172078151,0.1702245390180858,0.18336767512452778,67.0,
Ibitinga Reservoir,MLP,1,pairwise_common_query,farthest_point_kennard_stone,,,,-0.1087120362150557,0.35398766397241277,0.2391386063236671,26.0,
Ibitinga Reservoir,MLP,1,pairwise_common_query,proposed_weighted_d_optimal,,,,0.0413075950335137,0.2096632525232145,0.2483466182769973,26.0,
Ibitinga Reservoir,MLP,1,pairwise_common_query,unweighted_d_optimal,,,,-0.2452618412950839,0.4840786797743739,0.2387528457410949,26.0,
Ibitinga Reservoir,MLP,3,pairwise_common_query,farthest_point_kennard_stone,,,,0.02099674126045965,0.17571808134087336,0.19829318320563155,22.0,
Ibitinga Reservoir,MLP,3,pairwise_common_query,proposed_weighted_d_optimal,,,,0.011785705183905551,0.2121098500607338,0.2254409525614314,22.0,
Ibitinga Reservoir,MLP,3,pairwise_common_query,unweighted_d_optimal,,,,-0.02462837131964625,0.2109117823978042,0.18345946396959384,22.0,
Ibitinga Reservoir,MLP,5,pairwise_common_query,farthest_point_kennard_stone,,,,0.0060251139925361005,0.20365282238733454,0.21751815684167902,19.0,
Ibitinga Reservoir,MLP,5,pairwise_common_query,proposed_weighted_d_optimal,,,,0.0058474346090131,0.2043933548095314,0.21733567083931726,19.0,
Ibitinga Reservoir,MLP,5,pairwise_common_query,unweighted_d_optimal,,,,-0.0454371187831939,0.236148127040401,0.19440364702640833,19.0,
Ibitinga Reservoir,MLP,10,pairwise_common_query,farthest_point_kennard_stone,,,,-0.0117494315879576,0.19100883187329643,0.1830698694169629,11.0,
Ibitinga Reservoir,MLP,10,pairwise_common_query,proposed_weighted_d_optimal,,,,0.038334332525288645,0.17657268719519403,0.2256875084941627,11.0,
Ibitinga Reservoir,MLP,10,pairwise_common_query,unweighted_d_optimal,,,,0.004130935371748599,0.16554985028365526,0.1696088312039869,11.0,
Ibitinga Reservoir,PLSR,1,pairwise_common_query,farthest_point_kennard_stone,,,,-0.3559105113335543,0.6511345216977802,0.30431585334247685,26.0,
Ibitinga Reservoir,PLSR,1,pairwise_common_query,proposed_weighted_d_optimal,,,,-0.0,0.31011890555046795,0.3155098091696702,26.0,
Ibitinga Reservoir,PLSR,1,pairwise_common_query,unweighted_d_optimal,,,,-0.0748563439746193,0.3864578156093806,0.3061875688220846,26.0,
Ibitinga Reservoir,PLSR,3,pairwise_common_query,farthest_point_kennard_stone,,,,0.0064815072944281495,0.22830734186813156,0.2372984857381556,22.0,
Ibitinga Reservoir,PLSR,3,pairwise_common_query,proposed_weighted_d_optimal,,,,0.01323224124726705,0.2476754394023969,0.265961115691983,22.0,
Ibitinga Reservoir,PLSR,3,pairwise_common_query,unweighted_d_optimal,,,,-0.14088939720786356,0.36509760410839653,0.2264008555928877,22.0,
Ibitinga Reservoir,PLSR,5,pairwise_common_query,farthest_point_kennard_stone,,,,-0.01805027760053545,0.27420014751678623,0.25479685821974896,19.0,
Ibitinga Reservoir,PLSR,5,pairwise_common_query,proposed_weighted_d_optimal,,,,0.029588465233169,0.23286265498499326,0.25749589160794106,19.0,
Ibitinga Reservoir,PLSR,5,pairwise_common_query,unweighted_d_optimal,,,,0.0054537956519041,0.22666702870880107,0.22959316385821332,19.0,
Ibitinga Reservoir,PLSR,10,pairwise_common_query,farthest_point_kennard_stone,,,,-0.01039601190694065,0.1979953346657826,0.18913514452480468,11.0,
Ibitinga Reservoir,PLSR,10,pairwise_common_query,proposed_weighted_d_optimal,,,,0.043311737738306946,0.2328242248542854,0.26695400870565056,11.0,
Ibitinga Reservoir,PLSR,10,pairwise_common_query,unweighted_d_optimal,,,,-0.00299933502430385,0.1974942030873813,0.19470902608087926,11.0,
Ibitinga Reservoir,XGBoost,1,pairwise_common_query,farthest_point_kennard_stone,,,,-0.025777327935861502,0.2980554855144023,0.2780440202920901,26.0,
Ibitinga Reservoir,XGBoost,1,pairwise_common_query,proposed_weighted_d_optimal,,,,0.00046908282316645,0.2724865536911635,0.279010512354822,26.0,
Ibitinga Reservoir,XGBoost,1,pairwise_common_query,unweighted_d_optimal,,,,-0.632862243959641,0.8803886376484035,0.24296202793361835,26.0,
Ibitinga Reservoir,XGBoost,3,pairwise_common_query,farthest_point_kennard_stone,,,,-0.12922126655887925,0.33962837436742477,0.20835472803072647,22.0,
Ibitinga Reservoir,XGBoost,3,pairwise_common_query,proposed_weighted_d_optimal,,,,0.0130236898341971,0.23516047213621288,0.25306516691582825,22.0,
Ibitinga Reservoir,XGBoost,3,pairwise_common_query,unweighted_d_optimal,,,,0.0221932522450089,0.18241563343151385,0.2068806055651482,22.0,
Ibitinga Reservoir,XGBoost,5,pairwise_common_query,farthest_point_kennard_stone,,,,0.01514132741923945,0.20016606707173196,0.22594898644189132,19.0,
Ibitinga Reservoir,XGBoost,5,pairwise_common_query,proposed_weighted_d_optimal,,,,0.040664896914669346,0.2019224888576414,0.24546604756050244,19.0,
Ibitinga Reservoir,XGBoost,5,pairwise_common_query,unweighted_d_optimal,,,,0.02884538640174235,0.1754029093213051,0.2080215507447915,19.0,
Ibitinga Reservoir,XGBoost,10,pairwise_common_query,farthest_point_kennard_stone,,,,-0.00217816137929975,0.1739912601692833,0.17507082147386266,11.0,
Ibitinga Reservoir,XGBoost,10,pairwise_common_query,proposed_weighted_d_optimal,,,,0.024051082942509003,0.1565898212569256,0.1859925113855602,12.0,
Ibitinga Reservoir,XGBoost,10,pairwise_common_query,unweighted_d_optimal,,,,-0.0016465172228566,0.17034540692130662,0.16679999218839375,12.0,
Lake Chotkowskie,MLP,1,pairwise_common_query,farthest_point_kennard_stone,,,,0.024224079517528002,0.1358480905482196,0.16083775387136007,20.0,
Lake Chotkowskie,MLP,1,pairwise_common_query,proposed_weighted_d_optimal,,,,0.024224079517528002,0.1371991646134282,0.1606576603253439,20.0,
Lake Chotkowskie,MLP,1,pairwise_common_query,unweighted_d_optimal,,,,0.024224079517528002,0.1358480905482196,0.16083775387136007,20.0,
Lake Chotkowskie,MLP,3,pairwise_common_query,farthest_point_kennard_stone,,,,0.0093932986319994,0.1477146079591073,0.1588888035203491,16.0,
Lake Chotkowskie,MLP,3,pairwise_common_query,proposed_weighted_d_optimal,,,,0.017024662457866352,0.133392927831545,0.15194723955500405,16.0,
Lake Chotkowskie,MLP,3,pairwise_common_query,unweighted_d_optimal,,,,0.0093932986319994,0.1477146079591073,0.1588888035203491,16.0,
Lake Chotkowskie,MLP,5,pairwise_common_query,farthest_point_kennard_stone,,,,0.010033420957005,0.12707069064045035,0.1441842389994375,13.0,
Lake Chotkowskie,MLP,5,pairwise_common_query,proposed_weighted_d_optimal,,,,0.01690343632653955,0.13055940059542684,0.15662031318849778,13.0,
Lake Chotkowskie,MLP,5,pairwise_common_query,unweighted_d_optimal,,,,0.018044683913786448,0.1278442487489163,0.153143715221929,13.0,
Lake Chotkowskie,MLP,10,pairwise_common_query,farthest_point_kennard_stone,,,,-0.008004631749318,0.1285195933477398,0.117870630533366,7.0,
Lake Chotkowskie,MLP,10,pairwise_common_query,proposed_weighted_d_optimal,,,,0.01151195711931775,0.11094670441125701,0.1251725309706031,7.0,
Lake Chotkowskie,MLP,10,pairwise_common_query,unweighted_d_optimal,,,,0.0109236120934939,0.11594367357410475,0.13544722699748502,7.0,
Lake Chotkowskie,PLSR,1,pairwise_common_query,farthest_point_kennard_stone,,,,0.0199279035918943,0.24717817970519007,0.2644559951612066,20.0,
Lake Chotkowskie,PLSR,1,pairwise_common_query,proposed_weighted_d_optimal,,,,0.0307305556164591,0.2360346524071081,0.2663661249058451,20.0,
Lake Chotkowskie,PLSR,1,pairwise_common_query,unweighted_d_optimal,,,,0.0199279035918943,0.24717817970519007,0.2644559951612066,20.0,
Lake Chotkowskie,PLSR,3,pairwise_common_query,farthest_point_kennard_stone,,,,-0.0163796988648591,0.25413467943555235,0.23990105467678316,16.0,
Lake Chotkowskie,PLSR,3,pairwise_common_query,proposed_weighted_d_optimal,,,,0.0040345138708717,0.21994596014095735,0.23195527810261915,16.0,
Lake Chotkowskie,PLSR,3,pairwise_common_query,unweighted_d_optimal,,,,-0.0163796988648591,0.25413467943555235,0.23990105467678316,16.0,
Lake Chotkowskie,PLSR,5,pairwise_common_query,farthest_point_kennard_stone,,,,-0.0024783604164838,0.17614097869135337,0.174867218494483,13.0,
Lake Chotkowskie,PLSR,5,pairwise_common_query,proposed_weighted_d_optimal,,,,0.033861116916287196,0.16999891260228656,0.20425305033860225,13.0,
Lake Chotkowskie,PLSR,5,pairwise_common_query,unweighted_d_optimal,,,,0.0036585583483204997,0.1803931654273253,0.1848220145391684,13.0,
Lake Chotkowskie,PLSR,10,pairwise_common_query,farthest_point_kennard_stone,,,,-0.00889901428829075,0.14097756864539446,0.13474063863640245,7.0,
Lake Chotkowskie,PLSR,10,pairwise_common_query,proposed_weighted_d_optimal,,,,0.01492494074545905,0.1179220499428266,0.14968367632112595,7.0,
Lake Chotkowskie,PLSR,10,pairwise_common_query,unweighted_d_optimal,,,,0.017311515126341402,0.1265740935420273,0.14834677352010378,6.0,
Lake Chotkowskie,XGBoost,1,pairwise_common_query,farthest_point_kennard_stone,,,,0.00026174748755515,0.1435920994789957,0.1423652834161902,20.0,
Lake Chotkowskie,XGBoost,1,pairwise_common_query,proposed_weighted_d_optimal,,,,-0.00026174748755515,0.1437323943663093,0.1467340288757446,20.0,
Lake Chotkowskie,XGBoost,1,pairwise_common_query,unweighted_d_optimal,,,,0.00026174748755515,0.1435920994789957,0.1423652834161902,20.0,
Lake Chotkowskie,XGBoost,3,pairwise_common_query,farthest_point_kennard_stone,,,,-0.0054533784121086,0.12987237869745055,0.1276992445255466,16.0,
Lake Chotkowskie,XGBoost,3,pairwise_common_query,proposed_weighted_d_optimal,,,,0.0099880845868286,0.105023789996888,0.11741317742472795,16.0,
Lake Chotkowskie,XGBoost,3,pairwise_common_query,unweighted_d_optimal,,,,-0.0054533784121086,0.12987237869745055,0.1276992445255466,16.0,
Lake Chotkowskie,XGBoost,5,pairwise_common_query,farthest_point_kennard_stone,,,,-0.00033036362915795,0.11881675988929395,0.12087357788964939,13.0,
Lake Chotkowskie,XGBoost,5,pairwise_common_query,proposed_weighted_d_optimal,,,,0.01929046492138235,0.10924777198484914,0.13125154227694147,13.0,
Lake Chotkowskie,XGBoost,5,pairwise_common_query,unweighted_d_optimal,,,,0.00936991175587395,0.1177551022703726,0.12841789874063086,13.0,
Lake Chotkowskie,XGBoost,10,pairwise_common_query,farthest_point_kennard_stone,,,,-0.00841078244134515,0.1190638909905028,0.11100436321647406,7.0,
Lake Chotkowskie,XGBoost,10,pairwise_common_query,proposed_weighted_d_optimal,,,,0.0066605620719259,0.1043294745865404,0.1141894335661395,7.0,
Lake Chotkowskie,XGBoost,10,pairwise_common_query,unweighted_d_optimal,,,,0.00874469664391935,0.10671065086327239,0.11605735831223216,7.0,
Lake Erie,MLP,1,pairwise_common_query,farthest_point_kennard_stone,,,,-0.07993434856590781,0.3178429330004855,0.23774902866269781,524.0,
Lake Erie,MLP,1,pairwise_common_query,proposed_weighted_d_optimal,,,,-0.01254731059054995,0.2506866677741268,0.23816199510443176,524.0,
Lake Erie,MLP,1,pairwise_common_query,unweighted_d_optimal,,,,-2.9401622858351315,3.1725774939777587,0.2323955292920745,524.0,
Lake Erie,MLP,3,pairwise_common_query,farthest_point_kennard_stone,,,,-0.17297284328201323,0.37978864740139107,0.20811526295727015,520.0,
Lake Erie,MLP,3,pairwise_common_query,proposed_weighted_d_optimal,,,,0.0059710417258555,0.20866745341079607,0.2151219516897829,520.0,
Lake Erie,MLP,3,pairwise_common_query,unweighted_d_optimal,,,,-0.10191668464241896,0.3092322270640463,0.20731772087715034,520.0,
Lake Erie,MLP,5,pairwise_common_query,farthest_point_kennard_stone,,,,-0.19536248090564165,0.4211292858211432,0.2253442119344613,516.0,
Lake Erie,MLP,5,pairwise_common_query,proposed_weighted_d_optimal,,,,0.02051616726249285,0.2148698146030314,0.23608939178404026,516.0,
Lake Erie,MLP,5,pairwise_common_query,unweighted_d_optimal,,,,-0.05915418394813265,0.2834045272952722,0.22360377049411684,516.0,
Lake Erie,MLP,10,pairwise_common_query,farthest_point_kennard_stone,,,,-0.07394273852165581,0.28009556067002084,0.20490208930519194,506.0,
Lake Erie,MLP,10,pairwise_common_query,proposed_weighted_d_optimal,,,,0.03034442028179975,0.202676361892259,0.23241103139433156,506.0,
Lake Erie,MLP,10,pairwise_common_query,unweighted_d_optimal,,,,-0.07637871933872076,0.2863402672126162,0.20910534157064894,506.0,
Lake Erie,PLSR,1,pairwise_common_query,farthest_point_kennard_stone,,,,-0.0607740928130557,0.44274329280256264,0.3820911567343842,524.0,
Lake Erie,PLSR,1,pairwise_common_query,proposed_weighted_d_optimal,,,,-0.25014214066024526,0.6317297710932492,0.3815483458763136,524.0,
Lake Erie,PLSR,1,pairwise_common_query,unweighted_d_optimal,,,,-3.172101131403134,3.5479810982681648,0.3757647570982289,524.0,
Lake Erie,PLSR,3,pairwise_common_query,farthest_point_kennard_stone,,,,-0.1749812422504114,0.5086045665642682,0.3337937427253217,520.0,
Lake Erie,PLSR,3,pairwise_common_query,proposed_weighted_d_optimal,,,,-0.12940281208226007,0.47056903080167534,0.3412733518770841,520.0,
Lake Erie,PLSR,3,pairwise_common_query,unweighted_d_optimal,,,,0.018335337814493348,0.31463665140356156,0.33298617183922496,520.0,
Lake Erie,PLSR,5,pairwise_common_query,farthest_point_kennard_stone,,,,-0.17653139033829052,0.4996135060288235,0.3221476902539962,516.0,
Lake Erie,PLSR,5,pairwise_common_query,proposed_weighted_d_optimal,,,,-0.0263371642621676,0.3569271043094598,0.3276815010546854,516.0,
Lake Erie,PLSR,5,pairwise_common_query,unweighted_d_optimal,,,,0.00677638014658225,0.3146566221659727,0.32067346053361645,516.0,
Lake Erie,PLSR,10,pairwise_common_query,farthest_point_kennard_stone,,,,-0.07439006817026385,0.3633669647729687,0.28941176648492634,506.0,
Lake Erie,PLSR,10,pairwise_common_query,proposed_weighted_d_optimal,,,,-0.11015717884946374,0.40772932197972866,0.29913891788691427,506.0,
Lake Erie,PLSR,10,pairwise_common_query,unweighted_d_optimal,,,,-0.11476745767726655,0.399528375487975,0.2856111412831843,506.0,
Lake Erie,XGBoost,1,pairwise_common_query,farthest_point_kennard_stone,,,,-0.2715732064049511,0.5106135721430859,0.23942639596977305,524.0,
Lake Erie,XGBoost,1,pairwise_common_query,proposed_weighted_d_optimal,,,,0.03075757819922045,0.2090030591357159,0.23993108681839204,524.0,
Lake Erie,XGBoost,1,pairwise_common_query,unweighted_d_optimal,,,,-0.33013407034403236,0.569233502705734,0.2387134021300632,524.0,
Lake Erie,XGBoost,3,pairwise_common_query,farthest_point_kennard_stone,,,,0.0036401177505999503,0.2157644178049377,0.21986931868362058,520.0,
Lake Erie,XGBoost,3,pairwise_common_query,proposed_weighted_d_optimal,,,,0.00996223769701635,0.211027674879314,0.22137253530790613,520.0,
Lake Erie,XGBoost,3,pairwise_common_query,unweighted_d_optimal,,,,-0.10556084622733544,0.3243938693585925,0.21921300570504731,520.0,
Lake Erie,XGBoost,5,pairwise_common_query,farthest_point_kennard_stone,,,,-0.0135674823560835,0.2555518418785079,0.24262274308929074,516.0,
Lake Erie,XGBoost,5,pairwise_common_query,proposed_weighted_d_optimal,,,,0.031904423264024304,0.2139248411108312,0.2459049112540109,516.0,
Lake Erie,XGBoost,5,pairwise_common_query,unweighted_d_optimal,,,,-0.08624954810489355,0.32776162919810437,0.2422947523803278,516.0,
Lake Erie,XGBoost,10,pairwise_common_query,farthest_point_kennard_stone,,,,-0.02874361574411355,0.24053873427800965,0.21101354770657094,506.0,
Lake Erie,XGBoost,10,pairwise_common_query,proposed_weighted_d_optimal,,,,0.02345876328292465,0.20230534889667423,0.22426547806022062,506.0,
Lake Erie,XGBoost,10,pairwise_common_query,unweighted_d_optimal,,,,-0.10043989151750884,0.31278369915542964,0.21288149529977363,506.0,
Lake Geneva,MLP,1,pairwise_common_query,farthest_point_kennard_stone,,,,-0.0173996334855037,0.2460744035687171,0.2236316570627031,18.0,
Lake Geneva,MLP,1,pairwise_common_query,proposed_weighted_d_optimal,,,,0.0274702026463491,0.2004348342180965,0.2275638250225617,18.0,
Lake Geneva,MLP,1,pairwise_common_query,unweighted_d_optimal,,,,-0.0173996334855037,0.2460744035687171,0.2236316570627031,18.0,
Lake Geneva,MLP,3,pairwise_common_query,farthest_point_kennard_stone,,,,0.0181706736712953,0.1948231710503064,0.2180756448529293,14.0,
Lake Geneva,MLP,3,pairwise_common_query,proposed_weighted_d_optimal,,,,0.0073849953829445494,0.19317082870611846,0.2016001553678089,14.0,
Lake Geneva,MLP,3,pairwise_common_query,unweighted_d_optimal,,,,0.01154509923126825,0.1997384079289743,0.21554592927092076,14.0,
Lake Geneva,MLP,5,pairwise_common_query,farthest_point_kennard_stone,,,,0.02143054362786465,0.18723846062608215,0.21345338294852262,11.0,
Lake Geneva,MLP,5,pairwise_common_query,proposed_weighted_d_optimal,,,,0.01912205041496455,0.16983237836838144,0.2010018594773832,11.0,
Lake Geneva,MLP,5,pairwise_common_query,unweighted_d_optimal,,,,-0.02650488287714195,0.21513101176887417,0.19620416046308692,11.0,
Lake Geneva,MLP,10,pairwise_common_query,farthest_point_kennard_stone,,,,-0.03952874406454885,0.1842203344413962,0.14552151351461717,5.0,
Lake Geneva,MLP,10,pairwise_common_query,proposed_weighted_d_optimal,,,,0.0095003966283556,0.13710513988857326,0.1537864916242033,5.0,
Lake Geneva,MLP,10,pairwise_common_query,unweighted_d_optimal,,,,-0.0004732783640852765,0.1579660527755875,0.1744242353065641,5.0,
Lake Geneva,PLSR,1,pairwise_common_query,farthest_point_kennard_stone,,,,0.014652394959515999,0.2105084911691983,0.2333634420027627,18.0,
Lake Geneva,PLSR,1,pairwise_common_query,proposed_weighted_d_optimal,,,,0.023993708956764653,0.201491330942511,0.23253387084015845,18.0,
Lake Geneva,PLSR,1,pairwise_common_query,unweighted_d_optimal,,,,0.014652394959515999,0.2105084911691983,0.2333634420027627,18.0,
Lake Geneva,PLSR,3,pairwise_common_query,farthest_point_kennard_stone,,,,-0.0197703897526986,0.22547360023868385,0.21004434767762256,14.0,
Lake Geneva,PLSR,3,pairwise_common_query,proposed_weighted_d_optimal,,,,0.0104237224469254,0.18291493702202766,0.2003244504497263,14.0,
Lake Geneva,PLSR,3,pairwise_common_query,unweighted_d_optimal,,,,-0.1038206921024945,0.3040622991210463,0.20157978249858124,14.0,
Lake Geneva,PLSR,5,pairwise_common_query,farthest_point_kennard_stone,,,,0.0086466270803398,0.194470015220281,0.21019680265433682,11.0,
Lake Geneva,PLSR,5,pairwise_common_query,proposed_weighted_d_optimal,,,,0.02146121179335085,0.18558289537818776,0.2133895345978854,11.0,
Lake Geneva,PLSR,5,pairwise_common_query,unweighted_d_optimal,,,,-0.05569606652792415,0.25174934236224145,0.19151290543004867,11.0,
Lake Geneva,PLSR,10,pairwise_common_query,farthest_point_kennard_stone,,,,0.01062266270635425,0.09649248619898125,0.10881337683262235,5.0,
Lake Geneva,PLSR,10,pairwise_common_query,proposed_weighted_d_optimal,,,,-0.015710453670441202,0.14138509468226962,0.12392740474615545,5.0,
Lake Geneva,PLSR,10,pairwise_common_query,unweighted_d_optimal,,,,-0.00569569786394385,0.14352813974694917,0.13306284416466874,5.0,
Lake Geneva,XGBoost,1,pairwise_common_query,farthest_point_kennard_stone,,,,-0.0049866389276252,0.3418894040076828,0.33507068402677,18.0,
Lake Geneva,XGBoost,1,pairwise_common_query,proposed_weighted_d_optimal,,,,-0.0,0.3399125816537497,0.3338745113228692,18.0,
Lake Geneva,XGBoost,1,pairwise_common_query,unweighted_d_optimal,,,,-0.0049866389276252,0.3418894040076828,0.33507068402677,18.0,
Lake Geneva,XGBoost,3,pairwise_common_query,farthest_point_kennard_stone,,,,0.0043994764008803,0.25931356012820045,0.26686201226129064,14.0,
Lake Geneva,XGBoost,3,pairwise_common_query,proposed_weighted_d_optimal,,,,0.024762715386492898,0.2322158100390652,0.2715487222107071,14.0,
Lake Geneva,XGBoost,3,pairwise_common_query,unweighted_d_optimal,,,,0.03646876564741795,0.23752423452204105,0.28497717171277825,14.0,
Lake Geneva,XGBoost,5,pairwise_common_query,farthest_point_kennard_stone,,,,0.03114942242883125,0.185501337780553,0.2280309720339289,11.0,
Lake Geneva,XGBoost,5,pairwise_common_query,proposed_weighted_d_optimal,,,,0.0042456693362571,0.2036687124967057,0.21095987047588044,11.0,
Lake Geneva,XGBoost,5,pairwise_common_query,unweighted_d_optimal,,,,-0.04747559340187325,0.25565438835609033,0.20236269460761608,11.0,
Lake Geneva,XGBoost,10,pairwise_common_query,farthest_point_kennard_stone,,,,-0.07845632046032175,0.19537771102413876,0.12006252954693586,5.0,
Lake Geneva,XGBoost,10,pairwise_common_query,proposed_weighted_d_optimal,,,,0.00875072988161945,0.12412948566221124,0.1416794486182622,5.0,
Lake Geneva,XGBoost,10,pairwise_common_query,unweighted_d_optimal,,,,0.0011457375416916498,0.14220771341964467,0.1533708623782687,5.0,
Lake Hume,MLP,1,pairwise_common_query,farthest_point_kennard_stone,,,,0.01234991854517155,0.1384371622977309,0.1491751569073564,37.0,
Lake Hume,MLP,1,pairwise_common_query,proposed_weighted_d_optimal,,,,-0.01798715166265025,0.1667270764176057,0.1511859078596672,37.0,
Lake Hume,MLP,1,pairwise_common_query,unweighted_d_optimal,,,,0.01234991854517155,0.1384371622977309,0.1491751569073564,37.0,
Lake Hume,MLP,3,pairwise_common_query,farthest_point_kennard_stone,,,,0.008426879176408698,0.12568794621031285,0.13540813739506313,33.0,
Lake Hume,MLP,3,pairwise_common_query,proposed_weighted_d_optimal,,,,0.0024144869769762503,0.130911843382036,0.13533849616444685,33.0,
Lake Hume,MLP,3,pairwise_common_query,unweighted_d_optimal,,,,0.01303662189530905,0.11914275041684061,0.1334498125857804,33.0,
Lake Hume,MLP,5,pairwise_common_query,farthest_point_kennard_stone,,,,-0.00724520406073905,0.1495056975811512,0.1429501248721122,29.0,
Lake Hume,MLP,5,pairwise_common_query,proposed_weighted_d_optimal,,,,0.0033051324322171498,0.1534896658829281,0.15818386514003518,29.0,
Lake Hume,MLP,5,pairwise_common_query,unweighted_d_optimal,,,,0.0096447302638288,0.12763580560905255,0.1378421144014953,29.0,
Lake Hume,MLP,10,pairwise_common_query,farthest_point_kennard_stone,,,,0.00304522129243935,0.1190238450080501,0.12563002294113015,21.0,
Lake Hume,MLP,10,pairwise_common_query,proposed_weighted_d_optimal,,,,0.0125719597705416,0.1055640771127622,0.1175193870959089,21.0,
Lake Hume,MLP,10,pairwise_common_query,unweighted_d_optimal,,,,0.0034896000267739,0.11743033193841965,0.12412366881355565,21.0,
Lake Hume,PLSR,1,pairwise_common_query,farthest_point_kennard_stone,,,,-0.0640340456368088,0.2814242685977429,0.21867946087947787,37.0,
Lake Hume,PLSR,1,pairwise_common_query,proposed_weighted_d_optimal,,,,-0.02003479001805215,0.2406817284421103,0.2196450274095721,37.0,
Lake Hume,PLSR,1,pairwise_common_query,unweighted_d_optimal,,,,-0.0640340456368088,0.2814242685977429,0.21867946087947787,37.0,
Lake Hume,PLSR,3,pairwise_common_query,farthest_point_kennard_stone,,,,0.00318917608730655,0.19137746546915216,0.19554131084874032,33.0,
Lake Hume,PLSR,3,pairwise_common_query,proposed_weighted_d_optimal,,,,0.0153768426102186,0.1848207404876609,0.20289920797609473,33.0,
Lake Hume,PLSR,3,pairwise_common_query,unweighted_d_optimal,,,,0.00849569981307485,0.1868099844738741,0.19729571601595175,33.0,
Lake Hume,PLSR,5,pairwise_common_query,farthest_point_kennard_stone,,,,0.0095702263847034,0.1695914626957128,0.17881267590048075,30.0,
Lake Hume,PLSR,5,pairwise_common_query,proposed_weighted_d_optimal,,,,0.031844875283461,0.14317728238707317,0.17350780585748748,30.0,
Lake Hume,PLSR,5,pairwise_common_query,unweighted_d_optimal,,,,0.00897872358930395,0.16175018850738976,0.1716588485168607,30.0,
Lake Hume,PLSR,10,pairwise_common_query,farthest_point_kennard_stone,,,,0.0012506235688446998,0.15096249592059705,0.15304309830204682,21.0,
Lake Hume,PLSR,10,pairwise_common_query,proposed_weighted_d_optimal,,,,0.0246771983518303,0.12524527216236944,0.15302818293996873,21.0,
Lake Hume,PLSR,10,pairwise_common_query,unweighted_d_optimal,,,,0.00013433561060635,0.1529560791939477,0.15501121155164643,21.0,
Lake Hume,XGBoost,1,pairwise_common_query,farthest_point_kennard_stone,,,,0.02124067628864305,0.154525963147985,0.1768435440453415,37.0,
Lake Hume,XGBoost,1,pairwise_common_query,proposed_weighted_d_optimal,,,,0.016398548474498502,0.1589956548752309,0.17738309895291016,37.0,
Lake Hume,XGBoost,1,pairwise_common_query,unweighted_d_optimal,,,,0.02124067628864305,0.154525963147985,0.1768435440453415,37.0,
Lake Hume,XGBoost,3,pairwise_common_query,farthest_point_kennard_stone,,,,0.0092139799647478,0.15141603511801405,0.16263288404642334,33.0,
Lake Hume,XGBoost,3,pairwise_common_query,proposed_weighted_d_optimal,,,,-0.01498769416054065,0.17779445342119835,0.16727833763876054,33.0,
Lake Hume,XGBoost,3,pairwise_common_query,unweighted_d_optimal,,,,0.01236167324549955,0.1473499935440977,0.1611725168852705,33.0,
Lake Hume,XGBoost,5,pairwise_common_query,farthest_point_kennard_stone,,,,-0.03078342353274895,0.19435749877998604,0.16521631867402636,30.0,
Lake Hume,XGBoost,5,pairwise_common_query,proposed_weighted_d_optimal,,,,0.026342967552331398,0.1704207895990382,0.1954175148407,29.0,
Lake Hume,XGBoost,5,pairwise_common_query,unweighted_d_optimal,,,,-0.012812838548701001,0.1720156722295224,0.1585377674942524,30.0,
Lake Hume,XGBoost,10,pairwise_common_query,farthest_point_kennard_stone,,,,0.016430950546267,0.12331536629234355,0.1452824585566074,21.5,
Lake Hume,XGBoost,10,pairwise_common_query,proposed_weighted_d_optimal,,,,0.0132306439400405,0.1301767880498208,0.1474813610946087,22.0,
Lake Hume,XGBoost,10,pairwise_common_query,unweighted_d_optimal,,,,0.01539339427637665,0.1250979529610399,0.14786103421486413,22.0,
Lake Jasień Południowy,MLP,1,pairwise_common_query,farthest_point_kennard_stone,,,,-0.0198114650380961,0.1569452825370723,0.1351849601535599,20.0,
Lake Jasień Południowy,MLP,1,pairwise_common_query,proposed_weighted_d_optimal,,,,-0.0255273547699895,0.1638244039183228,0.1445882333297701,20.0,
Lake Jasień Południowy,MLP,1,pairwise_common_query,unweighted_d_optimal,,,,-0.1121930612956817,0.2432962511852086,0.1291543325441106,20.0,
Lake Jasień Południowy,MLP,3,pairwise_common_query,farthest_point_kennard_stone,,,,-0.01882597184994425,0.13024753442419396,0.11415394529606965,16.0,
Lake Jasień Południowy,MLP,3,pairwise_common_query,proposed_weighted_d_optimal,,,,0.00612565901501605,0.11623462953345995,0.12534924795904223,16.0,
Lake Jasień Południowy,MLP,3,pairwise_common_query,unweighted_d_optimal,,,,-0.01280727259712945,0.1228653880025913,0.11188959843799051,16.0,
Lake Jasień Południowy,MLP,5,pairwise_common_query,farthest_point_kennard_stone,,,,0.00848010264670985,0.1039029309202902,0.1169019016125772,13.0,
Lake Jasień Południowy,MLP,5,pairwise_common_query,proposed_weighted_d_optimal,,,,-0.01805011938485425,0.135202355150662,0.11605106604168014,13.0,
Lake Jasień Południowy,MLP,5,pairwise_common_query,unweighted_d_optimal,,,,0.0017783373005596501,0.11025776004248575,0.1138993032814904,13.0,
Lake Jasień Południowy,MLP,10,pairwise_common_query,farthest_point_kennard_stone,,,,0.00606234339539225,0.10675260254323665,0.11753119686174185,6.0,
Lake Jasień Południowy,MLP,10,pairwise_common_query,proposed_weighted_d_optimal,,,,-0.0074346061383584496,0.1207537052417296,0.11375905085037764,7.0,
Lake Jasień Południowy,MLP,10,pairwise_common_query,unweighted_d_optimal,,,,-0.0185594858270402,0.12844832048519256,0.1071433185695316,7.0,
Lake Jasień Południowy,PLSR,1,pairwise_common_query,farthest_point_kennard_stone,,,,-0.021376821659185148,0.2374899642585515,0.21693833918750224,20.0,
Lake Jasień Południowy,PLSR,1,pairwise_common_query,proposed_weighted_d_optimal,,,,-0.010946499033370699,0.2282235336038777,0.21787876872673462,20.0,
Lake Jasień Południowy,PLSR,1,pairwise_common_query,unweighted_d_optimal,,,,-0.06264469108881325,0.27786590024672697,0.21435909734815045,20.0,
Lake Jasień Południowy,PLSR,3,pairwise_common_query,farthest_point_kennard_stone,,,,0.010622204281398151,0.15885422551005923,0.16610074237447095,16.0,
Lake Jasień Południowy,PLSR,3,pairwise_common_query,proposed_weighted_d_optimal,,,,-0.008183701213434001,0.18068222683659305,0.17079022181348968,16.0,
Lake Jasień Południowy,PLSR,3,pairwise_common_query,unweighted_d_optimal,,,,0.014334578090664,0.1488001811158699,0.16480657081296596,16.0,
Lake Jasień Południowy,PLSR,5,pairwise_common_query,farthest_point_kennard_stone,,,,0.01284070709108745,0.15314650240232536,0.16897599918889605,13.0,
Lake Jasień Południowy,PLSR,5,pairwise_common_query,proposed_weighted_d_optimal,,,,-0.0082891454216586,0.1646888100795644,0.15908320603118786,13.0,
Lake Jasień Południowy,PLSR,5,pairwise_common_query,unweighted_d_optimal,,,,0.010601777731235749,0.1374247644938676,0.1538830626732198,13.0,
Lake Jasień Południowy,PLSR,10,pairwise_common_query,farthest_point_kennard_stone,,,,0.0095711285956426,0.12363634670939386,0.13487742723317556,7.0,
Lake Jasień Południowy,PLSR,10,pairwise_common_query,proposed_weighted_d_optimal,,,,0.0037647372877409498,0.09429838798690329,0.1003041860913392,7.0,
Lake Jasień Południowy,PLSR,10,pairwise_common_query,unweighted_d_optimal,,,,-0.01124595593814825,0.12178845589590326,0.10829474416015239,6.5,
Lake Jasień Południowy,XGBoost,1,pairwise_common_query,farthest_point_kennard_stone,,,,-0.1578287313498711,0.3068533420794764,0.1431428289274312,20.0,
Lake Jasień Południowy,XGBoost,1,pairwise_common_query,proposed_weighted_d_optimal,,,,-0.0195172326620217,0.17196624854033982,0.1595365009773354,20.0,
Lake Jasień Południowy,XGBoost,1,pairwise_common_query,unweighted_d_optimal,,,,0.0235533537862746,0.1341970724710988,0.1545642507998813,20.0,
Lake Jasień Południowy,XGBoost,3,pairwise_common_query,farthest_point_kennard_stone,,,,-0.00588809627298525,0.1301718019566577,0.1237075848240855,16.0,
Lake Jasień Południowy,XGBoost,3,pairwise_common_query,proposed_weighted_d_optimal,,,,-0.01069504169110335,0.13068912062821064,0.11913047311860075,16.0,
Lake Jasień Południowy,XGBoost,3,pairwise_common_query,unweighted_d_optimal,,,,0.00666447423454375,0.1096305646521786,0.11679866596975495,16.0,
Lake Jasień Południowy,XGBoost,5,pairwise_common_query,farthest_point_kennard_stone,,,,0.0115704561741088,0.11662133065908764,0.1317930972387492,13.0,
Lake Jasień Południowy,XGBoost,5,pairwise_common_query,proposed_weighted_d_optimal,,,,-0.0013202771578056,0.1284253128015318,0.1298755792456178,13.0,
Lake Jasień Południowy,XGBoost,5,pairwise_common_query,unweighted_d_optimal,,,,0.0112200886153319,0.10408516159646256,0.1224733369311729,13.0,
Lake Jasień Południowy,XGBoost,10,pairwise_common_query,farthest_point_kennard_stone,,,,0.00858055661437465,0.10167128534167555,0.11416747476137584,6.0,
Lake Jasień Południowy,XGBoost,10,pairwise_common_query,proposed_weighted_d_optimal,,,,-0.012796695832938049,0.1217204207317627,0.10686672893363765,7.0,
Lake Jasień Południowy,XGBoost,10,pairwise_common_query,unweighted_d_optimal,,,,-0.0049067860210438505,0.1194499261738271,0.11513830831690365,7.0,
Lake Jeleń,MLP,1,pairwise_common_query,farthest_point_kennard_stone,,,,-0.1060184167900724,0.2297754295795821,0.1231886837788011,20.0,
Lake Jeleń,MLP,1,pairwise_common_query,proposed_weighted_d_optimal,,,,0.0031488680897156,0.1280039235125179,0.1281226815446528,20.0,
Lake Jeleń,MLP,1,pairwise_common_query,unweighted_d_optimal,,,,0.0044831376660713,0.1267808430675252,0.1282338706760158,20.0,
Lake Jeleń,MLP,3,pairwise_common_query,farthest_point_kennard_stone,,,,0.0123374566002999,0.10041210534509115,0.11298192075901915,16.0,
Lake Jeleń,MLP,3,pairwise_common_query,proposed_weighted_d_optimal,,,,0.0070530156480877,0.1215370744426847,0.1303542365178209,16.0,
Lake Jeleń,MLP,3,pairwise_common_query,unweighted_d_optimal,,,,0.00811986284430165,0.1085789996684242,0.1203357939500102,16.0,
Lake Jeleń,MLP,5,pairwise_common_query,farthest_point_kennard_stone,,,,-0.0078665242079105,0.11116442782125305,0.10606007828045605,13.0,
Lake Jeleń,MLP,5,pairwise_common_query,proposed_weighted_d_optimal,,,,-0.011281040997846999,0.13203847295656645,0.11982009002654759,13.0,
Lake Jeleń,MLP,5,pairwise_common_query,unweighted_d_optimal,,,,0.009932446642800099,0.10724181086444035,0.11840227218418264,13.0,
Lake Jeleń,MLP,10,pairwise_common_query,farthest_point_kennard_stone,,,,-0.00338117393158805,0.09271971067128915,0.0885748798102598,7.0,
Lake Jeleń,MLP,10,pairwise_common_query,proposed_weighted_d_optimal,,,,-0.021985786670169198,0.1459238832907652,0.1190094525312716,6.0,
Lake Jeleń,MLP,10,pairwise_common_query,unweighted_d_optimal,,,,-0.0079918120489617,0.12406609495117255,0.12045428048998935,6.0,
Lake Jeleń,PLSR,1,pairwise_common_query,farthest_point_kennard_stone,,,,-0.125655215290738,0.25847955538542994,0.1308259645819199,20.0,
Lake Jeleń,PLSR,1,pairwise_common_query,proposed_weighted_d_optimal,,,,0.003228819687707,0.13655879809035598,0.1417195344149945,20.0,
Lake Jeleń,PLSR,1,pairwise_common_query,unweighted_d_optimal,,,,-0.0,0.13957620696517747,0.1415815371171582,20.0,
Lake Jeleń,PLSR,3,pairwise_common_query,farthest_point_kennard_stone,,,,0.004533633850654299,0.11475232478738505,0.1213334954688523,16.0,
Lake Jeleń,PLSR,3,pairwise_common_query,proposed_weighted_d_optimal,,,,0.0024991624339559503,0.1363219122356793,0.14079097282232195,16.0,
Lake Jeleń,PLSR,3,pairwise_common_query,unweighted_d_optimal,,,,0.0044109860627481005,0.124717354357939,0.1330221767625267,16.0,
Lake Jeleń,PLSR,5,pairwise_common_query,farthest_point_kennard_stone,,,,-0.0229341099036571,0.13551798326694386,0.1148950842808297,13.0,
Lake Jeleń,PLSR,5,pairwise_common_query,proposed_weighted_d_optimal,,,,-0.0094907859584075,0.13649077068383197,0.130705027015011,13.0,
Lake Jeleń,PLSR,5,pairwise_common_query,unweighted_d_optimal,,,,0.0100717306457315,0.1140357027218603,0.12929511827896775,13.0,
Lake Jeleń,PLSR,10,pairwise_common_query,farthest_point_kennard_stone,,,,0.0027759873708552,0.10169992042951184,0.10538060298195705,7.0,
Lake Jeleń,PLSR,10,pairwise_common_query,proposed_weighted_d_optimal,,,,-0.019903635004502547,0.15128506015801105,0.12920583944503172,6.0,
Lake Jeleń,PLSR,10,pairwise_common_query,unweighted_d_optimal,,,,-0.00097321623212645,0.1253451624400188,0.1258991845358043,7.0,
Lake Jeleń,XGBoost,1,pairwise_common_query,farthest_point_kennard_stone,,,,0.0171429239394597,0.1105804688381639,0.1277233927776236,20.0,
Lake Jeleń,XGBoost,1,pairwise_common_query,proposed_weighted_d_optimal,,,,-0.0289314253713769,0.1529721531296245,0.1236942369365721,20.0,
Lake Jeleń,XGBoost,1,pairwise_common_query,unweighted_d_optimal,,,,0.0045284270569789,0.1238558735651791,0.1295549518610113,20.0,
Lake Jeleń,XGBoost,3,pairwise_common_query,farthest_point_kennard_stone,,,,-0.0031143352389335502,0.11997273388454895,0.1176323767332344,16.0,
Lake Jeleń,XGBoost,3,pairwise_common_query,proposed_weighted_d_optimal,,,,-0.058531438664872704,0.1766087229361898,0.11471535295168214,16.0,
Lake Jeleń,XGBoost,3,pairwise_common_query,unweighted_d_optimal,,,,0.0085197930604538,0.11314451763538874,0.12249689446222825,16.0,
Lake Jeleń,XGBoost,5,pairwise_common_query,farthest_point_kennard_stone,,,,0.0026191408452524503,0.1203255223151159,0.1255808362417225,13.0,
Lake Jeleń,XGBoost,5,pairwise_common_query,proposed_weighted_d_optimal,,,,-0.04220443457436805,0.16664133264312986,0.1241574120281784,13.0,
Lake Jeleń,XGBoost,5,pairwise_common_query,unweighted_d_optimal,,,,-0.0240223505575728,0.14094451570181074,0.12056753148206564,13.0,
Lake Jeleń,XGBoost,10,pairwise_common_query,farthest_point_kennard_stone,,,,-0.0358670142899979,0.13915989511277527,0.10098372844964945,7.0,
Lake Jeleń,XGBoost,10,pairwise_common_query,proposed_weighted_d_optimal,,,,-0.02806742526319115,0.1514646080587179,0.1203556983499818,6.0,
Lake Jeleń,XGBoost,10,pairwise_common_query,unweighted_d_optimal,,,,-0.0036021756661780502,0.1182602941206404,0.11908855740675314,6.5,
Lake Kasumigaura,MLP,1,pairwise_common_query,farthest_point_kennard_stone,,,,0.015954369537486197,0.1197437864576789,0.13572459183421295,186.0,
Lake Kasumigaura,MLP,1,pairwise_common_query,proposed_weighted_d_optimal,,,,0.02066591985171795,0.11508783409506,0.13572459183421293,186.0,
Lake Kasumigaura,MLP,1,pairwise_common_query,unweighted_d_optimal,,,,0.015954369537486197,0.1197437864576789,0.13572459183421295,186.0,
Lake Kasumigaura,MLP,3,pairwise_common_query,farthest_point_kennard_stone,,,,0.0137664310332869,0.10887677648421715,0.12244176617458849,182.0,
Lake Kasumigaura,MLP,3,pairwise_common_query,proposed_weighted_d_optimal,,,,-0.00155552900277735,0.1238128782171095,0.12268974342133385,182.0,
Lake Kasumigaura,MLP,3,pairwise_common_query,unweighted_d_optimal,,,,0.0086441161343751,0.11488131455482964,0.1237415846971201,182.0,
Lake Kasumigaura,MLP,5,pairwise_common_query,farthest_point_kennard_stone,,,,0.013908478399337749,0.11178003721078755,0.12533585628898963,178.0,
Lake Kasumigaura,MLP,5,pairwise_common_query,proposed_weighted_d_optimal,,,,-0.0214434482325826,0.14641753365735133,0.1254919294790428,178.0,
Lake Kasumigaura,MLP,5,pairwise_common_query,unweighted_d_optimal,,,,-0.01255047886985685,0.1378670968749546,0.12504394161141136,178.0,
Lake Kasumigaura,MLP,10,pairwise_common_query,farthest_point_kennard_stone,,,,0.00809384400878765,0.1053207575181048,0.11373185060492215,168.0,
Lake Kasumigaura,MLP,10,pairwise_common_query,proposed_weighted_d_optimal,,,,0.0114159398469509,0.10434640201715785,0.11558913562118406,168.0,
Lake Kasumigaura,MLP,10,pairwise_common_query,unweighted_d_optimal,,,,0.01236919813015325,0.10040526884460085,0.11332469761343825,168.0,
Lake Kasumigaura,PLSR,1,pairwise_common_query,farthest_point_kennard_stone,,,,0.0023025887023973,0.1895993720044109,0.19238897176229225,186.0,
Lake Kasumigaura,PLSR,1,pairwise_common_query,proposed_weighted_d_optimal,,,,0.030149617364131298,0.16165499434905925,0.191927499885345,186.0,
Lake Kasumigaura,PLSR,1,pairwise_common_query,unweighted_d_optimal,,,,0.0023025887023973,0.1895993720044109,0.19238897176229225,186.0,
Lake Kasumigaura,PLSR,3,pairwise_common_query,farthest_point_kennard_stone,,,,0.0068929133431963,0.15298473666259393,0.1598399159493472,182.0,
Lake Kasumigaura,PLSR,3,pairwise_common_query,proposed_weighted_d_optimal,,,,0.007339546178681249,0.15251521265472356,0.16016684308100126,182.0,
Lake Kasumigaura,PLSR,3,pairwise_common_query,unweighted_d_optimal,,,,-0.01816785006902035,0.176403175829225,0.15826666924966498,182.0,
Lake Kasumigaura,PLSR,5,pairwise_common_query,farthest_point_kennard_stone,,,,0.0180756305339361,0.14855282969541594,0.16547986853557645,178.0,
Lake Kasumigaura,PLSR,5,pairwise_common_query,proposed_weighted_d_optimal,,,,0.0147109609858847,0.15431707863838706,0.16795062749954845,178.0,
Lake Kasumigaura,PLSR,5,pairwise_common_query,unweighted_d_optimal,,,,-0.01674984923285655,0.18359605407553997,0.16688872256839143,178.0,
Lake Kasumigaura,PLSR,10,pairwise_common_query,farthest_point_kennard_stone,,,,0.00718550419472985,0.14707211163090028,0.15391397087615616,168.0,
Lake Kasumigaura,PLSR,10,pairwise_common_query,proposed_weighted_d_optimal,,,,0.0009784082680114,0.1527095226145751,0.1528998306416384,168.0,
Lake Kasumigaura,PLSR,10,pairwise_common_query,unweighted_d_optimal,,,,0.0135352173910804,0.1377841858018048,0.15062977153045304,168.0,
Lake Kasumigaura,XGBoost,1,pairwise_common_query,farthest_point_kennard_stone,,,,-0.0460725985875346,0.19020411549877358,0.14416963588964382,186.0,
Lake Kasumigaura,XGBoost,1,pairwise_common_query,proposed_weighted_d_optimal,,,,0.0161181711206107,0.1284616658361331,0.14455638902895715,186.0,
Lake Kasumigaura,XGBoost,1,pairwise_common_query,unweighted_d_optimal,,,,-0.0460725985875346,0.19020411549877358,0.14416963588964382,186.0,
Lake Kasumigaura,XGBoost,3,pairwise_common_query,farthest_point_kennard_stone,,,,0.0187391642004308,0.106099387931604,0.125341523323594,182.0,
Lake Kasumigaura,XGBoost,3,pairwise_common_query,proposed_weighted_d_optimal,,,,0.00646460036764215,0.11856022567518826,0.1256313655777393,182.0,
Lake Kasumigaura,XGBoost,3,pairwise_common_query,unweighted_d_optimal,,,,0.008700109994215999,0.11601054730340035,0.1243189784270643,182.0,
Lake Kasumigaura,XGBoost,5,pairwise_common_query,farthest_point_kennard_stone,,,,-0.008248375572534751,0.11873116775710696,0.11040530191762721,178.0,
Lake Kasumigaura,XGBoost,5,pairwise_common_query,proposed_weighted_d_optimal,,,,0.008025744403442898,0.1040202590217104,0.1121036289002795,178.0,
Lake Kasumigaura,XGBoost,5,pairwise_common_query,unweighted_d_optimal,,,,-0.0231319259155135,0.13385150334749019,0.11158093257765135,178.0,
Lake Kasumigaura,XGBoost,10,pairwise_common_query,farthest_point_kennard_stone,,,,-0.0050970835811429,0.11121496120277335,0.10617455896990685,168.0,
Lake Kasumigaura,XGBoost,10,pairwise_common_query,proposed_weighted_d_optimal,,,,0.01141449550960855,0.09635292671171265,0.1085095131534079,168.0,
Lake Kasumigaura,XGBoost,10,pairwise_common_query,unweighted_d_optimal,,,,0.0063610796719739005,0.09807211104770841,0.1048139729977092,168.5,
Lake Kummerow,MLP,1,pairwise_common_query,farthest_point_kennard_stone,,,,-0.5396219354862395,0.8671873082766854,0.32439219788415663,24.0,
Lake Kummerow,MLP,1,pairwise_common_query,proposed_weighted_d_optimal,,,,-0.1057139502333911,0.4525409560207244,0.34407058596402296,24.0,
Lake Kummerow,MLP,1,pairwise_common_query,unweighted_d_optimal,,,,0.027986053082037648,0.3229337983597857,0.34787591270407053,24.0,
Lake Kummerow,MLP,3,pairwise_common_query,farthest_point_kennard_stone,,,,-0.1118329401329647,0.39766084641048766,0.28552520063787457,20.0,
Lake Kummerow,MLP,3,pairwise_common_query,proposed_weighted_d_optimal,,,,0.02626549847841125,0.2722611792569608,0.3022223237387178,20.0,
Lake Kummerow,MLP,3,pairwise_common_query,unweighted_d_optimal,,,,0.01410539508231365,0.29989418428223624,0.31839568291054066,20.0,
Lake Kummerow,MLP,5,pairwise_common_query,farthest_point_kennard_stone,,,,0.0265790706519806,0.3034173553028653,0.334210469679749,17.0,
Lake Kummerow,MLP,5,pairwise_common_query,proposed_weighted_d_optimal,,,,0.0345205398213358,0.2905261195618225,0.33296352013342245,17.0,
Lake Kummerow,MLP,5,pairwise_common_query,unweighted_d_optimal,,,,0.038730834796984304,0.2771250126525555,0.3163321158369532,17.0,
Lake Kummerow,MLP,10,pairwise_common_query,farthest_point_kennard_stone,,,,0.0256135388204589,0.28665216135291527,0.32133805752918315,10.0,
Lake Kummerow,MLP,10,pairwise_common_query,proposed_weighted_d_optimal,,,,0.0176378264118481,0.24296239420249566,0.2676749618585418,10.0,
Lake Kummerow,MLP,10,pairwise_common_query,unweighted_d_optimal,,,,-0.0442007648843196,0.3042979886065905,0.26762010287752824,10.0,
Lake Kummerow,PLSR,1,pairwise_common_query,farthest_point_kennard_stone,,,,-0.4217186225595636,0.7644854922658243,0.3528644912970948,24.0,
Lake Kummerow,PLSR,1,pairwise_common_query,proposed_weighted_d_optimal,,,,-0.1292529596908705,0.4845563052022839,0.3657103146673119,24.0,
Lake Kummerow,PLSR,1,pairwise_common_query,unweighted_d_optimal,,,,-0.0,0.3613337885480344,0.3599449621737078,24.0,
Lake Kummerow,PLSR,3,pairwise_common_query,farthest_point_kennard_stone,,,,-0.1064898942640696,0.4008597415858197,0.29985886255881705,20.0,
Lake Kummerow,PLSR,3,pairwise_common_query,proposed_weighted_d_optimal,,,,0.00981977590089175,0.29640727553030055,0.312967517187565,20.0,
Lake Kummerow,PLSR,3,pairwise_common_query,unweighted_d_optimal,,,,-0.00206263623571115,0.32383238454677676,0.32875927343946776,20.0,
Lake Kummerow,PLSR,5,pairwise_common_query,farthest_point_kennard_stone,,,,0.02656273043657615,0.31494577023570236,0.3469452958160149,17.0,
Lake Kummerow,PLSR,5,pairwise_common_query,proposed_weighted_d_optimal,,,,0.0342017534047343,0.31628272973896354,0.34464305888461916,17.0,
Lake Kummerow,PLSR,5,pairwise_common_query,unweighted_d_optimal,,,,0.035358022240358,0.2963342340400599,0.33426086379727526,17.0,
Lake Kummerow,PLSR,10,pairwise_common_query,farthest_point_kennard_stone,,,,0.0273037676155824,0.2998030325601127,0.3375387351425484,10.0,
Lake Kummerow,PLSR,10,pairwise_common_query,proposed_weighted_d_optimal,,,,0.01859036917051385,0.2690086707168589,0.28687911171136266,10.0,
Lake Kummerow,PLSR,10,pairwise_common_query,unweighted_d_optimal,,,,-0.05509042218176825,0.3559003288475318,0.29476057341223316,10.0,
Lake Kummerow,XGBoost,1,pairwise_common_query,farthest_point_kennard_stone,,,,-0.3911788961264856,0.6779951171294033,0.2928214122696528,24.0,
Lake Kummerow,XGBoost,1,pairwise_common_query,proposed_weighted_d_optimal,,,,-0.0830534348885218,0.3819932039494021,0.3083092418201835,24.0,
Lake Kummerow,XGBoost,1,pairwise_common_query,unweighted_d_optimal,,,,0.0563066250919405,0.2494243507149104,0.305730975806851,24.0,
Lake Kummerow,XGBoost,3,pairwise_common_query,farthest_point_kennard_stone,,,,-0.0438495071161361,0.31671035279368154,0.2731190984702325,20.0,
Lake Kummerow,XGBoost,3,pairwise_common_query,proposed_weighted_d_optimal,,,,0.024207698514117748,0.2613829500774893,0.2860962201486723,20.0,
Lake Kummerow,XGBoost,3,pairwise_common_query,unweighted_d_optimal,,,,0.0297257678731334,0.26691337906893986,0.2949616985416404,20.0,
Lake Kummerow,XGBoost,5,pairwise_common_query,farthest_point_kennard_stone,,,,0.0411570268326237,0.26409072937824374,0.31172761584538555,17.0,
Lake Kummerow,XGBoost,5,pairwise_common_query,proposed_weighted_d_optimal,,,,0.03453294702546935,0.2720413658836202,0.311944354657597,17.0,
Lake Kummerow,XGBoost,5,pairwise_common_query,unweighted_d_optimal,,,,0.0404827676210007,0.26388519450689363,0.3053250041771461,17.0,
Lake Kummerow,XGBoost,10,pairwise_common_query,farthest_point_kennard_stone,,,,0.02040405030036225,0.266572125557601,0.2998519093427148,10.0,
Lake Kummerow,XGBoost,10,pairwise_common_query,proposed_weighted_d_optimal,,,,0.0169704977637348,0.21554287097530894,0.2320239596180591,10.0,
Lake Kummerow,XGBoost,10,pairwise_common_query,unweighted_d_optimal,,,,-0.01183461123787195,0.2761351154089303,0.26549139955492873,10.0,
Lake Obłęże,MLP,1,pairwise_common_query,farthest_point_kennard_stone,,,,0.0385335063133895,0.14993642746922586,0.1912205353199084,18.0,
Lake Obłęże,MLP,1,pairwise_common_query,proposed_weighted_d_optimal,,,,-0.0193911580473386,0.2037892354776388,0.1914662486048309,18.0,
Lake Obłęże,MLP,1,pairwise_common_query,unweighted_d_optimal,,,,0.0385335063133895,0.14993642746922586,0.1912205353199084,18.0,
Lake Obłęże,MLP,3,pairwise_common_query,farthest_point_kennard_stone,,,,-0.01750916229333915,0.17744393938749203,0.16249416844572664,14.0,
Lake Obłęże,MLP,3,pairwise_common_query,proposed_weighted_d_optimal,,,,0.012431381438823799,0.15394690482573326,0.17178582235065484,14.0,
Lake Obłęże,MLP,3,pairwise_common_query,unweighted_d_optimal,,,,-0.0035244116037029,0.16269546582673117,0.16014627439739998,14.0,
Lake Obłęże,MLP,5,pairwise_common_query,farthest_point_kennard_stone,,,,0.01631701236603185,0.15376614717405174,0.17547011388774714,11.0,
Lake Obłęże,MLP,5,pairwise_common_query,proposed_weighted_d_optimal,,,,0.0182866463716654,0.15083374679158795,0.1801902370488105,11.0,
Lake Obłęże,MLP,5,pairwise_common_query,unweighted_d_optimal,,,,-0.0104811143153092,0.16676019405962483,0.16620367299490102,11.0,
Lake Obłęże,MLP,10,pairwise_common_query,farthest_point_kennard_stone,,,,0.01546579258839095,0.1644526130103082,0.1907356676743735,5.0,
Lake Obłęże,MLP,10,pairwise_common_query,proposed_weighted_d_optimal,,,,0.01139609278912945,0.1407738216727784,0.16711379475950788,5.0,
Lake Obłęże,MLP,10,pairwise_common_query,unweighted_d_optimal,,,,-0.0044419524819675,0.1554391502429269,0.1598834481384075,5.0,
Lake Obłęże,PLSR,1,pairwise_common_query,farthest_point_kennard_stone,,,,-0.0231563199301955,0.2018401963816906,0.1864995986813278,18.0,
Lake Obłęże,PLSR,1,pairwise_common_query,proposed_weighted_d_optimal,,,,-0.131230573947341,0.3019219750757048,0.1779472561269669,18.0,
Lake Obłęże,PLSR,1,pairwise_common_query,unweighted_d_optimal,,,,-0.0231563199301955,0.2018401963816906,0.1864995986813278,18.0,
Lake Obłęże,PLSR,3,pairwise_common_query,farthest_point_kennard_stone,,,,0.0184289728592023,0.17136309372636194,0.19502313683169745,14.0,
Lake Obłęże,PLSR,3,pairwise_common_query,proposed_weighted_d_optimal,,,,0.01616830436761395,0.16408716958434283,0.18817011047052773,14.0,
Lake Obłęże,PLSR,3,pairwise_common_query,unweighted_d_optimal,,,,0.01743435697588805,0.17201720320244734,0.19447234125440205,14.0,
Lake Obłęże,PLSR,5,pairwise_common_query,farthest_point_kennard_stone,,,,0.00703785700660615,0.1793312718208393,0.1930865601496399,11.0,
Lake Obłęże,PLSR,5,pairwise_common_query,proposed_weighted_d_optimal,,,,0.02397386655392525,0.15617094162040895,0.19049675635954755,11.0,
Lake Obłęże,PLSR,5,pairwise_common_query,unweighted_d_optimal,,,,-0.008149920920543351,0.19058382351084135,0.18868416225273935,11.0,
Lake Obłęże,PLSR,10,pairwise_common_query,farthest_point_kennard_stone,,,,0.01144272035673555,0.178483501783492,0.1923857428868603,5.0,
Lake Obłęże,PLSR,10,pairwise_common_query,proposed_weighted_d_optimal,,,,0.0230220618765411,0.14224259860446564,0.17656639983527506,5.0,
Lake Obłęże,PLSR,10,pairwise_common_query,unweighted_d_optimal,,,,-0.0169395079782427,0.18142972156355952,0.1643830673000194,5.0,
Lake Obłęże,XGBoost,1,pairwise_common_query,farthest_point_kennard_stone,,,,0.0089786977682426,0.141575873565397,0.1485568740313607,18.0,
Lake Obłęże,XGBoost,1,pairwise_common_query,proposed_weighted_d_optimal,,,,0.02756842409525275,0.1254541291525374,0.15355041019995386,18.0,
Lake Obłęże,XGBoost,1,pairwise_common_query,unweighted_d_optimal,,,,0.0089786977682426,0.141575873565397,0.1485568740313607,18.0,
Lake Obłęże,XGBoost,3,pairwise_common_query,farthest_point_kennard_stone,,,,-0.0037381232635917997,0.147743930177966,0.14554498696843285,14.0,
Lake Obłęże,XGBoost,3,pairwise_common_query,proposed_weighted_d_optimal,,,,0.0077540136841556,0.12657688978327714,0.13846938642774886,14.0,
Lake Obłęże,XGBoost,3,pairwise_common_query,unweighted_d_optimal,,,,0.01018896612038375,0.1294964037720425,0.14192968063751177,14.0,
Lake Obłęże,XGBoost,5,pairwise_common_query,farthest_point_kennard_stone,,,,-0.0006642942864120684,0.146818072524723,0.15127157257083684,11.0,
Lake Obłęże,XGBoost,5,pairwise_common_query,proposed_weighted_d_optimal,,,,0.0152674471816636,0.133446713005286,0.1483479398774734,11.0,
Lake Obłęże,XGBoost,5,pairwise_common_query,unweighted_d_optimal,,,,0.0054143604513322,0.13708536492585316,0.14243602092273655,11.0,
Lake Obłęże,XGBoost,10,pairwise_common_query,farthest_point_kennard_stone,,,,0.0044375281785978,0.1493049125761171,0.15510553905582744,5.0,
Lake Obłęże,XGBoost,10,pairwise_common_query,proposed_weighted_d_optimal,,,,0.00195559393381815,0.14653289087257285,0.15885069331742785,5.0,
Lake Obłęże,XGBoost,10,pairwise_common_query,unweighted_d_optimal,,,,0.0064935988298452495,0.14915516569503207,0.15632204537897176,5.0,
Lake Peipsi,MLP,1,pairwise_common_query,farthest_point_kennard_stone,,,,0.0245979049513293,0.17412735220774006,0.19881608854368626,72.0,
Lake Peipsi,MLP,1,pairwise_common_query,proposed_weighted_d_optimal,,,,-0.2532170222546313,0.4476951254165108,0.1942176935494001,72.0,
Lake Peipsi,MLP,1,pairwise_common_query,unweighted_d_optimal,,,,0.0245979049513293,0.17412735220774006,0.19881608854368626,72.0,
Lake Peipsi,MLP,3,pairwise_common_query,farthest_point_kennard_stone,,,,0.011520032640386951,0.1810429450189246,0.19483903786867454,68.0,
Lake Peipsi,MLP,3,pairwise_common_query,proposed_weighted_d_optimal,,,,-0.04793347148298935,0.2410042694419136,0.1920799152825099,68.0,
Lake Peipsi,MLP,3,pairwise_common_query,unweighted_d_optimal,,,,0.022695097979857,0.1680400550580854,0.19220574331164475,68.0,
Lake Peipsi,MLP,5,pairwise_common_query,farthest_point_kennard_stone,,,,0.03502354189610035,0.17099386261713678,0.20217542107471725,64.0,
Lake Peipsi,MLP,5,pairwise_common_query,proposed_weighted_d_optimal,,,,-0.0077255219016659,0.21654391628321706,0.204819501209484,64.0,
Lake Peipsi,MLP,5,pairwise_common_query,unweighted_d_optimal,,,,-0.0940111007909787,0.2854269326263522,0.19037211928393322,64.0,
Lake Peipsi,MLP,10,pairwise_common_query,farthest_point_kennard_stone,,,,0.007235024466999701,0.1909051098176403,0.19712561815591484,55.0,
Lake Peipsi,MLP,10,pairwise_common_query,proposed_weighted_d_optimal,,,,-0.0035288099256391,0.2066900222241424,0.20535758910513752,55.0,
Lake Peipsi,MLP,10,pairwise_common_query,unweighted_d_optimal,,,,-0.15374859159820825,0.3307168137864023,0.17449787235263564,55.0,
Lake Peipsi,PLSR,1,pairwise_common_query,farthest_point_kennard_stone,,,,-0.0465698012728522,0.2824540497145815,0.23512057777916856,72.0,
Lake Peipsi,PLSR,1,pairwise_common_query,proposed_weighted_d_optimal,,,,-0.4200924024224355,0.6503652465204942,0.2293079258781944,72.0,
Lake Peipsi,PLSR,1,pairwise_common_query,unweighted_d_optimal,,,,-0.0465698012728522,0.2824540497145815,0.23512057777916856,72.0,
Lake Peipsi,PLSR,3,pairwise_common_query,farthest_point_kennard_stone,,,,0.00925506459859035,0.20065717494979068,0.2089966998313283,68.0,
Lake Peipsi,PLSR,3,pairwise_common_query,proposed_weighted_d_optimal,,,,-0.0799749034404344,0.28429986105139693,0.20592076662511244,68.0,
Lake Peipsi,PLSR,3,pairwise_common_query,unweighted_d_optimal,,,,0.00467112148370115,0.2045717150998462,0.20841698816299425,68.0,
Lake Peipsi,PLSR,5,pairwise_common_query,farthest_point_kennard_stone,,,,0.0363185060124261,0.19177935537022928,0.2293328950118097,64.0,
Lake Peipsi,PLSR,5,pairwise_common_query,proposed_weighted_d_optimal,,,,-0.052781163587881055,0.27294750067761714,0.2195347879351828,64.0,
Lake Peipsi,PLSR,5,pairwise_common_query,unweighted_d_optimal,,,,-0.03446109483343465,0.25358258607232187,0.22149265124702971,64.0,
Lake Peipsi,PLSR,10,pairwise_common_query,farthest_point_kennard_stone,,,,0.01119447480113855,0.18339172455955943,0.19731158653951306,55.0,
Lake Peipsi,PLSR,10,pairwise_common_query,proposed_weighted_d_optimal,,,,-0.0099047486635691,0.21241200032971358,0.2035006482734094,55.0,
Lake Peipsi,PLSR,10,pairwise_common_query,unweighted_d_optimal,,,,-0.1269800162312863,0.3081660124528182,0.1818748327657011,56.0,
Lake Peipsi,XGBoost,1,pairwise_common_query,farthest_point_kennard_stone,,,,0.0166572875002855,0.15535834698526105,0.1718047471546823,72.0,
Lake Peipsi,XGBoost,1,pairwise_common_query,proposed_weighted_d_optimal,,,,-0.3327683673969537,0.4991793182622934,0.1657327661281747,72.0,
Lake Peipsi,XGBoost,1,pairwise_common_query,unweighted_d_optimal,,,,0.0166572875002855,0.15535834698526105,0.1718047471546823,72.0,
Lake Peipsi,XGBoost,3,pairwise_common_query,farthest_point_kennard_stone,,,,0.011498828258006251,0.15444597139775146,0.16717704944415868,68.0,
Lake Peipsi,XGBoost,3,pairwise_common_query,proposed_weighted_d_optimal,,,,-0.0955904885897743,0.25658087735450785,0.16185634406489002,68.0,
Lake Peipsi,XGBoost,3,pairwise_common_query,unweighted_d_optimal,,,,0.0132401894653258,0.15185337095522689,0.16572074211392995,68.0,
Lake Peipsi,XGBoost,5,pairwise_common_query,farthest_point_kennard_stone,,,,0.021847703749194,0.15505052653236645,0.17835625115742504,64.0,
Lake Peipsi,XGBoost,5,pairwise_common_query,proposed_weighted_d_optimal,,,,-0.049395306756846,0.22281178587063194,0.17279700861294245,64.0,
Lake Peipsi,XGBoost,5,pairwise_common_query,unweighted_d_optimal,,,,-0.11061908775252455,0.2759563665885644,0.16707935464288043,64.0,
Lake Peipsi,XGBoost,10,pairwise_common_query,farthest_point_kennard_stone,,,,0.01541091792973855,0.16192685215016026,0.1793356045177,55.0,
Lake Peipsi,XGBoost,10,pairwise_common_query,proposed_weighted_d_optimal,,,,-0.008927908870728099,0.18763003470451875,0.17814858661897276,55.0,
Lake Peipsi,XGBoost,10,pairwise_common_query,unweighted_d_optimal,,,,-0.1022069889430168,0.26568892649411924,0.16293362602755104,55.0,
Lake Winnipeg,MLP,1,pairwise_common_query,farthest_point_kennard_stone,,,,0.0456885593136526,0.21874762812960907,0.2644898806098719,43.0,
Lake Winnipeg,MLP,1,pairwise_common_query,proposed_weighted_d_optimal,,,,-0.125696421123691,0.3878864715037967,0.2653636673147133,43.0,
Lake Winnipeg,MLP,1,pairwise_common_query,unweighted_d_optimal,,,,0.0456885593136526,0.21874762812960907,0.2644898806098719,43.0,
Lake Winnipeg,MLP,3,pairwise_common_query,farthest_point_kennard_stone,,,,-0.0430311741776087,0.2791385535322452,0.23425359684279173,39.0,
Lake Winnipeg,MLP,3,pairwise_common_query,proposed_weighted_d_optimal,,,,-0.0459816186659357,0.28431586290878824,0.2347577645876175,39.0,
Lake Winnipeg,MLP,3,pairwise_common_query,unweighted_d_optimal,,,,-0.07986309147626394,0.303739089945929,0.2205818310650201,39.0,
Lake Winnipeg,MLP,5,pairwise_common_query,farthest_point_kennard_stone,,,,0.0213439733008936,0.20767703682432614,0.230993604520566,35.0,
Lake Winnipeg,MLP,5,pairwise_common_query,proposed_weighted_d_optimal,,,,0.0352383043351358,0.22147273431748643,0.2498594945025926,36.0,
Lake Winnipeg,MLP,5,pairwise_common_query,unweighted_d_optimal,,,,0.030587424978593653,0.1925022000806715,0.22468206818483388,35.5,
Lake Winnipeg,MLP,10,pairwise_common_query,farthest_point_kennard_stone,,,,-0.0056056032258432,0.2045710619275749,0.19833006028684153,27.0,
Lake Winnipeg,MLP,10,pairwise_common_query,proposed_weighted_d_optimal,,,,0.0364526518560511,0.18277276566627185,0.2194509687759939,27.0,
Lake Winnipeg,MLP,10,pairwise_common_query,unweighted_d_optimal,,,,-0.023491522149289998,0.22056404764926407,0.18926101725997496,27.0,
Lake Winnipeg,PLSR,1,pairwise_common_query,farthest_point_kennard_stone,,,,-0.17672405597359075,0.5275967218597764,0.3455770881113457,43.0,
Lake Winnipeg,PLSR,1,pairwise_common_query,proposed_weighted_d_optimal,,,,-0.2667067327351622,0.6152868619444604,0.34328455143445835,43.0,
Lake Winnipeg,PLSR,1,pairwise_common_query,unweighted_d_optimal,,,,-0.17672405597359075,0.5275967218597764,0.3455770881113457,43.0,
Lake Winnipeg,PLSR,3,pairwise_common_query,farthest_point_kennard_stone,,,,-0.3118248249952813,0.6009793727194157,0.2882405079931515,39.0,
Lake Winnipeg,PLSR,3,pairwise_common_query,proposed_weighted_d_optimal,,,,-0.1120711715424724,0.41258659957762145,0.30023125828959196,39.0,
Lake Winnipeg,PLSR,3,pairwise_common_query,unweighted_d_optimal,,,,-0.05139863831445985,0.350246802939091,0.29762235566015594,39.0,
Lake Winnipeg,PLSR,5,pairwise_common_query,farthest_point_kennard_stone,,,,-0.03204591381268865,0.3488350296192032,0.3190227720740654,36.0,
Lake Winnipeg,PLSR,5,pairwise_common_query,proposed_weighted_d_optimal,,,,-0.0183938808716315,0.3448464461084352,0.32764888144414056,35.0,
Lake Winnipeg,PLSR,5,pairwise_common_query,unweighted_d_optimal,,,,-0.1157862062652194,0.42680282679147485,0.31641487954283276,36.0,
Lake Winnipeg,PLSR,10,pairwise_common_query,farthest_point_kennard_stone,,,,-0.01959314281089005,0.3097917804188591,0.2914641699421672,27.0,
Lake Winnipeg,PLSR,10,pairwise_common_query,proposed_weighted_d_optimal,,,,0.022629809930162552,0.27501715727400106,0.29705539255273794,27.0,
Lake Winnipeg,PLSR,10,pairwise_common_query,unweighted_d_optimal,,,,-0.1298476513066127,0.39674970593913,0.2618864200396689,27.0,
Lake Winnipeg,XGBoost,1,pairwise_common_query,farthest_point_kennard_stone,,,,0.04367300003381035,0.19590494113199552,0.2392616904514916,43.0,
Lake Winnipeg,XGBoost,1,pairwise_common_query,proposed_weighted_d_optimal,,,,-0.02318454184051395,0.2629089826401375,0.23484046491244584,43.0,
Lake Winnipeg,XGBoost,1,pairwise_common_query,unweighted_d_optimal,,,,0.04367300003381035,0.19590494113199552,0.2392616904514916,43.0,
Lake Winnipeg,XGBoost,3,pairwise_common_query,farthest_point_kennard_stone,,,,-0.08675536023912694,0.29215561427749304,0.20633386918269214,39.0,
Lake Winnipeg,XGBoost,3,pairwise_common_query,proposed_weighted_d_optimal,,,,-0.056457004861622404,0.26304811111041293,0.2070537150585228,39.0,
Lake Winnipeg,XGBoost,3,pairwise_common_query,unweighted_d_optimal,,,,0.016535707193128052,0.18631079094162006,0.20204660993166618,39.0,
Lake Winnipeg,XGBoost,5,pairwise_common_query,farthest_point_kennard_stone,,,,0.024256931551868748,0.190756272079452,0.2138736277282256,35.0,
Lake Winnipeg,XGBoost,5,pairwise_common_query,proposed_weighted_d_optimal,,,,0.0338865318856068,0.1826177921682009,0.218084109557063,35.0,
Lake Winnipeg,XGBoost,5,pairwise_common_query,unweighted_d_optimal,,,,0.02090226935657745,0.19093607506516536,0.21320571307464645,35.0,
Lake Winnipeg,XGBoost,10,pairwise_common_query,farthest_point_kennard_stone,,,,-0.0523111633305827,0.23432883471775084,0.18083638080037456,27.0,
Lake Winnipeg,XGBoost,10,pairwise_common_query,proposed_weighted_d_optimal,,,,0.03364706842590265,0.1560859492727128,0.18935604210066376,27.0,
Lake Winnipeg,XGBoost,10,pairwise_common_query,unweighted_d_optimal,,,,-0.0042135261741303,0.184794112758794,0.1778714879376245,27.0,
Lake Łebsko,MLP,1,pairwise_common_query,farthest_point_kennard_stone,,,,-0.2645080603106008,0.4167796750580591,0.1488886867354585,30.0,
Lake Łebsko,MLP,1,pairwise_common_query,proposed_weighted_d_optimal,,,,0.0188282167007836,0.1430867763109174,0.161260276335584,30.0,
Lake Łebsko,MLP,1,pairwise_common_query,unweighted_d_optimal,,,,-0.2645080603106008,0.4167796750580591,0.1488886867354585,30.0,
Lake Łebsko,MLP,3,pairwise_common_query,farthest_point_kennard_stone,,,,-0.08017977388115495,0.21582234282713353,0.13945666187227485,26.0,
Lake Łebsko,MLP,3,pairwise_common_query,proposed_weighted_d_optimal,,,,-0.0064448779742964,0.1510633116173821,0.14928508697866605,26.0,
Lake Łebsko,MLP,3,pairwise_common_query,unweighted_d_optimal,,,,-0.10233938285720534,0.23583698944571524,0.1368891678821344,26.0,
Lake Łebsko,MLP,5,pairwise_common_query,farthest_point_kennard_stone,,,,0.007809315322061999,0.1177423773680862,0.12421276997434445,23.0,
Lake Łebsko,MLP,5,pairwise_common_query,proposed_weighted_d_optimal,,,,-0.026486694198755448,0.15338612869136603,0.12972285292366525,23.0,
Lake Łebsko,MLP,5,pairwise_common_query,unweighted_d_optimal,,,,-0.033080400089255946,0.15314898285549922,0.12156838056455316,23.0,
Lake Łebsko,MLP,10,pairwise_common_query,farthest_point_kennard_stone,,,,0.01098427647771885,0.09279012051517216,0.11057201643802085,15.0,
Lake Łebsko,MLP,10,pairwise_common_query,proposed_weighted_d_optimal,,,,-0.02784184034754285,0.15669754569875416,0.12546079273623525,15.0,
Lake Łebsko,MLP,10,pairwise_common_query,unweighted_d_optimal,,,,-0.01225368041279685,0.11932978550081065,0.1117840384793525,15.0,
Lake Łebsko,PLSR,1,pairwise_common_query,farthest_point_kennard_stone,,,,-0.0969357627197348,0.2666953837092604,0.1741773729672679,30.0,
Lake Łebsko,PLSR,1,pairwise_common_query,proposed_weighted_d_optimal,,,,0.031616742040858,0.1418880815820596,0.1722972138030008,30.0,
Lake Łebsko,PLSR,1,pairwise_common_query,unweighted_d_optimal,,,,-0.0969357627197348,0.2666953837092604,0.1741773729672679,30.0,
Lake Łebsko,PLSR,3,pairwise_common_query,farthest_point_kennard_stone,,,,-0.06519999894412246,0.2058653031571423,0.14197642825708284,26.0,
Lake Łebsko,PLSR,3,pairwise_common_query,proposed_weighted_d_optimal,,,,0.0035026865402595997,0.13905131522315262,0.14589348739881564,26.0,
Lake Łebsko,PLSR,3,pairwise_common_query,unweighted_d_optimal,,,,-0.044367960410867005,0.18195442494269135,0.1397673990002976,26.0,
Lake Łebsko,PLSR,5,pairwise_common_query,farthest_point_kennard_stone,,,,-0.0117965092772492,0.15106522856073246,0.1450007904097354,23.0,
Lake Łebsko,PLSR,5,pairwise_common_query,proposed_weighted_d_optimal,,,,0.00132347887641655,0.14293469454039776,0.14953365517826656,23.0,
Lake Łebsko,PLSR,5,pairwise_common_query,unweighted_d_optimal,,,,0.01354179658597355,0.13047245033400312,0.14577217248953633,23.0,
Lake Łebsko,PLSR,10,pairwise_common_query,farthest_point_kennard_stone,,,,-0.01092149179020635,0.13396701713546405,0.1261286262848836,15.0,
Lake Łebsko,PLSR,10,pairwise_common_query,proposed_weighted_d_optimal,,,,0.00102467481611615,0.13544133519271556,0.13499145083201813,15.0,
Lake Łebsko,PLSR,10,pairwise_common_query,unweighted_d_optimal,,,,0.0063823328335912005,0.1196936609038175,0.12711110495721625,15.0,
Lake Łebsko,XGBoost,1,pairwise_common_query,farthest_point_kennard_stone,,,,-0.0098078648249308,0.1112919226305946,0.1035641168039302,30.0,
Lake Łebsko,XGBoost,1,pairwise_common_query,proposed_weighted_d_optimal,,,,-0.0335862336222249,0.1339894606668429,0.1024832820692413,30.0,
Lake Łebsko,XGBoost,1,pairwise_common_query,unweighted_d_optimal,,,,-0.0098078648249308,0.1112919226305946,0.1035641168039302,30.0,
Lake Łebsko,XGBoost,3,pairwise_common_query,farthest_point_kennard_stone,,,,-0.0010574441637173,0.09471272854486054,0.09418656711706386,26.0,
Lake Łebsko,XGBoost,3,pairwise_common_query,proposed_weighted_d_optimal,,,,-0.026278635435110248,0.1186766453247061,0.09330514304854626,26.0,
Lake Łebsko,XGBoost,3,pairwise_common_query,unweighted_d_optimal,,,,-0.041767531609625305,0.13324923250776716,0.0916978551633824,26.0,
Lake Łebsko,XGBoost,5,pairwise_common_query,farthest_point_kennard_stone,,,,0.0232527845853665,0.08097579227685939,0.10593546405283545,23.0,
Lake Łebsko,XGBoost,5,pairwise_common_query,proposed_weighted_d_optimal,,,,7.360299364653351e-05,0.10984767355507374,0.11233157739700744,23.0,
Lake Łebsko,XGBoost,5,pairwise_common_query,unweighted_d_optimal,,,,-0.03126219892343775,0.12863909669804297,0.10046132020432891,23.0,
Lake Łebsko,XGBoost,10,pairwise_common_query,farthest_point_kennard_stone,,,,-0.0034840292322863,0.0954465991550308,0.09332773208104886,15.0,
Lake Łebsko,XGBoost,10,pairwise_common_query,proposed_weighted_d_optimal,,,,-0.0175594968999292,0.12195768259336956,0.106335604749808,15.0,
Lake Łebsko,XGBoost,10,pairwise_common_query,unweighted_d_optimal,,,,-0.0017148383534432,0.09230749003845284,0.0970078934723146,15.0,
Mantova,MLP,1,pairwise_common_query,farthest_point_kennard_stone,,,,0.03348527067620475,0.17186645034415815,0.20716527244938135,29.0,
Mantova,MLP,1,pairwise_common_query,proposed_weighted_d_optimal,,,,-0.21341218345798352,0.4112302552112231,0.2018190457249479,29.0,
Mantova,MLP,1,pairwise_common_query,unweighted_d_optimal,,,,0.03348527067620475,0.17186645034415815,0.20716527244938135,29.0,
Mantova,MLP,3,pairwise_common_query,farthest_point_kennard_stone,,,,0.0218023061490877,0.16694381804453795,0.1879529016869642,25.0,
Mantova,MLP,3,pairwise_common_query,proposed_weighted_d_optimal,,,,0.0156571910534511,0.16127748673174425,0.17630719732805245,25.0,
Mantova,MLP,3,pairwise_common_query,unweighted_d_optimal,,,,0.0139041711118752,0.1771427510632447,0.19011364048916052,25.0,
Mantova,MLP,5,pairwise_common_query,farthest_point_kennard_stone,,,,0.02401843464015645,0.17641568651591966,0.20558518626191086,22.0,
Mantova,MLP,5,pairwise_common_query,proposed_weighted_d_optimal,,,,-0.012916469702718099,0.2110056228729305,0.1991141784039671,22.0,
Mantova,MLP,5,pairwise_common_query,unweighted_d_optimal,,,,0.01196646304112585,0.1714806990926359,0.1882568400519658,22.0,
Mantova,MLP,10,pairwise_common_query,farthest_point_kennard_stone,,,,0.01236360645709995,0.16867142357102016,0.1882232167431466,14.0,
Mantova,MLP,10,pairwise_common_query,proposed_weighted_d_optimal,,,,-0.0347025502354514,0.2053311961316879,0.1609480417957717,14.0,
Mantova,MLP,10,pairwise_common_query,unweighted_d_optimal,,,,0.007567231745236901,0.15679060093266944,0.16590230692179342,14.0,
Mantova,PLSR,1,pairwise_common_query,farthest_point_kennard_stone,,,,-0.0067213338302438,0.1822635812529744,0.1803182748523037,29.0,
Mantova,PLSR,1,pairwise_common_query,proposed_weighted_d_optimal,,,,-0.0949153308573864,0.2681143763377367,0.1697252015126041,29.0,
Mantova,PLSR,1,pairwise_common_query,unweighted_d_optimal,,,,-0.0067213338302438,0.1822635812529744,0.1803182748523037,29.0,
Mantova,PLSR,3,pairwise_common_query,farthest_point_kennard_stone,,,,0.01239512851886565,0.15088011501818277,0.1660571608595512,25.0,
Mantova,PLSR,3,pairwise_common_query,proposed_weighted_d_optimal,,,,0.00836948247202575,0.1421253776969884,0.15318327659231196,25.0,
Mantova,PLSR,3,pairwise_common_query,unweighted_d_optimal,,,,0.0103542543183598,0.1515684014628434,0.16414623703576564,25.0,
Mantova,PLSR,5,pairwise_common_query,farthest_point_kennard_stone,,,,0.0272252509258839,0.14744844344189115,0.17731859096363045,22.0,
Mantova,PLSR,5,pairwise_common_query,proposed_weighted_d_optimal,,,,-0.04102567892084215,0.21323142472527223,0.17178255549668653,22.0,
Mantova,PLSR,5,pairwise_common_query,unweighted_d_optimal,,,,0.02320183261091475,0.14912370322442775,0.17467461688555774,22.0,
Mantova,PLSR,10,pairwise_common_query,farthest_point_kennard_stone,,,,0.00104158282650025,0.15964711650757585,0.16861899188889984,14.0,
Mantova,PLSR,10,pairwise_common_query,proposed_weighted_d_optimal,,,,-0.06090405496432055,0.2125230355368959,0.1448000696584549,14.0,
Mantova,PLSR,10,pairwise_common_query,unweighted_d_optimal,,,,0.006302867943151,0.146531764538043,0.1594058583185117,14.0,
Mantova,XGBoost,1,pairwise_common_query,farthest_point_kennard_stone,,,,0.0199467595624513,0.1545631799774064,0.1769035041719328,29.0,
Mantova,XGBoost,1,pairwise_common_query,proposed_weighted_d_optimal,,,,-0.2069147685238815,0.37469563784039545,0.1699113121515933,29.0,
Mantova,XGBoost,1,pairwise_common_query,unweighted_d_optimal,,,,0.0199467595624513,0.1545631799774064,0.1769035041719328,29.0,
Mantova,XGBoost,3,pairwise_common_query,farthest_point_kennard_stone,,,,0.0244806214004391,0.1522356705303175,0.17920641936833598,25.0,
Mantova,XGBoost,3,pairwise_common_query,proposed_weighted_d_optimal,,,,0.0186449901375655,0.1419931025402503,0.16042694650920225,25.0,
Mantova,XGBoost,3,pairwise_common_query,unweighted_d_optimal,,,,0.0219152311681009,0.15848550821460766,0.18045809818706185,25.0,
Mantova,XGBoost,5,pairwise_common_query,farthest_point_kennard_stone,,,,0.031997817399480454,0.1591130953093055,0.19191536125451153,22.0,
Mantova,XGBoost,5,pairwise_common_query,proposed_weighted_d_optimal,,,,-0.0621824144763324,0.2491537930926428,0.1786593760066253,22.0,
Mantova,XGBoost,5,pairwise_common_query,unweighted_d_optimal,,,,0.0142720783970987,0.1661357160835845,0.18288870925226156,22.0,
Mantova,XGBoost,10,pairwise_common_query,farthest_point_kennard_stone,,,,0.0108647004512167,0.1732691871483628,0.1887496019944933,14.0,
Mantova,XGBoost,10,pairwise_common_query,proposed_weighted_d_optimal,,,,-0.10131097893851504,0.26875425389384167,0.15829987607578921,14.0,
Mantova,XGBoost,10,pairwise_common_query,unweighted_d_optimal,,,,0.008999971249821801,0.1529834744193625,0.1646437440193665,14.0,
Morse Reservoir,MLP,1,pairwise_common_query,farthest_point_kennard_stone,,,,-0.138300464816219,0.303520261050189,0.1631202932918669,51.0,
Morse Reservoir,MLP,1,pairwise_common_query,proposed_weighted_d_optimal,,,,0.0178106115460463,0.1518285960849894,0.1707294637701385,51.0,
Morse Reservoir,MLP,1,pairwise_common_query,unweighted_d_optimal,,,,-0.138300464816219,0.303520261050189,0.1631202932918669,51.0,
Morse Reservoir,MLP,3,pairwise_common_query,farthest_point_kennard_stone,,,,-0.02894470131617595,0.17874413936244085,0.14969353155812531,47.0,
Morse Reservoir,MLP,3,pairwise_common_query,proposed_weighted_d_optimal,,,,0.01382481156920165,0.1354228735353349,0.15289192240468746,47.0,
Morse Reservoir,MLP,3,pairwise_common_query,unweighted_d_optimal,,,,-0.00183360499336385,0.15055740903339304,0.15051730594264173,47.0,
Morse Reservoir,MLP,5,pairwise_common_query,farthest_point_kennard_stone,,,,-0.00042245009606940004,0.1030248257258292,0.10381766828026154,43.0,
Morse Reservoir,MLP,5,pairwise_common_query,proposed_weighted_d_optimal,,,,0.0161841305626964,0.09255115124923616,0.10919910353728275,43.0,
Morse Reservoir,MLP,5,pairwise_common_query,unweighted_d_optimal,,,,0.0084340176914403,0.09499272764419944,0.10427248188606786,43.0,
Morse Reservoir,MLP,10,pairwise_common_query,farthest_point_kennard_stone,,,,-0.0056176197937538,0.1008857514225468,0.0952694018937844,35.0,
Morse Reservoir,MLP,10,pairwise_common_query,proposed_weighted_d_optimal,,,,0.009116913636835849,0.09354458834283111,0.10311428202368765,35.0,
Morse Reservoir,MLP,10,pairwise_common_query,unweighted_d_optimal,,,,-0.0031978831589387,0.09779295075573505,0.09619737892400715,35.0,
Morse Reservoir,PLSR,1,pairwise_common_query,farthest_point_kennard_stone,,,,-0.3833572737139692,0.6352556031517504,0.2482700567591451,51.0,
Morse Reservoir,PLSR,1,pairwise_common_query,proposed_weighted_d_optimal,,,,0.0483311130815692,0.21354842360452514,0.2622905393861164,51.0,
Morse Reservoir,PLSR,1,pairwise_common_query,unweighted_d_optimal,,,,-0.3833572737139692,0.6352556031517504,0.2482700567591451,51.0,
Morse Reservoir,PLSR,3,pairwise_common_query,farthest_point_kennard_stone,,,,0.053711912046311844,0.1443590431094888,0.2014333573625883,47.0,
Morse Reservoir,PLSR,3,pairwise_common_query,proposed_weighted_d_optimal,,,,0.00211053790313555,0.20168893675813748,0.20632390959425578,47.0,
Morse Reservoir,PLSR,3,pairwise_common_query,unweighted_d_optimal,,,,0.0911198195448404,0.10417592436995879,0.19733000947088505,47.0,
Morse Reservoir,PLSR,5,pairwise_common_query,farthest_point_kennard_stone,,,,-0.00919894956382145,0.09915181812438395,0.09129454448640885,43.0,
Morse Reservoir,PLSR,5,pairwise_common_query,proposed_weighted_d_optimal,,,,-0.04995728668584795,0.1331555548620349,0.0834070781928402,43.0,
Morse Reservoir,PLSR,5,pairwise_common_query,unweighted_d_optimal,,,,-0.01961329535345295,0.10483350456506264,0.08489022901662616,43.0,
Morse Reservoir,PLSR,10,pairwise_common_query,farthest_point_kennard_stone,,,,0.011504739313367651,0.07752361487140955,0.08894164094723836,34.5,
Morse Reservoir,PLSR,10,pairwise_common_query,proposed_weighted_d_optimal,,,,-0.035310181057859547,0.11011732999403305,0.07163958247846985,35.0,
Morse Reservoir,PLSR,10,pairwise_common_query,unweighted_d_optimal,,,,-0.0049398618969035,0.07686656990058645,0.0726803469473114,35.0,
Morse Reservoir,XGBoost,1,pairwise_common_query,farthest_point_kennard_stone,,,,-0.0,0.10962581305058886,0.1091172115446762,51.0,
Morse Reservoir,XGBoost,1,pairwise_common_query,proposed_weighted_d_optimal,,,,-0.0183695526719461,0.127594711422865,0.1106341894192053,51.0,
Morse Reservoir,XGBoost,1,pairwise_common_query,unweighted_d_optimal,,,,-0.0,0.10962581305058886,0.1091172115446762,51.0,
Morse Reservoir,XGBoost,3,pairwise_common_query,farthest_point_kennard_stone,,,,0.00681948978850175,0.09021027544962351,0.0976626535469233,47.0,
Morse Reservoir,XGBoost,3,pairwise_common_query,proposed_weighted_d_optimal,,,,0.0016116405882999501,0.09253472883310121,0.0952762816716192,47.0,
Morse Reservoir,XGBoost,3,pairwise_common_query,unweighted_d_optimal,,,,0.00440033480403335,0.0930969979140269,0.0981129704004843,47.0,
Morse Reservoir,XGBoost,5,pairwise_common_query,farthest_point_kennard_stone,,,,-0.0335523799088058,0.1209087282247425,0.08770763166449515,43.0,
Morse Reservoir,XGBoost,5,pairwise_common_query,proposed_weighted_d_optimal,,,,0.00651566868289505,0.0833837016175462,0.08963121097667076,43.0,
Morse Reservoir,XGBoost,5,pairwise_common_query,unweighted_d_optimal,,,,0.0101215638042381,0.07748204597831079,0.0868164327038069,43.0,
Morse Reservoir,XGBoost,10,pairwise_common_query,farthest_point_kennard_stone,,,,-0.004375154415935801,0.0870990877714683,0.08386369010822439,35.0,
Morse Reservoir,XGBoost,10,pairwise_common_query,proposed_weighted_d_optimal,,,,0.0093862886477208,0.08056490901675875,0.0904959527005206,35.0,
Morse Reservoir,XGBoost,10,pairwise_common_query,unweighted_d_optimal,,,,0.0053359617642434,0.0800032866556684,0.0853582914736774,35.0,
Taihu,MLP,1,pairwise_common_query,farthest_point_kennard_stone,,,,0.0111633767995711,0.1982094240882595,0.2090802251457311,186.0,
Taihu,MLP,1,pairwise_common_query,proposed_weighted_d_optimal,,,,0.0156539491164652,0.19363640061613985,0.2098471590305212,186.0,
Taihu,MLP,1,pairwise_common_query,unweighted_d_optimal,,,,-0.737558937437305,0.9427219199971136,0.20571931077763267,186.0,
Taihu,MLP,3,pairwise_common_query,farthest_point_kennard_stone,,,,-0.3097311905637694,0.502359311248961,0.19272712175302595,182.0,
Taihu,MLP,3,pairwise_common_query,proposed_weighted_d_optimal,,,,-0.26296219239035057,0.4544543524675211,0.19221815908826878,182.0,
Taihu,MLP,3,pairwise_common_query,unweighted_d_optimal,,,,-0.04715737175137415,0.23911412215810468,0.19205282888923242,182.0,
Taihu,MLP,5,pairwise_common_query,farthest_point_kennard_stone,,,,-0.05120207062469665,0.2306408479447227,0.17925017548512662,178.0,
Taihu,MLP,5,pairwise_common_query,proposed_weighted_d_optimal,,,,-0.10130072140249916,0.28743981397326057,0.18462057637352558,178.0,
Taihu,MLP,5,pairwise_common_query,unweighted_d_optimal,,,,0.024173889799284552,0.16031493437566624,0.1849736933038815,178.0,
Taihu,MLP,10,pairwise_common_query,farthest_point_kennard_stone,,,,-0.00669291634318805,0.1605113643610438,0.15367030477960397,168.0,
Taihu,MLP,10,pairwise_common_query,proposed_weighted_d_optimal,,,,-0.07338086006072495,0.23321585428697406,0.15824011857675152,168.0,
Taihu,MLP,10,pairwise_common_query,unweighted_d_optimal,,,,0.0220995291326348,0.1376081147965394,0.15937586860148062,168.0,
Taihu,PLSR,1,pairwise_common_query,farthest_point_kennard_stone,,,,-0.0367553553414843,0.2857506620392686,0.24925712065705918,186.0,
Taihu,PLSR,1,pairwise_common_query,proposed_weighted_d_optimal,,,,-0.044218163769874405,0.2931677966411883,0.2491969367181206,186.0,
Taihu,PLSR,1,pairwise_common_query,unweighted_d_optimal,,,,-1.370561637325461,1.612110947851018,0.24170535353703626,186.0,
Taihu,PLSR,3,pairwise_common_query,farthest_point_kennard_stone,,,,-0.17767387135815071,0.39496531266117274,0.21699109310831854,182.0,
Taihu,PLSR,3,pairwise_common_query,proposed_weighted_d_optimal,,,,-0.3578850152286877,0.5773865141037876,0.219324303928856,182.0,
Taihu,PLSR,3,pairwise_common_query,unweighted_d_optimal,,,,-0.4605229141661933,0.6740480944720683,0.21312378977000404,182.0,
Taihu,PLSR,5,pairwise_common_query,farthest_point_kennard_stone,,,,0.010756561551556451,0.2371732790102694,0.24818246462134474,178.0,
Taihu,PLSR,5,pairwise_common_query,proposed_weighted_d_optimal,,,,-0.034069911298304945,0.2822560064947489,0.2460990095129977,178.0,
Taihu,PLSR,5,pairwise_common_query,unweighted_d_optimal,,,,-0.1715125394980433,0.41507705837730346,0.243870328487384,178.0,
Taihu,PLSR,10,pairwise_common_query,farthest_point_kennard_stone,,,,0.008587116373982,0.20777133839093195,0.215793292842993,168.0,
Taihu,PLSR,10,pairwise_common_query,proposed_weighted_d_optimal,,,,-0.056810344703729546,0.27326443491963404,0.2185121110483242,168.0,
Taihu,PLSR,10,pairwise_common_query,unweighted_d_optimal,,,,-0.0162788525858634,0.23119020582848476,0.214983221524923,168.0,
Taihu,XGBoost,1,pairwise_common_query,farthest_point_kennard_stone,,,,-0.02496367794605795,0.238903744620619,0.21478751045128597,186.0,
Taihu,XGBoost,1,pairwise_common_query,proposed_weighted_d_optimal,,,,-0.04958895254545895,0.2633777224972418,0.21460961076512905,186.0,
Taihu,XGBoost,1,pairwise_common_query,unweighted_d_optimal,,,,0.02814253336000405,0.1860461538621651,0.21467435860645054,186.0,
Taihu,XGBoost,3,pairwise_common_query,farthest_point_kennard_stone,,,,0.001621119852541,0.17996523384164376,0.18263074434433924,182.0,
Taihu,XGBoost,3,pairwise_common_query,proposed_weighted_d_optimal,,,,-0.3072186132920922,0.486430462424232,0.17806330868400855,182.0,
Taihu,XGBoost,3,pairwise_common_query,unweighted_d_optimal,,,,-0.0228175954108406,0.20645254020891454,0.1836580633857224,182.0,
Taihu,XGBoost,5,pairwise_common_query,farthest_point_kennard_stone,,,,0.028947662756897398,0.16994155233462344,0.19960294323227362,178.0,
Taihu,XGBoost,5,pairwise_common_query,proposed_weighted_d_optimal,,,,-0.0885467726875221,0.28308260777853633,0.1947410797600297,178.0,
Taihu,XGBoost,5,pairwise_common_query,unweighted_d_optimal,,,,0.0285319257796458,0.16990686828211854,0.19959020361305416,178.0,
Taihu,XGBoost,10,pairwise_common_query,farthest_point_kennard_stone,,,,-0.03206665065788915,0.21988592201785195,0.18850700475490406,168.0,
Taihu,XGBoost,10,pairwise_common_query,proposed_weighted_d_optimal,,,,-0.07479592958270555,0.2683809908851432,0.19385398749990124,168.0,
Taihu,XGBoost,10,pairwise_common_query,unweighted_d_optimal,,,,-0.01557709895906435,0.20555697696112907,0.19067956664778354,168.0,
Branched Oak Lake,MLP,1,fourway_common_query,farthest_point_kennard_stone,,,,-0.0523532961563422,0.1371970467932887,0.08422043952685901,36.0,100.0
Branched Oak Lake,MLP,1,fourway_common_query,proposed_weighted_d_optimal,,,,-0.0242595618280367,0.1082021507098326,0.08422043952685901,36.0,100.0
Branched Oak Lake,MLP,1,fourway_common_query,unweighted_d_optimal,,,,-0.23370528592539813,0.3177799989994119,0.08422043952685901,36.0,100.0
Branched Oak Lake,MLP,3,fourway_common_query,farthest_point_kennard_stone,,,,0.0082011209362403,0.0674547278090238,0.0761132993910605,29.0,100.0
Branched Oak Lake,MLP,3,fourway_common_query,proposed_weighted_d_optimal,,,,-0.0043216973853501504,0.0795198111346536,0.0761132993910605,29.0,100.0
Branched Oak Lake,MLP,3,fourway_common_query,unweighted_d_optimal,,,,-0.01706303701489465,0.09279440891957144,0.0761132993910605,29.0,100.0
Branched Oak Lake,MLP,5,fourway_common_query,farthest_point_kennard_stone,,,,-0.0218567701377117,0.092009043908402,0.0704480562662311,24.0,100.0
Branched Oak Lake,MLP,5,fourway_common_query,proposed_weighted_d_optimal,,,,-0.01655127022894435,0.08632967847460404,0.0704480562662311,24.0,100.0
Branched Oak Lake,MLP,5,fourway_common_query,unweighted_d_optimal,,,,-0.006131975991797,0.076727203160424,0.0704480562662311,24.0,100.0
Branched Oak Lake,MLP,10,fourway_common_query,farthest_point_kennard_stone,,,,0.0038119291233116998,0.056633972281871,0.0602228825497438,14.0,100.0
Branched Oak Lake,MLP,10,fourway_common_query,proposed_weighted_d_optimal,,,,-0.000510838945416,0.0605871134634194,0.0602228825497438,14.0,100.0
Branched Oak Lake,MLP,10,fourway_common_query,unweighted_d_optimal,,,,-0.0023508120145116,0.062482204288153695,0.0602228825497438,14.0,100.0
Branched Oak Lake,PLSR,1,fourway_common_query,farthest_point_kennard_stone,,,,-0.1294989205685192,0.24077826822503484,0.1095025360140894,36.0,100.0
Branched Oak Lake,PLSR,1,fourway_common_query,proposed_weighted_d_optimal,,,,-0.0227768003471206,0.1334640152337983,0.1095025360140894,36.0,100.0
Branched Oak Lake,PLSR,1,fourway_common_query,unweighted_d_optimal,,,,-0.3831142696130369,0.4942843091065428,0.1095025360140894,36.0,100.0
Branched Oak Lake,PLSR,3,fourway_common_query,farthest_point_kennard_stone,,,,0.0033932664267574,0.09001786494389269,0.09313383493277144,29.5,100.0
Branched Oak Lake,PLSR,3,fourway_common_query,proposed_weighted_d_optimal,,,,-0.0092661765318897,0.10325435631280835,0.09313383493277144,29.5,100.0
Branched Oak Lake,PLSR,3,fourway_common_query,unweighted_d_optimal,,,,0.00313535074770205,0.0902785789852695,0.09313383493277144,29.5,100.0
Branched Oak Lake,PLSR,5,fourway_common_query,farthest_point_kennard_stone,,,,-0.059499497476350555,0.15924876750663786,0.09833303882058486,25.0,100.0
Branched Oak Lake,PLSR,5,fourway_common_query,proposed_weighted_d_optimal,,,,-0.024504110556667902,0.1233058474266656,0.09833303882058486,25.0,100.0
Branched Oak Lake,PLSR,5,fourway_common_query,unweighted_d_optimal,,,,-0.02248597860956375,0.1204656549833137,0.09833303882058486,25.0,100.0
Branched Oak Lake,PLSR,10,fourway_common_query,farthest_point_kennard_stone,,,,0.00376076059051335,0.06415544007727944,0.0682245128923139,14.0,100.0
Branched Oak Lake,PLSR,10,fourway_common_query,proposed_weighted_d_optimal,,,,0.00757504917166525,0.06013107051067815,0.0682245128923139,14.0,100.0
Branched Oak Lake,PLSR,10,fourway_common_query,unweighted_d_optimal,,,,0.0027188275728942998,0.0648061188235481,0.0682245128923139,14.0,100.0
Branched Oak Lake,XGBoost,1,fourway_common_query,farthest_point_kennard_stone,,,,0.0171950972063477,0.0753544926251877,0.0929221576784901,36.0,100.0
Branched Oak Lake,XGBoost,1,fourway_common_query,proposed_weighted_d_optimal,,,,-0.0636743196663527,0.1560554829402312,0.0929221576784901,36.0,100.0
Branched Oak Lake,XGBoost,1,fourway_common_query,unweighted_d_optimal,,,,-0.2879707653719924,0.3803519253345018,0.0929221576784901,36.0,100.0
Branched Oak Lake,XGBoost,3,fourway_common_query,farthest_point_kennard_stone,,,,-0.013771016812283151,0.08964662615322899,0.07668268786206184,29.0,100.0
Branched Oak Lake,XGBoost,3,fourway_common_query,proposed_weighted_d_optimal,,,,0.0063416035849569,0.06868299595085631,0.07668268786206184,29.0,100.0
Branched Oak Lake,XGBoost,3,fourway_common_query,unweighted_d_optimal,,,,-0.00247105699840575,0.07797400728318399,0.07668268786206184,29.0,100.0
Branched Oak Lake,XGBoost,5,fourway_common_query,farthest_point_kennard_stone,,,,-0.052648923040942,0.14176455156904777,0.08650749549458295,24.0,100.0
Branched Oak Lake,XGBoost,5,fourway_common_query,proposed_weighted_d_optimal,,,,0.00937191545435775,0.0767086995734909,0.08650749549458295,24.0,100.0
Branched Oak Lake,XGBoost,5,fourway_common_query,unweighted_d_optimal,,,,0.0037878818301865,0.08295878490735384,0.08650749549458295,24.0,100.0
Branched Oak Lake,XGBoost,10,fourway_common_query,farthest_point_kennard_stone,,,,0.00307468292392945,0.0837849927657439,0.0885020126769257,14.0,100.0
Branched Oak Lake,XGBoost,10,fourway_common_query,proposed_weighted_d_optimal,,,,0.003294005049452,0.08376172046567665,0.0885020126769257,14.0,100.0
Branched Oak Lake,XGBoost,10,fourway_common_query,unweighted_d_optimal,,,,0.0016844037391145002,0.086037341194069,0.0885020126769257,14.0,100.0
Chaohu,MLP,1,fourway_common_query,farthest_point_kennard_stone,,,,-0.1557202535329226,0.3731118672720242,0.2101490601553315,17.0,100.0
Chaohu,MLP,1,fourway_common_query,proposed_weighted_d_optimal,,,,-0.1316410985656407,0.3490327123047424,0.2101490601553315,17.0,100.0
Chaohu,MLP,1,fourway_common_query,unweighted_d_optimal,,,,-0.0733933198041983,0.2731220188364422,0.2101490601553315,17.0,100.0
Chaohu,MLP,3,fourway_common_query,farthest_point_kennard_stone,,,,0.0266569056380182,0.1253684592179809,0.15485377037939396,14.0,100.0
Chaohu,MLP,3,fourway_common_query,proposed_weighted_d_optimal,,,,-0.1674389155407525,0.3248636157047682,0.15485377037939396,14.0,100.0
Chaohu,MLP,3,fourway_common_query,unweighted_d_optimal,,,,0.0266569056380182,0.1253684592179809,0.15485377037939396,14.0,100.0
Chaohu,MLP,5,fourway_common_query,farthest_point_kennard_stone,,,,-0.0237396322242061,0.1936913675972159,0.17105524120420845,10.0,100.0
Chaohu,MLP,5,fourway_common_query,proposed_weighted_d_optimal,,,,-0.05095187844372105,0.22326212338778645,0.17105524120420845,10.0,100.0
Chaohu,MLP,5,fourway_common_query,unweighted_d_optimal,,,,-0.0147365012489057,0.18515828601136508,0.17105524120420845,10.0,100.0
Chaohu,MLP,10,fourway_common_query,farthest_point_kennard_stone,,,,0.0277726476923332,0.1977044395942009,0.2164634805071455,5.0,9.0
Chaohu,MLP,10,fourway_common_query,proposed_weighted_d_optimal,,,,0.0265680896576511,0.1962058008128572,0.2164634805071455,5.0,9.0
Chaohu,MLP,10,fourway_common_query,unweighted_d_optimal,,,,0.0215683663664572,0.1985881116949315,0.2164634805071455,5.0,9.0
Chaohu,PLSR,1,fourway_common_query,farthest_point_kennard_stone,,,,0.0049266543267904,0.2107078820063536,0.2273253098666653,17.0,100.0
Chaohu,PLSR,1,fourway_common_query,proposed_weighted_d_optimal,,,,-0.0773633806234065,0.2936013705588371,0.2273253098666653,17.0,100.0
Chaohu,PLSR,1,fourway_common_query,unweighted_d_optimal,,,,0.0561401223950492,0.1692904343885348,0.2273253098666653,17.0,100.0
Chaohu,PLSR,3,fourway_common_query,farthest_point_kennard_stone,,,,0.012633615048270451,0.1783352238229526,0.1943849911390652,14.0,100.0
Chaohu,PLSR,3,fourway_common_query,proposed_weighted_d_optimal,,,,-0.05105201366651185,0.24327440544258225,0.1943849911390652,14.0,100.0
Chaohu,PLSR,3,fourway_common_query,unweighted_d_optimal,,,,0.012633615048270451,0.1783352238229526,0.1943849911390652,14.0,100.0
Chaohu,PLSR,5,fourway_common_query,farthest_point_kennard_stone,,,,0.008702380537494451,0.17946364020781075,0.1794648420394884,10.0,100.0
Chaohu,PLSR,5,fourway_common_query,proposed_weighted_d_optimal,,,,-0.060912577382260455,0.2505526247509849,0.1794648420394884,10.0,100.0
Chaohu,PLSR,5,fourway_common_query,unweighted_d_optimal,,,,-0.021172515473368847,0.21252620115738668,0.1794648420394884,10.0,100.0
Chaohu,PLSR,10,fourway_common_query,farthest_point_kennard_stone,,,,0.0202359274432124,0.2188939176160172,0.2192126480505348,5.0,7.0
Chaohu,PLSR,10,fourway_common_query,proposed_weighted_d_optimal,,,,0.0063138505963045,0.2178421552587946,0.2192126480505348,5.0,7.0
Chaohu,PLSR,10,fourway_common_query,unweighted_d_optimal,,,,-0.0011756069348907,0.2229219031575955,0.2192126480505348,5.0,7.0
Chaohu,XGBoost,1,fourway_common_query,farthest_point_kennard_stone,,,,-0.1322178336482745,0.32695027620937345,0.202495944603452,17.0,100.0
Chaohu,XGBoost,1,fourway_common_query,proposed_weighted_d_optimal,,,,-0.2077899106140554,0.4025223461628431,0.202495944603452,17.0,100.0
Chaohu,XGBoost,1,fourway_common_query,unweighted_d_optimal,,,,0.0390508818245157,0.1604928690052426,0.202495944603452,17.0,100.0
Chaohu,XGBoost,3,fourway_common_query,farthest_point_kennard_stone,,,,0.02124651104966615,0.16441932105726625,0.188428813081859,14.0,100.0
Chaohu,XGBoost,3,fourway_common_query,proposed_weighted_d_optimal,,,,-0.11295520687374624,0.29804369836135985,0.188428813081859,14.0,100.0
Chaohu,XGBoost,3,fourway_common_query,unweighted_d_optimal,,,,0.02124651104966615,0.16441932105726625,0.188428813081859,14.0,100.0
Chaohu,XGBoost,5,fourway_common_query,farthest_point_kennard_stone,,,,0.013128250733535449,0.17128612755960176,0.18751682597869157,10.0,100.0
Chaohu,XGBoost,5,fourway_common_query,proposed_weighted_d_optimal,,,,-0.03176313490934255,0.21927601892991117,0.18751682597869157,10.0,100.0
Chaohu,XGBoost,5,fourway_common_query,unweighted_d_optimal,,,,0.004494869353822701,0.18439925505915364,0.18751682597869157,10.0,100.0
Chaohu,XGBoost,10,fourway_common_query,farthest_point_kennard_stone,,,,0.0042560938217222,0.1887775250184148,0.1998200349820268,5.0,8.0
Chaohu,XGBoost,10,fourway_common_query,proposed_weighted_d_optimal,,,,0.0122821634337327,0.1800934189750967,0.1998200349820268,5.0,8.0
Chaohu,XGBoost,10,fourway_common_query,unweighted_d_optimal,,,,0.005617501070688501,0.1874161177694485,0.1998200349820268,5.0,8.0
Dianchi,MLP,1,fourway_common_query,farthest_point_kennard_stone,,,,-0.0148783553584829,0.3026339764286849,0.2871812250813601,60.0,100.0
Dianchi,MLP,1,fourway_common_query,proposed_weighted_d_optimal,,,,0.0223726890080129,0.2642051297165825,0.2871812250813601,60.0,100.0
Dianchi,MLP,1,fourway_common_query,unweighted_d_optimal,,,,-2.8632761712660746,3.152197804247768,0.2871812250813601,60.0,100.0
Dianchi,MLP,3,fourway_common_query,farthest_point_kennard_stone,,,,-0.11175210923693926,0.36145596158415016,0.2488783649198602,53.0,100.0
Dianchi,MLP,3,fourway_common_query,proposed_weighted_d_optimal,,,,0.06645602029542275,0.18099815939689895,0.2488783649198602,53.0,100.0
Dianchi,MLP,3,fourway_common_query,unweighted_d_optimal,,,,0.15092833600831823,0.0973555389471706,0.2488783649198602,53.0,100.0
Dianchi,MLP,5,fourway_common_query,farthest_point_kennard_stone,,,,0.0125684527862633,0.14677795735065852,0.1594455198294606,47.0,100.0
Dianchi,MLP,5,fourway_common_query,proposed_weighted_d_optimal,,,,0.02886650066307815,0.12961778396076273,0.1594455198294606,47.0,100.0
Dianchi,MLP,5,fourway_common_query,unweighted_d_optimal,,,,0.026187317897439902,0.13344063683747354,0.1594455198294606,47.0,100.0
Dianchi,MLP,10,fourway_common_query,farthest_point_kennard_stone,,,,-0.01007040475618555,0.12475186157585486,0.1123478139361843,35.0,100.0
Dianchi,MLP,10,fourway_common_query,proposed_weighted_d_optimal,,,,0.008513160955392,0.1070375626209712,0.1123478139361843,35.0,100.0
Dianchi,MLP,10,fourway_common_query,unweighted_d_optimal,,,,-0.02695459027480145,0.14501157786149899,0.1123478139361843,35.0,100.0
Dianchi,PLSR,1,fourway_common_query,farthest_point_kennard_stone,,,,-0.137590113527221,0.394815762874192,0.2555434374620738,60.0,100.0
Dianchi,PLSR,1,fourway_common_query,proposed_weighted_d_optimal,,,,0.027162075563507,0.2276098196487691,0.2555434374620738,60.0,100.0
Dianchi,PLSR,1,fourway_common_query,unweighted_d_optimal,,,,-2.1199267755654114,2.374223509718824,0.2555434374620738,60.0,100.0
Dianchi,PLSR,3,fourway_common_query,farthest_point_kennard_stone,,,,-0.02806587041925665,0.24279200262324774,0.2117902327797632,53.0,100.0
Dianchi,PLSR,3,fourway_common_query,proposed_weighted_d_optimal,,,,0.0153248834511731,0.1992478619741072,0.2117902327797632,53.0,100.0
Dianchi,PLSR,3,fourway_common_query,unweighted_d_optimal,,,,0.09770974367106065,0.11684248276284664,0.2117902327797632,53.0,100.0
Dianchi,PLSR,5,fourway_common_query,farthest_point_kennard_stone,,,,0.0345384547917055,0.14852865523368824,0.17973784872100734,47.0,100.0
Dianchi,PLSR,5,fourway_common_query,proposed_weighted_d_optimal,,,,-0.00259703121954645,0.1841034811758085,0.17973784872100734,47.0,100.0
Dianchi,PLSR,5,fourway_common_query,unweighted_d_optimal,,,,0.0300455785922993,0.1521118852135655,0.17973784872100734,47.0,100.0
Dianchi,PLSR,10,fourway_common_query,farthest_point_kennard_stone,,,,0.03808250305065685,0.1370795435797849,0.17694849686400435,35.0,100.0
Dianchi,PLSR,10,fourway_common_query,proposed_weighted_d_optimal,,,,0.0039652495342232,0.1712625829617867,0.17694849686400435,35.0,100.0
Dianchi,PLSR,10,fourway_common_query,unweighted_d_optimal,,,,0.026087521506747,0.14895358234911854,0.17694849686400435,35.0,100.0
Dianchi,XGBoost,1,fourway_common_query,farthest_point_kennard_stone,,,,0.0012938168270258,0.2543897115457012,0.25675124701366203,60.0,100.0
Dianchi,XGBoost,1,fourway_common_query,proposed_weighted_d_optimal,,,,0.03557025040408365,0.221162876098371,0.25675124701366203,60.0,100.0
Dianchi,XGBoost,1,fourway_common_query,unweighted_d_optimal,,,,-0.3522262286919347,0.608917640721937,0.25675124701366203,60.0,100.0
Dianchi,XGBoost,3,fourway_common_query,farthest_point_kennard_stone,,,,-0.1774828513176468,0.3896561160793566,0.21122314313862384,53.0,100.0
Dianchi,XGBoost,3,fourway_common_query,proposed_weighted_d_optimal,,,,0.0611038312633089,0.14833586957003436,0.21122314313862384,53.0,100.0
Dianchi,XGBoost,3,fourway_common_query,unweighted_d_optimal,,,,0.0511293459655109,0.15808694859001995,0.21122314313862384,53.0,100.0
Dianchi,XGBoost,5,fourway_common_query,farthest_point_kennard_stone,,,,0.0189358069164193,0.17711331881149564,0.19570243927706696,47.0,100.0
Dianchi,XGBoost,5,fourway_common_query,proposed_weighted_d_optimal,,,,0.0014469519286587,0.19854851959299155,0.19570243927706696,47.0,100.0
Dianchi,XGBoost,5,fourway_common_query,unweighted_d_optimal,,,,0.037214070400215904,0.16108379131256004,0.19570243927706696,47.0,100.0
Dianchi,XGBoost,10,fourway_common_query,farthest_point_kennard_stone,,,,-0.0074138398970429,0.1491651381849114,0.14213736450379494,36.0,100.0
Dianchi,XGBoost,10,fourway_common_query,proposed_weighted_d_optimal,,,,0.00255575269666525,0.14181503314288546,0.14213736450379494,36.0,100.0
Dianchi,XGBoost,10,fourway_common_query,unweighted_d_optimal,,,,0.0214058974699246,0.12032847338456976,0.14213736450379494,36.0,100.0
Eagle Creek Reservoir,MLP,1,fourway_common_query,farthest_point_kennard_stone,,,,-0.1387135850366808,0.2841904528937679,0.1441704093880497,75.0,100.0
Eagle Creek Reservoir,MLP,1,fourway_common_query,proposed_weighted_d_optimal,,,,0.0328279374491309,0.1116327960030674,0.1441704093880497,75.0,100.0
Eagle Creek Reservoir,MLP,1,fourway_common_query,unweighted_d_optimal,,,,-0.1387135850366808,0.2841904528937679,0.1441704093880497,75.0,100.0
Eagle Creek Reservoir,MLP,3,fourway_common_query,farthest_point_kennard_stone,,,,0.01533661615631505,0.1038055642724033,0.12051494583525149,68.0,100.0
Eagle Creek Reservoir,MLP,3,fourway_common_query,proposed_weighted_d_optimal,,,,-0.01784177222300055,0.13732160330812881,0.12051494583525149,68.0,100.0
Eagle Creek Reservoir,MLP,3,fourway_common_query,unweighted_d_optimal,,,,-0.03499660625776975,0.15401883609936673,0.12051494583525149,68.0,100.0
Eagle Creek Reservoir,MLP,5,fourway_common_query,farthest_point_kennard_stone,,,,-0.0326243203851464,0.15783404571259602,0.1256644275102904,64.5,100.0
Eagle Creek Reservoir,MLP,5,fourway_common_query,proposed_weighted_d_optimal,,,,0.011256276580381398,0.11313154468926945,0.1256644275102904,64.5,100.0
Eagle Creek Reservoir,MLP,5,fourway_common_query,unweighted_d_optimal,,,,-0.00285620858287075,0.1275803553049693,0.1256644275102904,64.5,100.0
Eagle Creek Reservoir,MLP,10,fourway_common_query,farthest_point_kennard_stone,,,,-0.016451259815178948,0.13656078305802366,0.12059092511318055,49.0,100.0
Eagle Creek Reservoir,MLP,10,fourway_common_query,proposed_weighted_d_optimal,,,,0.0030183877297209998,0.11757892660449915,0.12059092511318055,49.0,100.0
Eagle Creek Reservoir,MLP,10,fourway_common_query,unweighted_d_optimal,,,,0.00104476405190105,0.1188899130755402,0.12059092511318055,49.0,100.0
Eagle Creek Reservoir,PLSR,1,fourway_common_query,farthest_point_kennard_stone,,,,-0.3436711411359275,0.5281784306934847,0.18418826067409974,75.0,100.0
Eagle Creek Reservoir,PLSR,1,fourway_common_query,proposed_weighted_d_optimal,,,,0.0312906805756621,0.15219108097310485,0.18418826067409974,75.0,100.0
Eagle Creek Reservoir,PLSR,1,fourway_common_query,unweighted_d_optimal,,,,-0.3436711411359275,0.5281784306934847,0.18418826067409974,75.0,100.0
Eagle Creek Reservoir,PLSR,3,fourway_common_query,farthest_point_kennard_stone,,,,0.00212715957256685,0.15756156924807085,0.158133266842795,68.0,100.0
Eagle Creek Reservoir,PLSR,3,fourway_common_query,proposed_weighted_d_optimal,,,,-0.0401431169565542,0.199160009228289,0.158133266842795,68.0,100.0
Eagle Creek Reservoir,PLSR,3,fourway_common_query,unweighted_d_optimal,,,,0.0133549736533848,0.14698540375580965,0.158133266842795,68.0,100.0
Eagle Creek Reservoir,PLSR,5,fourway_common_query,farthest_point_kennard_stone,,,,-0.0410518405588954,0.18503529527632476,0.1454709489568076,65.0,100.0
Eagle Creek Reservoir,PLSR,5,fourway_common_query,proposed_weighted_d_optimal,,,,0.03056233285563855,0.11410079353828126,0.1454709489568076,65.0,100.0
Eagle Creek Reservoir,PLSR,5,fourway_common_query,unweighted_d_optimal,,,,-0.023833676703086802,0.16741214170815905,0.1454709489568076,65.0,100.0
Eagle Creek Reservoir,PLSR,10,fourway_common_query,farthest_point_kennard_stone,,,,-0.02988275266524655,0.15689417941861994,0.12732672056085692,48.0,100.0
Eagle Creek Reservoir,PLSR,10,fourway_common_query,proposed_weighted_d_optimal,,,,0.00661997087557915,0.1190163067702896,0.12732672056085692,48.0,100.0
Eagle Creek Reservoir,PLSR,10,fourway_common_query,unweighted_d_optimal,,,,-0.00624709374959255,0.13207498749724333,0.12732672056085692,48.0,100.0
Eagle Creek Reservoir,XGBoost,1,fourway_common_query,farthest_point_kennard_stone,,,,-0.0050592868273133,0.17596293865176232,0.17172834713608814,75.0,100.0
Eagle Creek Reservoir,XGBoost,1,fourway_common_query,proposed_weighted_d_optimal,,,,0.025843995785899652,0.1457694843074115,0.17172834713608814,75.0,100.0
Eagle Creek Reservoir,XGBoost,1,fourway_common_query,unweighted_d_optimal,,,,-0.0050592868273133,0.17596293865176232,0.17172834713608814,75.0,100.0
Eagle Creek Reservoir,XGBoost,3,fourway_common_query,farthest_point_kennard_stone,,,,0.01482207122108775,0.1427427539182041,0.15785948928891344,68.0,100.0
Eagle Creek Reservoir,XGBoost,3,fourway_common_query,proposed_weighted_d_optimal,,,,-0.017756392294176103,0.1750114372948541,0.15785948928891344,68.0,100.0
Eagle Creek Reservoir,XGBoost,3,fourway_common_query,unweighted_d_optimal,,,,0.0122521564098889,0.1455332822408154,0.15785948928891344,68.0,100.0
Eagle Creek Reservoir,XGBoost,5,fourway_common_query,farthest_point_kennard_stone,,,,-0.03639806747244375,0.19488882446881614,0.1595622257488158,64.5,100.0
Eagle Creek Reservoir,XGBoost,5,fourway_common_query,proposed_weighted_d_optimal,,,,-0.0010240797391512,0.16003763958249567,0.1595622257488158,64.5,100.0
Eagle Creek Reservoir,XGBoost,5,fourway_common_query,unweighted_d_optimal,,,,-0.020238607572840753,0.17879182202393035,0.1595622257488158,64.5,100.0
Eagle Creek Reservoir,XGBoost,10,fourway_common_query,farthest_point_kennard_stone,,,,-0.00093496327912655,0.1452534548104467,0.14601492062502966,49.0,100.0
Eagle Creek Reservoir,XGBoost,10,fourway_common_query,proposed_weighted_d_optimal,,,,-0.0004704267682441,0.1446572954102919,0.14601492062502966,49.0,100.0
Eagle Creek Reservoir,XGBoost,10,fourway_common_query,unweighted_d_optimal,,,,0.004645504386953,0.14005120101282725,0.14601492062502966,49.0,100.0
Erhai,MLP,1,fourway_common_query,farthest_point_kennard_stone,,,,-0.0535421651975899,0.23285049488356804,0.1795681950047534,33.0,100.0
Erhai,MLP,1,fourway_common_query,proposed_weighted_d_optimal,,,,0.00347145205309925,0.1788067416169766,0.1795681950047534,33.0,100.0
Erhai,MLP,1,fourway_common_query,unweighted_d_optimal,,,,-0.0017989720179454,0.1839983231152891,0.1795681950047534,33.0,100.0
Erhai,MLP,3,fourway_common_query,farthest_point_kennard_stone,,,,0.0052845130089451,0.1336387734927975,0.1424673797384568,27.5,100.0
Erhai,MLP,3,fourway_common_query,proposed_weighted_d_optimal,,,,0.0105848392571008,0.12958711518026605,0.1424673797384568,27.5,100.0
Erhai,MLP,3,fourway_common_query,unweighted_d_optimal,,,,0.01257527645679205,0.12676647271606628,0.1424673797384568,27.5,100.0
Erhai,MLP,5,fourway_common_query,farthest_point_kennard_stone,,,,0.022478023651167252,0.10082666352345765,0.1262467969741756,23.0,100.0
Erhai,MLP,5,fourway_common_query,proposed_weighted_d_optimal,,,,0.00937724358722455,0.11398536028408729,0.1262467969741756,23.0,100.0
Erhai,MLP,5,fourway_common_query,unweighted_d_optimal,,,,0.01899159715927015,0.1053498655073245,0.1262467969741756,23.0,100.0
Erhai,MLP,10,fourway_common_query,farthest_point_kennard_stone,,,,0.0186278239185531,0.06679682850589895,0.08525095239105145,13.0,100.0
Erhai,MLP,10,fourway_common_query,proposed_weighted_d_optimal,,,,-0.01762885518695035,0.10519408070601315,0.08525095239105145,13.0,100.0
Erhai,MLP,10,fourway_common_query,unweighted_d_optimal,,,,-0.04393055271419945,0.12979822557451542,0.08525095239105145,13.0,100.0
Erhai,PLSR,1,fourway_common_query,farthest_point_kennard_stone,,,,0.0058572346801181,0.09856228281257,0.1041467171898787,33.0,100.0
Erhai,PLSR,1,fourway_common_query,proposed_weighted_d_optimal,,,,-0.0055572962291992,0.1102108748622962,0.1041467171898787,33.0,100.0
Erhai,PLSR,1,fourway_common_query,unweighted_d_optimal,,,,0.0063785012631461,0.0980410162295419,0.1041467171898787,33.0,100.0
Erhai,PLSR,3,fourway_common_query,farthest_point_kennard_stone,,,,0.007508605701083301,0.09600989646154351,0.1044212311190616,27.0,100.0
Erhai,PLSR,3,fourway_common_query,proposed_weighted_d_optimal,,,,0.0082591074167676,0.09523725876019021,0.1044212311190616,27.0,100.0
Erhai,PLSR,3,fourway_common_query,unweighted_d_optimal,,,,-0.004873212686409251,0.1086603858907593,0.1044212311190616,27.0,100.0
Erhai,PLSR,5,fourway_common_query,farthest_point_kennard_stone,,,,0.0126731849224293,0.1078069175252385,0.12327188818375935,22.0,100.0
Erhai,PLSR,5,fourway_common_query,proposed_weighted_d_optimal,,,,0.01517855936832005,0.10630999084358456,0.12327188818375935,22.0,100.0
Erhai,PLSR,5,fourway_common_query,unweighted_d_optimal,,,,0.01271354138633595,0.11027098152413575,0.12327188818375935,22.0,100.0
Erhai,PLSR,10,fourway_common_query,farthest_point_kennard_stone,,,,0.00939450759778895,0.06955223371681196,0.0798007049399311,13.0,100.0
Erhai,PLSR,10,fourway_common_query,proposed_weighted_d_optimal,,,,-0.022411695571128,0.10370621889115805,0.0798007049399311,13.0,100.0
Erhai,PLSR,10,fourway_common_query,unweighted_d_optimal,,,,-0.04552345566480865,0.12575645955187448,0.0798007049399311,13.0,100.0
Erhai,XGBoost,1,fourway_common_query,farthest_point_kennard_stone,,,,0.0100951918309639,0.10514019974094704,0.1152343639802755,33.0,100.0
Erhai,XGBoost,1,fourway_common_query,proposed_weighted_d_optimal,,,,-0.014173481743971,0.1299097695506087,0.1152343639802755,33.0,100.0
Erhai,XGBoost,1,fourway_common_query,unweighted_d_optimal,,,,-0.0262408309973448,0.1421018701239459,0.1152343639802755,33.0,100.0
Erhai,XGBoost,3,fourway_common_query,farthest_point_kennard_stone,,,,0.0018726068514364,0.11628352741635001,0.1185889983704003,27.0,100.0
Erhai,XGBoost,3,fourway_common_query,proposed_weighted_d_optimal,,,,0.0082540873251493,0.1100683890056097,0.1185889983704003,27.0,100.0
Erhai,XGBoost,3,fourway_common_query,unweighted_d_optimal,,,,-0.0131235054280994,0.13035107111208083,0.1185889983704003,27.0,100.0
Erhai,XGBoost,5,fourway_common_query,farthest_point_kennard_stone,,,,0.009835982978178101,0.1211442810544638,0.13393095659073076,23.0,100.0
Erhai,XGBoost,5,fourway_common_query,proposed_weighted_d_optimal,,,,0.00354670304967415,0.12680845856668735,0.13393095659073076,23.0,100.0
Erhai,XGBoost,5,fourway_common_query,unweighted_d_optimal,,,,-0.006787491650051,0.13767405402992555,0.13393095659073076,23.0,100.0
Erhai,XGBoost,10,fourway_common_query,farthest_point_kennard_stone,,,,0.0042006787517913004,0.0885392785732739,0.09298867857353921,13.0,100.0
Erhai,XGBoost,10,fourway_common_query,proposed_weighted_d_optimal,,,,-0.012697754273567199,0.10999743330280495,0.09298867857353921,13.0,100.0
Erhai,XGBoost,10,fourway_common_query,unweighted_d_optimal,,,,-0.045919807292352496,0.1437917896775704,0.09298867857353921,13.0,100.0
Garda,MLP,1,fourway_common_query,farthest_point_kennard_stone,,,,0.0344073330345233,0.2505250379572079,0.290435348187814,33.0,100.0
Garda,MLP,1,fourway_common_query,proposed_weighted_d_optimal,,,,-0.02159537186057335,0.3141363443997367,0.290435348187814,33.0,100.0
Garda,MLP,1,fourway_common_query,unweighted_d_optimal,,,,-0.14038290414239535,0.4337180860200072,0.290435348187814,33.0,100.0
Garda,MLP,3,fourway_common_query,farthest_point_kennard_stone,,,,0.011410364554579451,0.24814454036249745,0.2631358779755536,27.0,100.0
Garda,MLP,3,fourway_common_query,proposed_weighted_d_optimal,,,,0.0184125166806457,0.24050155054806274,0.2631358779755536,27.0,100.0
Garda,MLP,3,fourway_common_query,unweighted_d_optimal,,,,0.01312862072632245,0.2507040503711469,0.2631358779755536,27.0,100.0
Garda,MLP,5,fourway_common_query,farthest_point_kennard_stone,,,,-0.0203872669698345,0.3261473506596013,0.31262469095415313,22.0,100.0
Garda,MLP,5,fourway_common_query,proposed_weighted_d_optimal,,,,0.010665057798134151,0.29184127633209406,0.31262469095415313,22.0,100.0
Garda,MLP,5,fourway_common_query,unweighted_d_optimal,,,,0.00835640909088555,0.2969336482637728,0.31262469095415313,22.0,100.0
Garda,MLP,10,fourway_common_query,farthest_point_kennard_stone,,,,0.0183356773498621,0.23487256342639,0.2582430905524229,12.0,100.0
Garda,MLP,10,fourway_common_query,proposed_weighted_d_optimal,,,,-0.02676133184255005,0.28292835822560436,0.2582430905524229,12.0,100.0
Garda,MLP,10,fourway_common_query,unweighted_d_optimal,,,,-0.00758583443886435,0.2589155654278579,0.2582430905524229,12.0,100.0
Garda,PLSR,1,fourway_common_query,farthest_point_kennard_stone,,,,-0.08020669666300326,0.38883708694442587,0.3083003376724749,33.0,100.0
Garda,PLSR,1,fourway_common_query,proposed_weighted_d_optimal,,,,0.0320502349603972,0.2747223649698317,0.3083003376724749,33.0,100.0
Garda,PLSR,1,fourway_common_query,unweighted_d_optimal,,,,-0.3055777521393651,0.6113910246537452,0.3083003376724749,33.0,100.0
Garda,PLSR,3,fourway_common_query,farthest_point_kennard_stone,,,,0.0203195023922452,0.2983114946256976,0.31787933715791505,28.0,100.0
Garda,PLSR,3,fourway_common_query,proposed_weighted_d_optimal,,,,0.02333662468360765,0.2950560122019657,0.31787933715791505,28.0,100.0
Garda,PLSR,3,fourway_common_query,unweighted_d_optimal,,,,0.0137522584256668,0.3059949200458056,0.31787933715791505,28.0,100.0
Garda,PLSR,5,fourway_common_query,farthest_point_kennard_stone,,,,-0.00562158823408895,0.3268049974145998,0.327539705408987,22.0,100.0
Garda,PLSR,5,fourway_common_query,proposed_weighted_d_optimal,,,,0.009915486643727,0.31467169258994965,0.327539705408987,22.0,100.0
Garda,PLSR,5,fourway_common_query,unweighted_d_optimal,,,,0.032323267385124047,0.29458534289312654,0.327539705408987,22.0,100.0
Garda,PLSR,10,fourway_common_query,farthest_point_kennard_stone,,,,0.0063772912433942,0.25067213828450763,0.2781848307296828,13.0,100.0
Garda,PLSR,10,fourway_common_query,proposed_weighted_d_optimal,,,,-0.0355839603276186,0.30411485415629275,0.2781848307296828,13.0,100.0
Garda,PLSR,10,fourway_common_query,unweighted_d_optimal,,,,-0.008461511102827349,0.2772366894099742,0.2781848307296828,13.0,100.0
Garda,XGBoost,1,fourway_common_query,farthest_point_kennard_stone,,,,-0.0321970108360509,0.349838578817872,0.3200776939052915,33.0,100.0
Garda,XGBoost,1,fourway_common_query,proposed_weighted_d_optimal,,,,-0.2234422165893986,0.5418887828862511,0.3200776939052915,33.0,100.0
Garda,XGBoost,1,fourway_common_query,unweighted_d_optimal,,,,-0.2694602145120598,0.5879844974723605,0.3200776939052915,33.0,100.0
Garda,XGBoost,3,fourway_common_query,farthest_point_kennard_stone,,,,-0.04121360101768835,0.3358490114391476,0.2937653291929012,27.0,100.0
Garda,XGBoost,3,fourway_common_query,proposed_weighted_d_optimal,,,,0.0287718382612338,0.2644324788165955,0.2937653291929012,27.0,100.0
Garda,XGBoost,3,fourway_common_query,unweighted_d_optimal,,,,-0.02063981604734075,0.31481716492348877,0.2937653291929012,27.0,100.0
Garda,XGBoost,5,fourway_common_query,farthest_point_kennard_stone,,,,0.06317432614587605,0.2564658766293466,0.327796442062187,21.0,100.0
Garda,XGBoost,5,fourway_common_query,proposed_weighted_d_optimal,,,,0.0037523580774614504,0.3182728978780353,0.327796442062187,21.0,100.0
Garda,XGBoost,5,fourway_common_query,unweighted_d_optimal,,,,0.06830236378670329,0.2525061955778936,0.327796442062187,21.0,100.0
Garda,XGBoost,10,fourway_common_query,farthest_point_kennard_stone,,,,0.025212672450480048,0.2517755122029234,0.2871947174686375,12.0,100.0
Garda,XGBoost,10,fourway_common_query,proposed_weighted_d_optimal,,,,0.0201259181826799,0.26466424792678,0.2871947174686375,12.0,100.0
Garda,XGBoost,10,fourway_common_query,unweighted_d_optimal,,,,0.037155092337430445,0.2452996867689078,0.2871947174686375,12.0,100.0
Geist Reservoir,MLP,1,fourway_common_query,farthest_point_kennard_stone,,,,-0.1248304865177968,0.26109836549059184,0.1343543345209282,53.0,100.0
Geist Reservoir,MLP,1,fourway_common_query,proposed_weighted_d_optimal,,,,-0.0135775980690049,0.1457995442017747,0.1343543345209282,53.0,100.0
Geist Reservoir,MLP,1,fourway_common_query,unweighted_d_optimal,,,,-0.1248304865177968,0.26109836549059184,0.1343543345209282,53.0,100.0
Geist Reservoir,MLP,3,fourway_common_query,farthest_point_kennard_stone,,,,0.01419319069724085,0.11181246701894615,0.12677400060190597,45.0,100.0
Geist Reservoir,MLP,3,fourway_common_query,proposed_weighted_d_optimal,,,,-0.00357164424080525,0.1304043170783104,0.12677400060190597,45.0,100.0
Geist Reservoir,MLP,3,fourway_common_query,unweighted_d_optimal,,,,-0.0066965384068135,0.1332213259120533,0.12677400060190597,45.0,100.0
Geist Reservoir,MLP,5,fourway_common_query,farthest_point_kennard_stone,,,,-0.0057634912486745,0.1154583620630166,0.1110902136784859,40.0,100.0
Geist Reservoir,MLP,5,fourway_common_query,proposed_weighted_d_optimal,,,,-0.013551825815897249,0.1237382067460337,0.1110902136784859,40.0,100.0
Geist Reservoir,MLP,5,fourway_common_query,unweighted_d_optimal,,,,0.012416613291281,0.09870936633433305,0.1110902136784859,40.0,100.0
Geist Reservoir,MLP,10,fourway_common_query,farthest_point_kennard_stone,,,,0.0195527135087116,0.08928320156367844,0.1089006739230099,29.0,100.0
Geist Reservoir,MLP,10,fourway_common_query,proposed_weighted_d_optimal,,,,-0.0055367609429688,0.11766306797557315,0.1089006739230099,29.0,100.0
Geist Reservoir,MLP,10,fourway_common_query,unweighted_d_optimal,,,,0.011229489039258599,0.0987845010420199,0.1089006739230099,29.0,100.0
Geist Reservoir,PLSR,1,fourway_common_query,farthest_point_kennard_stone,,,,-0.1440578328419475,0.2854929148045959,0.1390274976305483,53.0,100.0
Geist Reservoir,PLSR,1,fourway_common_query,proposed_weighted_d_optimal,,,,-0.0422311205728608,0.1795702292754219,0.1390274976305483,53.0,100.0
Geist Reservoir,PLSR,1,fourway_common_query,unweighted_d_optimal,,,,-0.1440578328419475,0.2854929148045959,0.1390274976305483,53.0,100.0
Geist Reservoir,PLSR,3,fourway_common_query,farthest_point_kennard_stone,,,,0.00602839523898075,0.11010771159896725,0.117960101747372,45.0,100.0
Geist Reservoir,PLSR,3,fourway_common_query,proposed_weighted_d_optimal,,,,0.00238894122480335,0.11380176278327316,0.117960101747372,45.0,100.0
Geist Reservoir,PLSR,3,fourway_common_query,unweighted_d_optimal,,,,-0.02771106496697975,0.14504267075958804,0.117960101747372,45.0,100.0
Geist Reservoir,PLSR,5,fourway_common_query,farthest_point_kennard_stone,,,,0.0014583656239245,0.1059694359724154,0.1071557489200897,40.0,100.0
Geist Reservoir,PLSR,5,fourway_common_query,proposed_weighted_d_optimal,,,,0.0058118044100102,0.10133288663237586,0.1071557489200897,40.0,100.0
Geist Reservoir,PLSR,5,fourway_common_query,unweighted_d_optimal,,,,0.00583148016565005,0.1003464786906153,0.1071557489200897,40.0,100.0
Geist Reservoir,PLSR,10,fourway_common_query,farthest_point_kennard_stone,,,,0.00647478779998215,0.09424703351766314,0.10160876442573011,28.0,100.0
Geist Reservoir,PLSR,10,fourway_common_query,proposed_weighted_d_optimal,,,,-0.016702439037902653,0.1183100519141438,0.10160876442573011,28.0,100.0
Geist Reservoir,PLSR,10,fourway_common_query,unweighted_d_optimal,,,,-0.0048492903925392,0.10539999943362366,0.10160876442573011,28.0,100.0
Geist Reservoir,XGBoost,1,fourway_common_query,farthest_point_kennard_stone,,,,-0.0980065001481164,0.26647145208674994,0.16825821103845165,53.0,100.0
Geist Reservoir,XGBoost,1,fourway_common_query,proposed_weighted_d_optimal,,,,0.0293685161452509,0.1386135444894349,0.16825821103845165,53.0,100.0
Geist Reservoir,XGBoost,1,fourway_common_query,unweighted_d_optimal,,,,-0.0980065001481164,0.26647145208674994,0.16825821103845165,53.0,100.0
Geist Reservoir,XGBoost,3,fourway_common_query,farthest_point_kennard_stone,,,,0.0042444101317858,0.13422467062465987,0.1393951493869999,45.0,100.0
Geist Reservoir,XGBoost,3,fourway_common_query,proposed_weighted_d_optimal,,,,-0.0082314400087888,0.1483466688975234,0.1393951493869999,45.0,100.0
Geist Reservoir,XGBoost,3,fourway_common_query,unweighted_d_optimal,,,,0.01032509682915635,0.12902953299197256,0.1393951493869999,45.0,100.0
Geist Reservoir,XGBoost,5,fourway_common_query,farthest_point_kennard_stone,,,,0.0257474828344112,0.10660885126373726,0.12889838053093566,40.0,100.0
Geist Reservoir,XGBoost,5,fourway_common_query,proposed_weighted_d_optimal,,,,8.187025909005003e-05,0.13211131439182255,0.12889838053093566,40.0,100.0
Geist Reservoir,XGBoost,5,fourway_common_query,unweighted_d_optimal,,,,-0.00550682614771565,0.13829171914421035,0.12889838053093566,40.0,100.0
Geist Reservoir,XGBoost,10,fourway_common_query,farthest_point_kennard_stone,,,,0.009504926536039,0.10928688313415144,0.12112247425957146,29.0,100.0
Geist Reservoir,XGBoost,10,fourway_common_query,proposed_weighted_d_optimal,,,,0.009006441735832899,0.10894319914038356,0.12112247425957146,29.0,100.0
Geist Reservoir,XGBoost,10,fourway_common_query,unweighted_d_optimal,,,,-0.005620834945032099,0.1254183682594774,0.12112247425957146,29.0,100.0
High Rock Lake,MLP,1,fourway_common_query,farthest_point_kennard_stone,,,,-0.048419188630058105,0.3074782112032649,0.2612839691586753,82.0,100.0
High Rock Lake,MLP,1,fourway_common_query,proposed_weighted_d_optimal,,,,-0.1819176372931036,0.4457595633862695,0.2612839691586753,82.0,100.0
High Rock Lake,MLP,1,fourway_common_query,unweighted_d_optimal,,,,0.0035336187555564,0.2595447943220643,0.2612839691586753,82.0,100.0
High Rock Lake,MLP,3,fourway_common_query,farthest_point_kennard_stone,,,,0.041587349139363156,0.18111579811776396,0.223257023071638,76.0,100.0
High Rock Lake,MLP,3,fourway_common_query,proposed_weighted_d_optimal,,,,-0.09577960644795305,0.31940331381602927,0.223257023071638,76.0,100.0
High Rock Lake,MLP,3,fourway_common_query,unweighted_d_optimal,,,,0.0301614605359119,0.1913668399962031,0.223257023071638,76.0,100.0
High Rock Lake,MLP,5,fourway_common_query,farthest_point_kennard_stone,,,,0.0329187509382219,0.1772248151028622,0.21050288562568345,69.0,100.0
High Rock Lake,MLP,5,fourway_common_query,proposed_weighted_d_optimal,,,,-0.1443093959465478,0.3536159966511726,0.21050288562568345,69.0,100.0
High Rock Lake,MLP,5,fourway_common_query,unweighted_d_optimal,,,,0.02607699891925605,0.1847017113431606,0.21050288562568345,69.0,100.0
High Rock Lake,MLP,10,fourway_common_query,farthest_point_kennard_stone,,,,0.02271385762817235,0.162586831953457,0.1872957008482932,53.0,100.0
High Rock Lake,MLP,10,fourway_common_query,proposed_weighted_d_optimal,,,,-0.08839433189689055,0.2739206143230555,0.1872957008482932,53.0,100.0
High Rock Lake,MLP,10,fourway_common_query,unweighted_d_optimal,,,,-0.00035560764989965,0.18623715006669378,0.1872957008482932,53.0,100.0
High Rock Lake,PLSR,1,fourway_common_query,farthest_point_kennard_stone,,,,0.00490187227466455,0.39238508456452026,0.39298361855363734,82.0,100.0
High Rock Lake,PLSR,1,fourway_common_query,proposed_weighted_d_optimal,,,,-0.053060597186105105,0.4426414760639434,0.39298361855363734,82.0,100.0
High Rock Lake,PLSR,1,fourway_common_query,unweighted_d_optimal,,,,-1.214821708204219,1.6042701156026657,0.39298361855363734,82.0,100.0
High Rock Lake,PLSR,3,fourway_common_query,farthest_point_kennard_stone,,,,0.1112126667208804,0.19446374018174678,0.30610885639131064,76.0,100.0
High Rock Lake,PLSR,3,fourway_common_query,proposed_weighted_d_optimal,,,,-0.06807594385275835,0.3741145695955283,0.30610885639131064,76.0,100.0
High Rock Lake,PLSR,3,fourway_common_query,unweighted_d_optimal,,,,0.08663268118994874,0.21952610909208414,0.30610885639131064,76.0,100.0
High Rock Lake,PLSR,5,fourway_common_query,farthest_point_kennard_stone,,,,0.043796955865537696,0.16108388073293956,0.20448909556117617,68.5,100.0
High Rock Lake,PLSR,5,fourway_common_query,proposed_weighted_d_optimal,,,,-0.12257403587148841,0.3277842797738134,0.20448909556117617,68.5,100.0
High Rock Lake,PLSR,5,fourway_common_query,unweighted_d_optimal,,,,0.03883278890764505,0.16701566475477614,0.20448909556117617,68.5,100.0
High Rock Lake,PLSR,10,fourway_common_query,farthest_point_kennard_stone,,,,-0.0018471744744117,0.17844125364342095,0.17520872428815354,53.0,100.0
High Rock Lake,PLSR,10,fourway_common_query,proposed_weighted_d_optimal,,,,-0.07794513909967085,0.2576842192457237,0.17520872428815354,53.0,100.0
High Rock Lake,PLSR,10,fourway_common_query,unweighted_d_optimal,,,,-0.02031877742499235,0.1978387916764054,0.17520872428815354,53.0,100.0
High Rock Lake,XGBoost,1,fourway_common_query,farthest_point_kennard_stone,,,,-0.0346225222118381,0.2981336171269693,0.2608872122061039,82.0,100.0
High Rock Lake,XGBoost,1,fourway_common_query,proposed_weighted_d_optimal,,,,-0.20352899670475977,0.46169065674958754,0.2608872122061039,82.0,100.0
High Rock Lake,XGBoost,1,fourway_common_query,unweighted_d_optimal,,,,-0.08832000671909995,0.3464619147296008,0.2608872122061039,82.0,100.0
High Rock Lake,XGBoost,3,fourway_common_query,farthest_point_kennard_stone,,,,0.043362191545496795,0.1754385789509492,0.21919386711835134,76.0,100.0
High Rock Lake,XGBoost,3,fourway_common_query,proposed_weighted_d_optimal,,,,-0.08296098944091279,0.30488932177567507,0.21919386711835134,76.0,100.0
High Rock Lake,XGBoost,3,fourway_common_query,unweighted_d_optimal,,,,0.039307197814536204,0.17932870602390183,0.21919386711835134,76.0,100.0
High Rock Lake,XGBoost,5,fourway_common_query,farthest_point_kennard_stone,,,,0.02839042826600235,0.16116930103904809,0.19037975858196654,69.0,100.0
High Rock Lake,XGBoost,5,fourway_common_query,proposed_weighted_d_optimal,,,,-0.1315132765938663,0.32436679636322385,0.19037975858196654,69.0,100.0
High Rock Lake,XGBoost,5,fourway_common_query,unweighted_d_optimal,,,,0.02004786689011635,0.1712712976963236,0.19037975858196654,69.0,100.0
High Rock Lake,XGBoost,10,fourway_common_query,farthest_point_kennard_stone,,,,0.01446575998510755,0.15468922548907282,0.16837184298087776,53.0,100.0
High Rock Lake,XGBoost,10,fourway_common_query,proposed_weighted_d_optimal,,,,-0.09501931399935626,0.26567979377289863,0.16837184298087776,53.0,100.0
High Rock Lake,XGBoost,10,fourway_common_query,unweighted_d_optimal,,,,-0.0002564083358563,0.16981162130209385,0.16837184298087776,53.0,100.0
Ibitinga Reservoir,MLP,1,fourway_common_query,farthest_point_kennard_stone,,,,-0.1002816078209525,0.340645060646742,0.236160611320881,24.0,100.0
Ibitinga Reservoir,MLP,1,fourway_common_query,proposed_weighted_d_optimal,,,,0.0447498946196399,0.19425363175428295,0.236160611320881,24.0,100.0
Ibitinga Reservoir,MLP,1,fourway_common_query,unweighted_d_optimal,,,,-0.2416518381487027,0.4702432266528666,0.236160611320881,24.0,100.0
Ibitinga Reservoir,MLP,3,fourway_common_query,farthest_point_kennard_stone,,,,0.0271282416333505,0.16989956123839683,0.19766329940813543,19.0,100.0
Ibitinga Reservoir,MLP,3,fourway_common_query,proposed_weighted_d_optimal,,,,0.01189584838960535,0.183514798866935,0.19766329940813543,19.0,100.0
Ibitinga Reservoir,MLP,3,fourway_common_query,unweighted_d_optimal,,,,-0.029136323389893498,0.2289933750179176,0.19766329940813543,19.0,100.0
Ibitinga Reservoir,MLP,5,fourway_common_query,farthest_point_kennard_stone,,,,-0.00287556204072975,0.2069701570105604,0.2080982081143949,16.0,100.0
Ibitinga Reservoir,MLP,5,fourway_common_query,proposed_weighted_d_optimal,,,,0.0059293012166484,0.19514060817785084,0.2080982081143949,16.0,100.0
Ibitinga Reservoir,MLP,5,fourway_common_query,unweighted_d_optimal,,,,-0.047013053378279546,0.25257835031483944,0.2080982081143949,16.0,100.0
Ibitinga Reservoir,MLP,10,fourway_common_query,farthest_point_kennard_stone,,,,-0.0143504491616172,0.1726784995226856,0.15908804032176685,7.0,74.0
Ibitinga Reservoir,MLP,10,fourway_common_query,proposed_weighted_d_optimal,,,,-0.0365387733123086,0.19943740551396072,0.15908804032176685,7.0,74.0
Ibitinga Reservoir,MLP,10,fourway_common_query,unweighted_d_optimal,,,,-0.0053595346092942,0.1608730459833672,0.15908804032176685,7.0,74.0
Ibitinga Reservoir,PLSR,1,fourway_common_query,farthest_point_kennard_stone,,,,-0.3536758632871063,0.6474853327748309,0.30065840145333034,24.0,100.0
Ibitinga Reservoir,PLSR,1,fourway_common_query,proposed_weighted_d_optimal,,,,-0.0,0.2959877933384415,0.30065840145333034,24.0,100.0
Ibitinga Reservoir,PLSR,1,fourway_common_query,unweighted_d_optimal,,,,-0.05572358593409185,0.3529103925030663,0.30065840145333034,24.0,100.0
Ibitinga Reservoir,PLSR,3,fourway_common_query,farthest_point_kennard_stone,,,,0.00239365024094425,0.2256438149567639,0.22973853012334505,19.0,100.0
Ibitinga Reservoir,PLSR,3,fourway_common_query,proposed_weighted_d_optimal,,,,0.016260932518189948,0.2092137930055679,0.22973853012334505,19.0,100.0
Ibitinga Reservoir,PLSR,3,fourway_common_query,unweighted_d_optimal,,,,-0.1283180430206299,0.3587010278152074,0.22973853012334505,19.0,100.0
Ibitinga Reservoir,PLSR,5,fourway_common_query,farthest_point_kennard_stone,,,,-0.0327072750586798,0.2712224361630012,0.23374321032889323,16.0,100.0
Ibitinga Reservoir,PLSR,5,fourway_common_query,proposed_weighted_d_optimal,,,,0.020336714400551348,0.21331416447957885,0.23374321032889323,16.0,100.0
Ibitinga Reservoir,PLSR,5,fourway_common_query,unweighted_d_optimal,,,,-0.0090048090779645,0.25077650639201643,0.23374321032889323,16.0,100.0
Ibitinga Reservoir,PLSR,10,fourway_common_query,farthest_point_kennard_stone,,,,-0.0269316364991368,0.1984172996174058,0.1782958502817877,7.0,79.0
Ibitinga Reservoir,PLSR,10,fourway_common_query,proposed_weighted_d_optimal,,,,-0.0093951651234465,0.185786488644362,0.1782958502817877,7.0,79.0
Ibitinga Reservoir,PLSR,10,fourway_common_query,unweighted_d_optimal,,,,-0.017488259729983,0.1932111459528223,0.1782958502817877,7.0,79.0
Ibitinga Reservoir,XGBoost,1,fourway_common_query,farthest_point_kennard_stone,,,,-0.02479303507717505,0.2748689421213576,0.256541873390141,24.0,100.0
Ibitinga Reservoir,XGBoost,1,fourway_common_query,proposed_weighted_d_optimal,,,,0.0005081730584303,0.2491287036418961,0.256541873390141,24.0,100.0
Ibitinga Reservoir,XGBoost,1,fourway_common_query,unweighted_d_optimal,,,,-0.6005166650264403,0.8645672761881779,0.256541873390141,24.0,100.0
Ibitinga Reservoir,XGBoost,3,fourway_common_query,farthest_point_kennard_stone,,,,-0.1141772215686199,0.32090255019865854,0.20957342833488968,19.0,100.0
Ibitinga Reservoir,XGBoost,3,fourway_common_query,proposed_weighted_d_optimal,,,,0.014522025014302699,0.1925091387948863,0.20957342833488968,19.0,100.0
Ibitinga Reservoir,XGBoost,3,fourway_common_query,unweighted_d_optimal,,,,0.01935479550902575,0.1891527930672911,0.20957342833488968,19.0,100.0
Ibitinga Reservoir,XGBoost,5,fourway_common_query,farthest_point_kennard_stone,,,,0.0105806416162021,0.20844438387507813,0.22116399701917375,15.0,100.0
Ibitinga Reservoir,XGBoost,5,fourway_common_query,proposed_weighted_d_optimal,,,,0.0189793759048398,0.19686440762050406,0.22116399701917375,15.0,100.0
Ibitinga Reservoir,XGBoost,5,fourway_common_query,unweighted_d_optimal,,,,0.01236366985625905,0.20663347089018175,0.22116399701917375,15.0,100.0
Ibitinga Reservoir,XGBoost,10,fourway_common_query,farthest_point_kennard_stone,,,,-0.012676397053292,0.1849029525367362,0.1700863889423276,7.0,77.0
Ibitinga Reservoir,XGBoost,10,fourway_common_query,proposed_weighted_d_optimal,,,,-0.0233204740565627,0.1979376798019554,0.1700863889423276,7.0,77.0
Ibitinga Reservoir,XGBoost,10,fourway_common_query,unweighted_d_optimal,,,,-0.0046624276801553,0.1800520031156928,0.1700863889423276,7.0,77.0
Lake Chotkowskie,MLP,1,fourway_common_query,farthest_point_kennard_stone,,,,0.0192393266764398,0.1427408750370927,0.16348253795829695,19.0,100.0
Lake Chotkowskie,MLP,1,fourway_common_query,proposed_weighted_d_optimal,,,,0.019428898830141,0.1426188457433551,0.16348253795829695,19.0,100.0
Lake Chotkowskie,MLP,1,fourway_common_query,unweighted_d_optimal,,,,0.0192393266764398,0.1427408750370927,0.16348253795829695,19.0,100.0
Lake Chotkowskie,MLP,3,fourway_common_query,farthest_point_kennard_stone,,,,0.008431859621295949,0.1580814359647452,0.168771037001714,14.0,100.0
Lake Chotkowskie,MLP,3,fourway_common_query,proposed_weighted_d_optimal,,,,0.01944269142885925,0.14390609523176415,0.168771037001714,14.0,100.0
Lake Chotkowskie,MLP,3,fourway_common_query,unweighted_d_optimal,,,,0.008431859621295949,0.1580814359647452,0.168771037001714,14.0,100.0
Lake Chotkowskie,MLP,5,fourway_common_query,farthest_point_kennard_stone,,,,-0.00121623803999405,0.1415200301907315,0.1435907723467151,9.0,100.0
Lake Chotkowskie,MLP,5,fourway_common_query,proposed_weighted_d_optimal,,,,-0.01150901652860185,0.1522696413734862,0.1435907723467151,9.0,100.0
Lake Chotkowskie,MLP,5,fourway_common_query,unweighted_d_optimal,,,,0.0115474243491044,0.12801361308515816,0.1435907723467151,9.0,100.0
Lake Chotkowskie,MLP,10,fourway_common_query,farthest_point_kennard_stone,,,,0.0030790123296359,0.1519430901624638,0.1574161941770321,5.0,15.0
Lake Chotkowskie,MLP,10,fourway_common_query,proposed_weighted_d_optimal,,,,0.0070977995062197,0.1472307974891022,0.1574161941770321,5.0,15.0
Lake Chotkowskie,MLP,10,fourway_common_query,unweighted_d_optimal,,,,0.0111395700941187,0.147290419366214,0.1574161941770321,5.0,15.0
Lake Chotkowskie,PLSR,1,fourway_common_query,farthest_point_kennard_stone,,,,0.0078056769479408,0.25817689469531746,0.274286996800416,19.0,100.0
Lake Chotkowskie,PLSR,1,fourway_common_query,proposed_weighted_d_optimal,,,,0.0171662267162842,0.2464468659604944,0.274286996800416,19.0,100.0
Lake Chotkowskie,PLSR,1,fourway_common_query,unweighted_d_optimal,,,,0.0078056769479408,0.25817689469531746,0.274286996800416,19.0,100.0
Lake Chotkowskie,PLSR,3,fourway_common_query,farthest_point_kennard_stone,,,,-0.0122380104619392,0.24578581296843086,0.23555230387361764,14.0,100.0
Lake Chotkowskie,PLSR,3,fourway_common_query,proposed_weighted_d_optimal,,,,0.0075972361633467,0.2208022254686495,0.23555230387361764,14.0,100.0
Lake Chotkowskie,PLSR,3,fourway_common_query,unweighted_d_optimal,,,,-0.0122380104619392,0.24578581296843086,0.23555230387361764,14.0,100.0
Lake Chotkowskie,PLSR,5,fourway_common_query,farthest_point_kennard_stone,,,,-0.0085198076736886,0.19260722295691604,0.17929199944983643,9.0,100.0
Lake Chotkowskie,PLSR,5,fourway_common_query,proposed_weighted_d_optimal,,,,0.0087785653629921,0.17360262854256575,0.17929199944983643,9.0,100.0
Lake Chotkowskie,PLSR,5,fourway_common_query,unweighted_d_optimal,,,,0.00191034936821885,0.18055174884658595,0.17929199944983643,9.0,100.0
Lake Chotkowskie,PLSR,10,fourway_common_query,farthest_point_kennard_stone,,,,0.0092014562429162,0.1536605328622721,0.1628619891051884,5.0,11.0
Lake Chotkowskie,PLSR,10,fourway_common_query,proposed_weighted_d_optimal,,,,0.0145485930209864,0.1506495969807609,0.1628619891051884,5.0,11.0
Lake Chotkowskie,PLSR,10,fourway_common_query,unweighted_d_optimal,,,,0.0121260500106762,0.1495843871138407,0.1628619891051884,5.0,11.0
Lake Chotkowskie,XGBoost,1,fourway_common_query,farthest_point_kennard_stone,,,,0.0075499714130167,0.1407053771576282,0.1443258776853238,19.0,100.0
Lake Chotkowskie,XGBoost,1,fourway_common_query,proposed_weighted_d_optimal,,,,-0.00026174748755515,0.14085305647364388,0.1443258776853238,19.0,100.0
Lake Chotkowskie,XGBoost,1,fourway_common_query,unweighted_d_optimal,,,,0.0075499714130167,0.1407053771576282,0.1443258776853238,19.0,100.0
Lake Chotkowskie,XGBoost,3,fourway_common_query,farthest_point_kennard_stone,,,,-0.002358526079607,0.12501394619831369,0.12413464089454515,14.0,100.0
Lake Chotkowskie,XGBoost,3,fourway_common_query,proposed_weighted_d_optimal,,,,0.01188502748421485,0.11120523018896095,0.12413464089454515,14.0,100.0
Lake Chotkowskie,XGBoost,3,fourway_common_query,unweighted_d_optimal,,,,-0.002358526079607,0.12501394619831369,0.12413464089454515,14.0,100.0
Lake Chotkowskie,XGBoost,5,fourway_common_query,farthest_point_kennard_stone,,,,-0.0102125118430249,0.13127914705887583,0.11900794805882814,9.0,100.0
Lake Chotkowskie,XGBoost,5,fourway_common_query,proposed_weighted_d_optimal,,,,0.01695334754728305,0.1002126066983927,0.11900794805882814,9.0,100.0
Lake Chotkowskie,XGBoost,5,fourway_common_query,unweighted_d_optimal,,,,0.0065523519045192,0.11283408445648796,0.11900794805882814,9.0,100.0
Lake Chotkowskie,XGBoost,10,fourway_common_query,farthest_point_kennard_stone,,,,-8.283643908683913e-05,0.134466813423948,0.1276113224210868,5.0,13.0
Lake Chotkowskie,XGBoost,10,fourway_common_query,proposed_weighted_d_optimal,,,,0.0065746412930678,0.131192518047594,0.1276113224210868,5.0,13.0
Lake Chotkowskie,XGBoost,10,fourway_common_query,unweighted_d_optimal,,,,0.0124325981962551,0.1245292909153024,0.1276113224210868,5.0,13.0
Lake Erie,MLP,1,fourway_common_query,farthest_point_kennard_stone,,,,-0.0794106927337449,0.31161927098486314,0.2324594878789401,522.0,100.0
Lake Erie,MLP,1,fourway_common_query,proposed_weighted_d_optimal,,,,-0.0125953845774869,0.2450321478002431,0.2324594878789401,522.0,100.0
Lake Erie,MLP,1,fourway_common_query,unweighted_d_optimal,,,,-2.9398501563338284,3.1723293984612164,0.2324594878789401,522.0,100.0
Lake Erie,MLP,3,fourway_common_query,farthest_point_kennard_stone,,,,-0.17273366757579375,0.379194957943108,0.2076140146544504,516.0,100.0
Lake Erie,MLP,3,fourway_common_query,proposed_weighted_d_optimal,,,,0.0069887744516098,0.20016083191548256,0.2076140146544504,516.0,100.0
Lake Erie,MLP,3,fourway_common_query,unweighted_d_optimal,,,,-0.0998372056120916,0.30744058254670503,0.2076140146544504,516.0,100.0
Lake Erie,MLP,5,fourway_common_query,farthest_point_kennard_stone,,,,-0.19744559020765368,0.4200630462174442,0.22184545860261234,509.0,100.0
Lake Erie,MLP,5,fourway_common_query,proposed_weighted_d_optimal,,,,0.02220214009176755,0.1997837423564777,0.22184545860261234,509.0,100.0
Lake Erie,MLP,5,fourway_common_query,unweighted_d_optimal,,,,-0.06135765556408875,0.284119438629827,0.22184545860261234,509.0,100.0
Lake Erie,MLP,10,fourway_common_query,farthest_point_kennard_stone,,,,-0.07688292890397674,0.27859004880390265,0.20069520028818794,491.0,100.0
Lake Erie,MLP,10,fourway_common_query,proposed_weighted_d_optimal,,,,0.0325204578800648,0.1691634744674988,0.20069520028818794,491.0,100.0
Lake Erie,MLP,10,fourway_common_query,unweighted_d_optimal,,,,-0.08410387865164651,0.2853725436666722,0.20069520028818794,491.0,100.0
Lake Erie,PLSR,1,fourway_common_query,farthest_point_kennard_stone,,,,-0.0622819653405627,0.4375440979493648,0.3755622378503338,522.0,100.0
Lake Erie,PLSR,1,fourway_common_query,proposed_weighted_d_optimal,,,,-0.252375561263795,0.6277995529569294,0.3755622378503338,522.0,100.0
Lake Erie,PLSR,1,fourway_common_query,unweighted_d_optimal,,,,-3.1739183009378196,3.549418508742254,0.3755622378503338,522.0,100.0
Lake Erie,PLSR,3,fourway_common_query,farthest_point_kennard_stone,,,,-0.17589616178066053,0.5082677025830797,0.33269046879070807,516.0,100.0
Lake Erie,PLSR,3,fourway_common_query,proposed_weighted_d_optimal,,,,-0.1313089266555644,0.46391864787839726,0.33269046879070807,516.0,100.0
Lake Erie,PLSR,3,fourway_common_query,unweighted_d_optimal,,,,0.020312420862228252,0.31236105342156906,0.33269046879070807,516.0,100.0
Lake Erie,PLSR,5,fourway_common_query,farthest_point_kennard_stone,,,,-0.17847556591611274,0.49867718313652176,0.3192543411393618,509.0,100.0
Lake Erie,PLSR,5,fourway_common_query,proposed_weighted_d_optimal,,,,-0.02359551720018345,0.3429496494127896,0.3192543411393618,509.0,100.0
Lake Erie,PLSR,5,fourway_common_query,unweighted_d_optimal,,,,0.0047245742708332,0.31528361447087516,0.3192543411393618,509.0,100.0
Lake Erie,PLSR,10,fourway_common_query,farthest_point_kennard_stone,,,,-0.07812018544289659,0.36162704057323647,0.28312827845250244,491.0,100.0
Lake Erie,PLSR,10,fourway_common_query,proposed_weighted_d_optimal,,,,-0.08649397027817565,0.3721431260120267,0.28312827845250244,491.0,100.0
Lake Erie,PLSR,10,fourway_common_query,unweighted_d_optimal,,,,-0.1167864412144724,0.4005351408350536,0.28312827845250244,491.0,100.0
Lake Erie,XGBoost,1,fourway_common_query,farthest_point_kennard_stone,,,,-0.27129354253565635,0.5097204965389892,0.23881446327800426,522.0,100.0
Lake Erie,XGBoost,1,fourway_common_query,proposed_weighted_d_optimal,,,,0.03087542307664055,0.207767937654753,0.23881446327800426,522.0,100.0
Lake Erie,XGBoost,1,fourway_common_query,unweighted_d_optimal,,,,-0.32895425156921926,0.5681562241218949,0.23881446327800426,522.0,100.0
Lake Erie,XGBoost,3,fourway_common_query,farthest_point_kennard_stone,,,,0.00366473419342495,0.2151096469959024,0.21920970881865184,516.0,100.0
Lake Erie,XGBoost,3,fourway_common_query,proposed_weighted_d_optimal,,,,0.0099816137073939,0.2088868738071091,0.21920970881865184,516.0,100.0
Lake Erie,XGBoost,3,fourway_common_query,unweighted_d_optimal,,,,-0.10463119497261444,0.32345797561612877,0.21920970881865184,516.0,100.0
Lake Erie,XGBoost,5,fourway_common_query,farthest_point_kennard_stone,,,,-0.0137614482985781,0.255332183759106,0.24184220853609323,509.0,100.0
Lake Erie,XGBoost,5,fourway_common_query,proposed_weighted_d_optimal,,,,0.032638658645395405,0.20925520086340654,0.24184220853609323,509.0,100.0
Lake Erie,XGBoost,5,fourway_common_query,unweighted_d_optimal,,,,-0.08826289960581735,0.3296487537473267,0.24184220853609323,509.0,100.0
Lake Erie,XGBoost,10,fourway_common_query,farthest_point_kennard_stone,,,,-0.0305678913104376,0.24026973095998994,0.20958440083182467,491.0,100.0
Lake Erie,XGBoost,10,fourway_common_query,proposed_weighted_d_optimal,,,,0.0197784275825852,0.1898361639104123,0.20958440083182467,491.0,100.0
Lake Erie,XGBoost,10,fourway_common_query,unweighted_d_optimal,,,,-0.10477150969709895,0.31397824832683624,0.20958440083182467,491.0,100.0
Lake Geneva,MLP,1,fourway_common_query,farthest_point_kennard_stone,,,,-0.02366588676917,0.2554131616726862,0.2297094637407765,17.0,100.0
Lake Geneva,MLP,1,fourway_common_query,proposed_weighted_d_optimal,,,,0.0196798795305887,0.2080616466263694,0.2297094637407765,17.0,100.0
Lake Geneva,MLP,1,fourway_common_query,unweighted_d_optimal,,,,-0.02366588676917,0.2554131616726862,0.2297094637407765,17.0,100.0
Lake Geneva,MLP,3,fourway_common_query,farthest_point_kennard_stone,,,,0.020250026708042053,0.19843139176457758,0.22240121976758645,11.0,100.0
Lake Geneva,MLP,3,fourway_common_query,proposed_weighted_d_optimal,,,,0.00421554566462975,0.21247890687783294,0.22240121976758645,11.0,100.0
Lake Geneva,MLP,3,fourway_common_query,unweighted_d_optimal,,,,0.0073527123577753,0.2121224443808373,0.22240121976758645,11.0,100.0
Lake Geneva,MLP,5,fourway_common_query,farthest_point_kennard_stone,,,,0.00144833153401805,0.20699446018516648,0.20783019656465512,8.0,100.0
Lake Geneva,MLP,5,fourway_common_query,proposed_weighted_d_optimal,,,,-0.012524184356151099,0.2224725717318673,0.20783019656465512,8.0,100.0
Lake Geneva,MLP,5,fourway_common_query,unweighted_d_optimal,,,,-0.02944062932866745,0.2440160530023954,0.20783019656465512,8.0,100.0
Lake Geneva,MLP,10,fourway_common_query,farthest_point_kennard_stone,,,,-0.032216095119634,0.1953123822882941,0.1512005597927563,5.0,8.0
Lake Geneva,MLP,10,fourway_common_query,proposed_weighted_d_optimal,,,,-0.0050419256687052,0.1506179604175965,0.1512005597927563,5.0,8.0
Lake Geneva,MLP,10,fourway_common_query,unweighted_d_optimal,,,,-0.0117748369382744,0.1694706839128543,0.1512005597927563,5.0,8.0
Lake Geneva,PLSR,1,fourway_common_query,farthest_point_kennard_stone,,,,0.013786991483795998,0.2200585085489433,0.2382688281014683,17.0,100.0
Lake Geneva,PLSR,1,fourway_common_query,proposed_weighted_d_optimal,,,,0.024556164005993253,0.2101715093304357,0.2382688281014683,17.0,100.0
Lake Geneva,PLSR,1,fourway_common_query,unweighted_d_optimal,,,,0.013786991483795998,0.2200585085489433,0.2382688281014683,17.0,100.0
Lake Geneva,PLSR,3,fourway_common_query,farthest_point_kennard_stone,,,,-0.0265935862901722,0.2281672969140333,0.20423030180745175,11.0,100.0
Lake Geneva,PLSR,3,fourway_common_query,proposed_weighted_d_optimal,,,,0.01372223033189905,0.1891808459964614,0.20423030180745175,11.0,100.0
Lake Geneva,PLSR,3,fourway_common_query,unweighted_d_optimal,,,,-0.1134036423003432,0.3112130396811029,0.20423030180745175,11.0,100.0
Lake Geneva,PLSR,5,fourway_common_query,farthest_point_kennard_stone,,,,-0.01493839781712095,0.2012725345706736,0.17741728942970292,8.0,100.0
Lake Geneva,PLSR,5,fourway_common_query,proposed_weighted_d_optimal,,,,0.00525657824895,0.1840523640997833,0.17741728942970292,8.0,100.0
Lake Geneva,PLSR,5,fourway_common_query,unweighted_d_optimal,,,,-0.0639965442170446,0.25394134548419156,0.17741728942970292,8.0,100.0
Lake Geneva,PLSR,10,fourway_common_query,farthest_point_kennard_stone,,,,0.0058420928572456,0.0973701409383357,0.1032122337955813,5.0,5.0
Lake Geneva,PLSR,10,fourway_common_query,proposed_weighted_d_optimal,,,,-0.0135498773858273,0.1168814206781945,0.1032122337955813,5.0,5.0
Lake Geneva,PLSR,10,fourway_common_query,unweighted_d_optimal,,,,-0.0067544010167633,0.1099666348123447,0.1032122337955813,5.0,5.0
Lake Geneva,XGBoost,1,fourway_common_query,farthest_point_kennard_stone,,,,-0.0228988317258792,0.3601132366917166,0.3253286953296294,17.0,100.0
Lake Geneva,XGBoost,1,fourway_common_query,proposed_weighted_d_optimal,,,,-0.017996002474134,0.3552104074399714,0.3253286953296294,17.0,100.0
Lake Geneva,XGBoost,1,fourway_common_query,unweighted_d_optimal,,,,-0.0228988317258792,0.3601132366917166,0.3253286953296294,17.0,100.0
Lake Geneva,XGBoost,3,fourway_common_query,farthest_point_kennard_stone,,,,0.018570208481766902,0.2436407797225615,0.2720742852935988,11.0,100.0
Lake Geneva,XGBoost,3,fourway_common_query,proposed_weighted_d_optimal,,,,0.03021174841269065,0.22749918259301638,0.2720742852935988,11.0,100.0
Lake Geneva,XGBoost,3,fourway_common_query,unweighted_d_optimal,,,,0.046555219418489696,0.2167274225449899,0.2720742852935988,11.0,100.0
Lake Geneva,XGBoost,5,fourway_common_query,farthest_point_kennard_stone,,,,0.019193547299562352,0.1750620536472399,0.19959183750593185,7.0,100.0
Lake Geneva,XGBoost,5,fourway_common_query,proposed_weighted_d_optimal,,,,-0.011524468155346749,0.21419561005877819,0.19959183750593185,7.0,100.0
Lake Geneva,XGBoost,5,fourway_common_query,unweighted_d_optimal,,,,-0.0471274067375146,0.2519176985386911,0.19959183750593185,7.0,100.0
Lake Geneva,XGBoost,10,fourway_common_query,farthest_point_kennard_stone,,,,-0.0494361935565975,0.1820221259035463,0.1297539315891033,5.0,7.0
Lake Geneva,XGBoost,10,fourway_common_query,proposed_weighted_d_optimal,,,,0.0359232115652654,0.0990583374379444,0.1297539315891033,5.0,7.0
Lake Geneva,XGBoost,10,fourway_common_query,unweighted_d_optimal,,,,0.0178656018949443,0.1201862967251901,0.1297539315891033,5.0,7.0
Lake Hume,MLP,1,fourway_common_query,farthest_point_kennard_stone,,,,0.0160917147423799,0.1367665155255124,0.1509458842363626,36.0,100.0
Lake Hume,MLP,1,fourway_common_query,proposed_weighted_d_optimal,,,,-0.017154657005534202,0.1658661745343627,0.1509458842363626,36.0,100.0
Lake Hume,MLP,1,fourway_common_query,unweighted_d_optimal,,,,0.0160917147423799,0.1367665155255124,0.1509458842363626,36.0,100.0
Lake Hume,MLP,3,fourway_common_query,farthest_point_kennard_stone,,,,0.008502388634145899,0.12131428719868895,0.13146638886294676,29.0,100.0
Lake Hume,MLP,3,fourway_common_query,proposed_weighted_d_optimal,,,,0.0034262980093070503,0.12601424471708755,0.13146638886294676,29.0,100.0
Lake Hume,MLP,3,fourway_common_query,unweighted_d_optimal,,,,0.013724303929510049,0.1162193305114456,0.13146638886294676,29.0,100.0
Lake Hume,MLP,5,fourway_common_query,farthest_point_kennard_stone,,,,0.0024753037823643997,0.13487117439440577,0.13742544398515372,25.0,100.0
Lake Hume,MLP,5,fourway_common_query,proposed_weighted_d_optimal,,,,0.007272102134427199,0.1274627552295694,0.13742544398515372,25.0,100.0
Lake Hume,MLP,5,fourway_common_query,unweighted_d_optimal,,,,0.01415913919937095,0.1212466098924524,0.13742544398515372,25.0,100.0
Lake Hume,MLP,10,fourway_common_query,farthest_point_kennard_stone,,,,0.0029467054185968,0.1242187312858105,0.1322189294753054,15.0,100.0
Lake Hume,MLP,10,fourway_common_query,proposed_weighted_d_optimal,,,,0.00261075738034835,0.12450883448375966,0.1322189294753054,15.0,100.0
Lake Hume,MLP,10,fourway_common_query,unweighted_d_optimal,,,,0.00617567437053705,0.12177230843859045,0.1322189294753054,15.0,100.0
Lake Hume,PLSR,1,fourway_common_query,farthest_point_kennard_stone,,,,-0.060582134591497805,0.2785898070121105,0.2205156436357267,36.0,100.0
Lake Hume,PLSR,1,fourway_common_query,proposed_weighted_d_optimal,,,,-0.01635306525037255,0.2358576219069292,0.2205156436357267,36.0,100.0
Lake Hume,PLSR,1,fourway_common_query,unweighted_d_optimal,,,,-0.060582134591497805,0.2785898070121105,0.2205156436357267,36.0,100.0
Lake Hume,PLSR,3,fourway_common_query,farthest_point_kennard_stone,,,,-0.0081181583090461,0.1892487439044609,0.18033565312292665,30.0,100.0
Lake Hume,PLSR,3,fourway_common_query,proposed_weighted_d_optimal,,,,0.01517459231792605,0.16513557990087546,0.18033565312292665,30.0,100.0
Lake Hume,PLSR,3,fourway_common_query,unweighted_d_optimal,,,,-0.0004418912621689,0.1824326907579238,0.18033565312292665,30.0,100.0
Lake Hume,PLSR,5,fourway_common_query,farthest_point_kennard_stone,,,,0.0162486438859759,0.14909029995774126,0.16667726477429207,25.0,100.0
Lake Hume,PLSR,5,fourway_common_query,proposed_weighted_d_optimal,,,,0.021944150767464553,0.1442566931579651,0.16667726477429207,25.0,100.0
Lake Hume,PLSR,5,fourway_common_query,unweighted_d_optimal,,,,0.00760472669212075,0.15704630991548402,0.16667726477429207,25.0,100.0
Lake Hume,PLSR,10,fourway_common_query,farthest_point_kennard_stone,,,,-0.0018185216042681,0.15680216664661528,0.15488633815964004,16.0,100.0
Lake Hume,PLSR,10,fourway_common_query,proposed_weighted_d_optimal,,,,-0.0027914108892809998,0.15797130284986774,0.15488633815964004,16.0,100.0
Lake Hume,PLSR,10,fourway_common_query,unweighted_d_optimal,,,,0.00109090570719195,0.1544764329895995,0.15488633815964004,16.0,100.0
Lake Hume,XGBoost,1,fourway_common_query,farthest_point_kennard_stone,,,,0.0226537648969626,0.1562784524842574,0.17890019445797414,36.0,100.0
Lake Hume,XGBoost,1,fourway_common_query,proposed_weighted_d_optimal,,,,0.0171225912000336,0.1607745421773581,0.17890019445797414,36.0,100.0
Lake Hume,XGBoost,1,fourway_common_query,unweighted_d_optimal,,,,0.0226537648969626,0.1562784524842574,0.17890019445797414,36.0,100.0
Lake Hume,XGBoost,3,fourway_common_query,farthest_point_kennard_stone,,,,0.0080852198226387,0.1506782491954338,0.16059586808832665,29.0,100.0
Lake Hume,XGBoost,3,fourway_common_query,proposed_weighted_d_optimal,,,,-0.0155382300913897,0.17186596102760354,0.16059586808832665,29.0,100.0
Lake Hume,XGBoost,3,fourway_common_query,unweighted_d_optimal,,,,0.01183532014752065,0.14761080847943564,0.16059586808832665,29.0,100.0
Lake Hume,XGBoost,5,fourway_common_query,farthest_point_kennard_stone,,,,-0.02290843270970715,0.18618709352161178,0.16165922304363228,25.0,100.0
Lake Hume,XGBoost,5,fourway_common_query,proposed_weighted_d_optimal,,,,0.026620177356372447,0.134003035288318,0.16165922304363228,25.0,100.0
Lake Hume,XGBoost,5,fourway_common_query,unweighted_d_optimal,,,,-0.0079623514330838,0.17172666236654943,0.16165922304363228,25.0,100.0
Lake Hume,XGBoost,10,fourway_common_query,farthest_point_kennard_stone,,,,0.0091443498896131,0.14102015955681452,0.15941933538590203,16.0,100.0
Lake Hume,XGBoost,10,fourway_common_query,proposed_weighted_d_optimal,,,,0.01129408228381115,0.14165575137587877,0.15941933538590203,16.0,100.0
Lake Hume,XGBoost,10,fourway_common_query,unweighted_d_optimal,,,,0.0105492360667236,0.14054445634468204,0.15941933538590203,16.0,100.0
Lake Jasień Południowy,MLP,1,fourway_common_query,farthest_point_kennard_stone,,,,-0.0220127389312179,0.1549068948289181,0.1290472937538123,18.0,100.0
Lake Jasień Południowy,MLP,1,fourway_common_query,proposed_weighted_d_optimal,,,,-0.0236483447794298,0.1472270227933537,0.1290472937538123,18.0,100.0
Lake Jasień Południowy,MLP,1,fourway_common_query,unweighted_d_optimal,,,,-0.1112575623075369,0.2458026513006405,0.1290472937538123,18.0,100.0
Lake Jasień Południowy,MLP,3,fourway_common_query,farthest_point_kennard_stone,,,,-0.01421676368989405,0.1226170556894416,0.11218432800704725,14.0,100.0
Lake Jasień Południowy,MLP,3,fourway_common_query,proposed_weighted_d_optimal,,,,0.00738632263435075,0.1016857252310743,0.11218432800704725,14.0,100.0
Lake Jasień Południowy,MLP,3,fourway_common_query,unweighted_d_optimal,,,,-0.009583646941783649,0.11825539191159634,0.11218432800704725,14.0,100.0
Lake Jasień Południowy,MLP,5,fourway_common_query,farthest_point_kennard_stone,,,,0.01014289514259075,0.09927098974003125,0.10942444670529555,10.0,100.0
Lake Jasień Południowy,MLP,5,fourway_common_query,proposed_weighted_d_optimal,,,,-0.01770596920917375,0.13282330461372155,0.10942444670529555,10.0,100.0
Lake Jasień Południowy,MLP,5,fourway_common_query,unweighted_d_optimal,,,,0.009532706327641551,0.09944439358779116,0.10942444670529555,10.0,100.0
Lake Jasień Południowy,MLP,10,fourway_common_query,farthest_point_kennard_stone,,,,0.010605550369555,0.0815803454593432,0.0921858958288983,5.0,1.0
Lake Jasień Południowy,MLP,10,fourway_common_query,proposed_weighted_d_optimal,,,,-0.0069654327996718,0.0991513286285701,0.0921858958288983,5.0,1.0
Lake Jasień Południowy,MLP,10,fourway_common_query,unweighted_d_optimal,,,,-0.0144400590757946,0.1066259549046929,0.0921858958288983,5.0,1.0
Lake Jasień Południowy,PLSR,1,fourway_common_query,farthest_point_kennard_stone,,,,-0.032454732528467894,0.2392395646277743,0.2077259258261364,18.0,100.0
Lake Jasień Południowy,PLSR,1,fourway_common_query,proposed_weighted_d_optimal,,,,-0.0,0.2077259258261364,0.2077259258261364,18.0,100.0
Lake Jasień Południowy,PLSR,1,fourway_common_query,unweighted_d_optimal,,,,-0.07287793796392239,0.2799644357754338,0.2077259258261364,18.0,100.0
Lake Jasień Południowy,PLSR,3,fourway_common_query,farthest_point_kennard_stone,,,,0.0155597803324189,0.1304595623155918,0.14489828655249734,14.0,100.0
Lake Jasień Południowy,PLSR,3,fourway_common_query,proposed_weighted_d_optimal,,,,-0.00417223000096915,0.1495385004553724,0.14489828655249734,14.0,100.0
Lake Jasień Południowy,PLSR,3,fourway_common_query,unweighted_d_optimal,,,,0.0196806452867241,0.1266837464863131,0.14489828655249734,14.0,100.0
Lake Jasień Południowy,PLSR,5,fourway_common_query,farthest_point_kennard_stone,,,,0.0163865634991886,0.12829024737036177,0.1418657949428635,10.0,100.0
Lake Jasień Południowy,PLSR,5,fourway_common_query,proposed_weighted_d_optimal,,,,-0.00249020696814035,0.1484138046094066,0.1418657949428635,10.0,100.0
Lake Jasień Południowy,PLSR,5,fourway_common_query,unweighted_d_optimal,,,,0.0188768558495315,0.12392084623114225,0.1418657949428635,10.0,100.0
Lake Jasień Południowy,PLSR,10,fourway_common_query,farthest_point_kennard_stone,,,,-0.0010889258465869,0.0750753450305777,0.0739864191839907,5.0,3.0
Lake Jasień Południowy,PLSR,10,fourway_common_query,proposed_weighted_d_optimal,,,,0.0028513687625938,0.0711350504213969,0.0739864191839907,5.0,3.0
Lake Jasień Południowy,PLSR,10,fourway_common_query,unweighted_d_optimal,,,,-0.029627622489972,0.1036140416739628,0.0739864191839907,5.0,3.0
Lake Jasień Południowy,XGBoost,1,fourway_common_query,farthest_point_kennard_stone,,,,-0.15045745842682695,0.3016428409062064,0.1469540015018745,18.0,100.0
Lake Jasień Południowy,XGBoost,1,fourway_common_query,proposed_weighted_d_optimal,,,,-0.0171399298641416,0.1566172550958201,0.1469540015018745,18.0,100.0
Lake Jasień Południowy,XGBoost,1,fourway_common_query,unweighted_d_optimal,,,,0.0261703930958607,0.1243238033587829,0.1469540015018745,18.0,100.0
Lake Jasień Południowy,XGBoost,3,fourway_common_query,farthest_point_kennard_stone,,,,-0.0032926028414368997,0.11767662194232831,0.1162341926896764,14.0,100.0
Lake Jasień Południowy,XGBoost,3,fourway_common_query,proposed_weighted_d_optimal,,,,-0.0054924494962788496,0.1203456749341941,0.1162341926896764,14.0,100.0
Lake Jasień Południowy,XGBoost,3,fourway_common_query,unweighted_d_optimal,,,,0.00891826818739205,0.1045461994846562,0.1162341926896764,14.0,100.0
Lake Jasień Południowy,XGBoost,5,fourway_common_query,farthest_point_kennard_stone,,,,0.0111262265559816,0.10532476974077455,0.1194060059920047,10.0,100.0
Lake Jasień Południowy,XGBoost,5,fourway_common_query,proposed_weighted_d_optimal,,,,0.0013347283134747,0.12021161949698886,0.1194060059920047,10.0,100.0
Lake Jasień Południowy,XGBoost,5,fourway_common_query,unweighted_d_optimal,,,,0.01230697894636,0.10401328831180445,0.1194060059920047,10.0,100.0
Lake Jasień Południowy,XGBoost,10,fourway_common_query,farthest_point_kennard_stone,,,,0.0015864079181267,0.0913084096738528,0.0928948175919796,5.0,7.0
Lake Jasień Południowy,XGBoost,10,fourway_common_query,proposed_weighted_d_optimal,,,,-0.0044530617534059,0.0973478793453856,0.0928948175919796,5.0,7.0
Lake Jasień Południowy,XGBoost,10,fourway_common_query,unweighted_d_optimal,,,,-0.0078226352612535,0.1007174528532331,0.0928948175919796,5.0,7.0
Lake Jeleń,MLP,1,fourway_common_query,farthest_point_kennard_stone,,,,-0.0982365237889168,0.2211292540033534,0.1247163953454325,18.0,100.0
Lake Jeleń,MLP,1,fourway_common_query,proposed_weighted_d_optimal,,,,0.0033348710863325,0.1245548848873175,0.1247163953454325,18.0,100.0
Lake Jeleń,MLP,1,fourway_common_query,unweighted_d_optimal,,,,0.0048173928378388,0.1233194500943956,0.1247163953454325,18.0,100.0
Lake Jeleń,MLP,3,fourway_common_query,farthest_point_kennard_stone,,,,0.0044400227424318504,0.11531213638023524,0.12096575700978095,13.0,100.0
Lake Jeleń,MLP,3,fourway_common_query,proposed_weighted_d_optimal,,,,0.0007292217457651,0.11931539552704976,0.12096575700978095,13.0,100.0
Lake Jeleń,MLP,3,fourway_common_query,unweighted_d_optimal,,,,0.00778803404881275,0.11037085540754571,0.12096575700978095,13.0,100.0
Lake Jeleń,MLP,5,fourway_common_query,farthest_point_kennard_stone,,,,-0.034867587263148245,0.1480591410347564,0.11024881160754846,9.0,100.0
Lake Jeleń,MLP,5,fourway_common_query,proposed_weighted_d_optimal,,,,-0.02667161490486565,0.1395196781505971,0.11024881160754846,9.0,100.0
Lake Jeleń,MLP,5,fourway_common_query,unweighted_d_optimal,,,,-0.0113314477690669,0.1236797162069604,0.11024881160754846,9.0,100.0
Lake Jeleń,MLP,10,fourway_common_query,farthest_point_kennard_stone,,,,-0.0090644953258017,0.1221796172412514,0.1153165080781,5.0,29.0
Lake Jeleń,MLP,10,fourway_common_query,proposed_weighted_d_optimal,,,,-0.0151148143085452,0.1263725045261246,0.1153165080781,5.0,29.0
Lake Jeleń,MLP,10,fourway_common_query,unweighted_d_optimal,,,,-0.0137166928068036,0.124754249003071,0.1153165080781,5.0,29.0
Lake Jeleń,PLSR,1,fourway_common_query,farthest_point_kennard_stone,,,,-0.1070853879038278,0.2500243350978132,0.1378401931603262,18.0,100.0
Lake Jeleń,PLSR,1,fourway_common_query,proposed_weighted_d_optimal,,,,0.0031155277688401,0.1325287417035757,0.1378401931603262,18.0,100.0
Lake Jeleń,PLSR,1,fourway_common_query,unweighted_d_optimal,,,,-0.0,0.1356442694724158,0.1378401931603262,18.0,100.0
Lake Jeleń,PLSR,3,fourway_common_query,farthest_point_kennard_stone,,,,0.00023532365300649998,0.13012290539785176,0.13013510264510658,13.0,100.0
Lake Jeleń,PLSR,3,fourway_common_query,proposed_weighted_d_optimal,,,,-0.0029550700282434004,0.13460451010231694,0.13013510264510658,13.0,100.0
Lake Jeleń,PLSR,3,fourway_common_query,unweighted_d_optimal,,,,0.00788471636935755,0.1186563065649067,0.13013510264510658,13.0,100.0
Lake Jeleń,PLSR,5,fourway_common_query,farthest_point_kennard_stone,,,,-0.0453427247743966,0.16667158650025796,0.12311763257185705,9.0,100.0
Lake Jeleń,PLSR,5,fourway_common_query,proposed_weighted_d_optimal,,,,-0.01953000210579265,0.1442277792697939,0.12311763257185705,9.0,100.0
Lake Jeleń,PLSR,5,fourway_common_query,unweighted_d_optimal,,,,-0.00404728262390165,0.12517150746270767,0.12311763257185705,9.0,100.0
Lake Jeleń,PLSR,10,fourway_common_query,farthest_point_kennard_stone,,,,-0.0112278950051158,0.11714859812444164,0.1149657115865913,5.0,20.0
Lake Jeleń,PLSR,10,fourway_common_query,proposed_weighted_d_optimal,,,,-0.020372549576220852,0.14312424905569215,0.1149657115865913,5.0,20.0
Lake Jeleń,PLSR,10,fourway_common_query,unweighted_d_optimal,,,,-0.0204068170689142,0.13209492224269553,0.1149657115865913,5.0,20.0
Lake Jeleń,XGBoost,1,fourway_common_query,farthest_point_kennard_stone,,,,0.0190476932660663,0.1120960813868721,0.1314472508457117,18.0,100.0
Lake Jeleń,XGBoost,1,fourway_common_query,proposed_weighted_d_optimal,,,,-0.0183954246622118,0.1514272088935263,0.1314472508457117,18.0,100.0
Lake Jeleń,XGBoost,1,fourway_common_query,unweighted_d_optimal,,,,0.005973890029761,0.1248569498240622,0.1314472508457117,18.0,100.0
Lake Jeleń,XGBoost,3,fourway_common_query,farthest_point_kennard_stone,,,,-0.032146711628582056,0.12877696871323,0.09707244790324895,13.0,100.0
Lake Jeleń,XGBoost,3,fourway_common_query,proposed_weighted_d_optimal,,,,-0.08162750321735435,0.1800064408562364,0.09707244790324895,13.0,100.0
Lake Jeleń,XGBoost,3,fourway_common_query,unweighted_d_optimal,,,,-0.00724103953869625,0.10545824743910305,0.09707244790324895,13.0,100.0
Lake Jeleń,XGBoost,5,fourway_common_query,farthest_point_kennard_stone,,,,-0.0072881654162539,0.12148882641332226,0.11417619968297785,9.0,100.0
Lake Jeleń,XGBoost,5,fourway_common_query,proposed_weighted_d_optimal,,,,-0.04637729785862715,0.16504851438825952,0.11417619968297785,9.0,100.0
Lake Jeleń,XGBoost,5,fourway_common_query,unweighted_d_optimal,,,,-0.038948876308598,0.15626118575958964,0.11417619968297785,9.0,100.0
Lake Jeleń,XGBoost,10,fourway_common_query,farthest_point_kennard_stone,,,,-0.037294185654699205,0.1419130770191463,0.10896568943537041,5.0,26.0
Lake Jeleń,XGBoost,10,fourway_common_query,proposed_weighted_d_optimal,,,,-0.0158280999924924,0.1226118517470934,0.10896568943537041,5.0,26.0
Lake Jeleń,XGBoost,10,fourway_common_query,unweighted_d_optimal,,,,-0.00847472674405335,0.11323802900703435,0.10896568943537041,5.0,26.0
Lake Kasumigaura,MLP,1,fourway_common_query,farthest_point_kennard_stone,,,,0.01571026995477485,0.1202392463571096,0.1359760950473596,185.0,100.0
Lake Kasumigaura,MLP,1,fourway_common_query,proposed_weighted_d_optimal,,,,0.02044728810854295,0.1154742055718398,0.1359760950473596,185.0,100.0
Lake Kasumigaura,MLP,1,fourway_common_query,unweighted_d_optimal,,,,0.01571026995477485,0.1202392463571096,0.1359760950473596,185.0,100.0
Lake Kasumigaura,MLP,3,fourway_common_query,farthest_point_kennard_stone,,,,0.01452293604576905,0.108526301741347,0.1229409159886253,177.0,100.0
Lake Kasumigaura,MLP,3,fourway_common_query,proposed_weighted_d_optimal,,,,-0.00192780652234895,0.12415754439329685,0.1229409159886253,177.0,100.0
Lake Kasumigaura,MLP,3,fourway_common_query,unweighted_d_optimal,,,,0.008746658029613899,0.11397440059326645,0.1229409159886253,177.0,100.0
Lake Kasumigaura,MLP,5,fourway_common_query,farthest_point_kennard_stone,,,,0.014258617353271101,0.1111410908601192,0.12524556254302832,171.0,100.0
Lake Kasumigaura,MLP,5,fourway_common_query,proposed_weighted_d_optimal,,,,-0.0197420360695515,0.1447723640202599,0.12524556254302832,171.0,100.0
Lake Kasumigaura,MLP,5,fourway_common_query,unweighted_d_optimal,,,,-0.01018959746339,0.13539405905298105,0.12524556254302832,171.0,100.0
Lake Kasumigaura,MLP,10,fourway_common_query,farthest_point_kennard_stone,,,,0.0095060545208795,0.10493761507093595,0.1144651468984973,155.0,100.0
Lake Kasumigaura,MLP,10,fourway_common_query,proposed_weighted_d_optimal,,,,0.0110230129549379,0.10334405962160835,0.1144651468984973,155.0,100.0
Lake Kasumigaura,MLP,10,fourway_common_query,unweighted_d_optimal,,,,0.01149095870161505,0.1033097943419164,0.1144651468984973,155.0,100.0
Lake Kasumigaura,PLSR,1,fourway_common_query,farthest_point_kennard_stone,,,,0.00262747941012495,0.189555339539938,0.19234181332116346,185.0,100.0
Lake Kasumigaura,PLSR,1,fourway_common_query,proposed_weighted_d_optimal,,,,0.03108899887063685,0.16146043552263784,0.19234181332116346,185.0,100.0
Lake Kasumigaura,PLSR,1,fourway_common_query,unweighted_d_optimal,,,,0.00262747941012495,0.189555339539938,0.19234181332116346,185.0,100.0
Lake Kasumigaura,PLSR,3,fourway_common_query,farthest_point_kennard_stone,,,,0.0078054201678932,0.1520571017028079,0.1598383402367614,177.0,100.0
Lake Kasumigaura,PLSR,3,fourway_common_query,proposed_weighted_d_optimal,,,,0.007321192347336551,0.15230753884952855,0.1598383402367614,177.0,100.0
Lake Kasumigaura,PLSR,3,fourway_common_query,unweighted_d_optimal,,,,-0.01714317910313665,0.17711870057826815,0.1598383402367614,177.0,100.0
Lake Kasumigaura,PLSR,5,fourway_common_query,farthest_point_kennard_stone,,,,0.0181733518800892,0.1493830046802396,0.16610962140684782,171.0,100.0
Lake Kasumigaura,PLSR,5,fourway_common_query,proposed_weighted_d_optimal,,,,0.0151876917099142,0.15191166512864607,0.16610962140684782,171.0,100.0
Lake Kasumigaura,PLSR,5,fourway_common_query,unweighted_d_optimal,,,,-0.015503246874103451,0.18305939106049784,0.16610962140684782,171.0,100.0
Lake Kasumigaura,PLSR,10,fourway_common_query,farthest_point_kennard_stone,,,,0.00497613561404255,0.14596409854813486,0.1510393532889837,155.0,100.0
Lake Kasumigaura,PLSR,10,fourway_common_query,proposed_weighted_d_optimal,,,,0.00016775798611105537,0.14994213410462845,0.1510393532889837,155.0,100.0
Lake Kasumigaura,PLSR,10,fourway_common_query,unweighted_d_optimal,,,,0.0112560531381685,0.14022328671057654,0.1510393532889837,155.0,100.0
Lake Kasumigaura,XGBoost,1,fourway_common_query,farthest_point_kennard_stone,,,,-0.045566108218374604,0.18992775530964623,0.1443999721182084,185.0,100.0
Lake Kasumigaura,XGBoost,1,fourway_common_query,proposed_weighted_d_optimal,,,,0.0165719841445695,0.1278515626469811,0.1443999721182084,185.0,100.0
Lake Kasumigaura,XGBoost,1,fourway_common_query,unweighted_d_optimal,,,,-0.045566108218374604,0.18992775530964623,0.1443999721182084,185.0,100.0
Lake Kasumigaura,XGBoost,3,fourway_common_query,farthest_point_kennard_stone,,,,0.01864154621467705,0.10599128866453185,0.125006675609656,177.0,100.0
Lake Kasumigaura,XGBoost,3,fourway_common_query,proposed_weighted_d_optimal,,,,0.00610871533395485,0.118002777097195,0.125006675609656,177.0,100.0
Lake Kasumigaura,XGBoost,3,fourway_common_query,unweighted_d_optimal,,,,0.008601935151308901,0.1166722392300367,0.125006675609656,177.0,100.0
Lake Kasumigaura,XGBoost,5,fourway_common_query,farthest_point_kennard_stone,,,,-0.0089541135139725,0.11875962331932169,0.11026392188749815,171.0,100.0
Lake Kasumigaura,XGBoost,5,fourway_common_query,proposed_weighted_d_optimal,,,,0.0079686235526762,0.1017956223534532,0.11026392188749815,171.0,100.0
Lake Kasumigaura,XGBoost,5,fourway_common_query,unweighted_d_optimal,,,,-0.0228823330260386,0.13290118069854234,0.11026392188749815,171.0,100.0
Lake Kasumigaura,XGBoost,10,fourway_common_query,farthest_point_kennard_stone,,,,-0.0047943644258840006,0.11070637314733345,0.1059152464386439,155.0,100.0
Lake Kasumigaura,XGBoost,10,fourway_common_query,proposed_weighted_d_optimal,,,,0.009985800436736601,0.09584912258640249,0.1059152464386439,155.0,100.0
Lake Kasumigaura,XGBoost,10,fourway_common_query,unweighted_d_optimal,,,,0.00624506651550115,0.0996826891624471,0.1059152464386439,155.0,100.0
Lake Kummerow,MLP,1,fourway_common_query,farthest_point_kennard_stone,,,,-0.5701393284476153,0.8919915810198986,0.31606772166333796,22.0,100.0
Lake Kummerow,MLP,1,fourway_common_query,proposed_weighted_d_optimal,,,,-0.13880978820380646,0.4597520013611347,0.31606772166333796,22.0,100.0
Lake Kummerow,MLP,1,fourway_common_query,unweighted_d_optimal,,,,0.00873855147962105,0.3105098710656565,0.31606772166333796,22.0,100.0
Lake Kummerow,MLP,3,fourway_common_query,farthest_point_kennard_stone,,,,-0.1087105730435651,0.4017551788932834,0.2917862281865049,17.0,100.0
Lake Kummerow,MLP,3,fourway_common_query,proposed_weighted_d_optimal,,,,0.0159113090372232,0.2724740499494565,0.2917862281865049,17.0,100.0
Lake Kummerow,MLP,3,fourway_common_query,unweighted_d_optimal,,,,0.01129786011283005,0.27771233449823907,0.2917862281865049,17.0,100.0
Lake Kummerow,MLP,5,fourway_common_query,farthest_point_kennard_stone,,,,-0.0107135403938035,0.29298826271419587,0.2881231164248088,13.0,100.0
Lake Kummerow,MLP,5,fourway_common_query,proposed_weighted_d_optimal,,,,-0.0245070464323619,0.30368240558018095,0.2881231164248088,13.0,100.0
Lake Kummerow,MLP,5,fourway_common_query,unweighted_d_optimal,,,,0.0005196716416844,0.27992768295663545,0.2881231164248088,13.0,100.0
Lake Kummerow,MLP,10,fourway_common_query,farthest_point_kennard_stone,,,,0.0126247168128894,0.2242778429621055,0.2443471901164823,7.0,77.0
Lake Kummerow,MLP,10,fourway_common_query,proposed_weighted_d_optimal,,,,0.0094980553408634,0.2320751280058214,0.2443471901164823,7.0,77.0
Lake Kummerow,MLP,10,fourway_common_query,unweighted_d_optimal,,,,-0.022393891146085,0.2649110910512722,0.2443471901164823,7.0,77.0
Lake Kummerow,PLSR,1,fourway_common_query,farthest_point_kennard_stone,,,,-0.4362836383857184,0.7948563031162866,0.3585726647305682,22.0,100.0
Lake Kummerow,PLSR,1,fourway_common_query,proposed_weighted_d_optimal,,,,-0.1445064145612217,0.50307907929179,0.3585726647305682,22.0,100.0
Lake Kummerow,PLSR,1,fourway_common_query,unweighted_d_optimal,,,,-0.0,0.3585726647305682,0.3585726647305682,22.0,100.0
Lake Kummerow,PLSR,3,fourway_common_query,farthest_point_kennard_stone,,,,-0.10790564467452204,0.4165558644584792,0.31321597475287827,17.0,100.0
Lake Kummerow,PLSR,3,fourway_common_query,proposed_weighted_d_optimal,,,,-0.00088408509346155,0.30527236276330527,0.31321597475287827,17.0,100.0
Lake Kummerow,PLSR,3,fourway_common_query,unweighted_d_optimal,,,,-0.008742147495469501,0.31456770131919737,0.31321597475287827,17.0,100.0
Lake Kummerow,PLSR,5,fourway_common_query,farthest_point_kennard_stone,,,,-0.0128679198953769,0.3243796231525605,0.31423275736597894,13.0,100.0
Lake Kummerow,PLSR,5,fourway_common_query,proposed_weighted_d_optimal,,,,-0.0280727627154363,0.3374054975217322,0.31423275736597894,13.0,100.0
Lake Kummerow,PLSR,5,fourway_common_query,unweighted_d_optimal,,,,0.00075973032133985,0.3146108200419967,0.31423275736597894,13.0,100.0
Lake Kummerow,PLSR,10,fourway_common_query,farthest_point_kennard_stone,,,,0.01324017015499315,0.2492729678344062,0.26834757355949956,6.0,78.0
Lake Kummerow,PLSR,10,fourway_common_query,proposed_weighted_d_optimal,,,,0.00389716537696625,0.2616385898168847,0.26834757355949956,6.0,78.0
Lake Kummerow,PLSR,10,fourway_common_query,unweighted_d_optimal,,,,-0.04156539835827435,0.3078543766063703,0.26834757355949956,6.0,78.0
Lake Kummerow,XGBoost,1,fourway_common_query,farthest_point_kennard_stone,,,,-0.3929489906766253,0.6886975597122953,0.3036854956768254,22.0,100.0
Lake Kummerow,XGBoost,1,fourway_common_query,proposed_weighted_d_optimal,,,,-0.0906037471511147,0.3840679998177912,0.3036854956768254,22.0,100.0
Lake Kummerow,XGBoost,1,fourway_common_query,unweighted_d_optimal,,,,0.0799941092013341,0.2236913864754912,0.3036854956768254,22.0,100.0
Lake Kummerow,XGBoost,3,fourway_common_query,farthest_point_kennard_stone,,,,-0.043066212597542855,0.3348718493452729,0.29091564292893823,17.0,100.0
Lake Kummerow,XGBoost,3,fourway_common_query,proposed_weighted_d_optimal,,,,0.01661062782959025,0.2730393907269347,0.29091564292893823,17.0,100.0
Lake Kummerow,XGBoost,3,fourway_common_query,unweighted_d_optimal,,,,0.026598782289072698,0.2597191882264416,0.29091564292893823,17.0,100.0
Lake Kummerow,XGBoost,5,fourway_common_query,farthest_point_kennard_stone,,,,0.0192273025511242,0.2683915162406322,0.2898043653100739,13.0,100.0
Lake Kummerow,XGBoost,5,fourway_common_query,proposed_weighted_d_optimal,,,,-0.00935828130886095,0.29710205644963705,0.2898043653100739,13.0,100.0
Lake Kummerow,XGBoost,5,fourway_common_query,unweighted_d_optimal,,,,0.023244037763677602,0.2641621987048096,0.2898043653100739,13.0,100.0
Lake Kummerow,XGBoost,10,fourway_common_query,farthest_point_kennard_stone,,,,0.01251502775557255,0.22758042152747215,0.2439102499053929,7.0,80.0
Lake Kummerow,XGBoost,10,fourway_common_query,proposed_weighted_d_optimal,,,,0.0063313351500963,0.2331537816634204,0.2439102499053929,7.0,80.0
Lake Kummerow,XGBoost,10,fourway_common_query,unweighted_d_optimal,,,,-0.005769311444011899,0.24622233202750898,0.2439102499053929,7.0,80.0
Lake Obłęże,MLP,1,fourway_common_query,farthest_point_kennard_stone,,,,0.04277133469650719,0.1510710991692407,0.19528109572142727,17.0,100.0
Lake Obłęże,MLP,1,fourway_common_query,proposed_weighted_d_optimal,,,,-0.0188208298694757,0.2089957635299689,0.19528109572142727,17.0,100.0
Lake Obłęże,MLP,1,fourway_common_query,unweighted_d_optimal,,,,0.04277133469650719,0.1510710991692407,0.19528109572142727,17.0,100.0
Lake Obłęże,MLP,3,fourway_common_query,farthest_point_kennard_stone,,,,-0.006023028584375249,0.1841391517607227,0.18047134842330165,11.0,100.0
Lake Obłęże,MLP,3,fourway_common_query,proposed_weighted_d_optimal,,,,0.01069412620235665,0.16420254764533335,0.18047134842330165,11.0,100.0
Lake Obłęże,MLP,3,fourway_common_query,unweighted_d_optimal,,,,-0.0008495957732103,0.17940890492690026,0.18047134842330165,11.0,100.0
Lake Obłęże,MLP,5,fourway_common_query,farthest_point_kennard_stone,,,,0.018278397467379248,0.1485755769310662,0.17273766596403395,8.0,100.0
Lake Obłęże,MLP,5,fourway_common_query,proposed_weighted_d_optimal,,,,0.0157099718426151,0.1504812305593395,0.17273766596403395,8.0,100.0
Lake Obłęże,MLP,5,fourway_common_query,unweighted_d_optimal,,,,-0.01135520261029195,0.17634399728122802,0.17273766596403395,8.0,100.0
Lake Obłęże,MLP,10,fourway_common_query,farthest_point_kennard_stone,,,,0.0240632089979584,0.1535428863671954,0.1776060953651538,5.0,1.0
Lake Obłęże,MLP,10,fourway_common_query,proposed_weighted_d_optimal,,,,0.0093081557147415,0.1682979396504123,0.1776060953651538,5.0,1.0
Lake Obłęże,MLP,10,fourway_common_query,unweighted_d_optimal,,,,-0.0067959879012281,0.184402083266382,0.1776060953651538,5.0,1.0
Lake Obłęże,PLSR,1,fourway_common_query,farthest_point_kennard_stone,,,,-0.0270635933317174,0.204613956803321,0.1858696048464545,17.0,100.0
Lake Obłęże,PLSR,1,fourway_common_query,proposed_weighted_d_optimal,,,,-0.1324397348805482,0.3106266697284817,0.1858696048464545,17.0,100.0
Lake Obłęże,PLSR,1,fourway_common_query,unweighted_d_optimal,,,,-0.0270635933317174,0.204613956803321,0.1858696048464545,17.0,100.0
Lake Obłęże,PLSR,3,fourway_common_query,farthest_point_kennard_stone,,,,0.01348608335575325,0.1911420254963612,0.21536356784600014,11.0,100.0
Lake Obłęże,PLSR,3,fourway_common_query,proposed_weighted_d_optimal,,,,0.023018620583992448,0.1821161461718639,0.21536356784600014,11.0,100.0
Lake Obłęże,PLSR,3,fourway_common_query,unweighted_d_optimal,,,,0.01666064052146725,0.18852389639612344,0.21536356784600014,11.0,100.0
Lake Obłęże,PLSR,5,fourway_common_query,farthest_point_kennard_stone,,,,0.0040015267457766505,0.1719981318199351,0.1798551036605462,8.0,100.0
Lake Obłęże,PLSR,5,fourway_common_query,proposed_weighted_d_optimal,,,,0.01193593622882375,0.16474879373786985,0.1798551036605462,8.0,100.0
Lake Obłęże,PLSR,5,fourway_common_query,unweighted_d_optimal,,,,-0.0250506972756208,0.20345393668886225,0.1798551036605462,8.0,100.0
Lake Obłęże,PLSR,10,fourway_common_query,farthest_point_kennard_stone,,,,-0.0049154790952631,0.1899623120877291,0.185046832992466,5.0,3.0
Lake Obłęże,PLSR,10,fourway_common_query,proposed_weighted_d_optimal,,,,0.0010963349846559,0.18395049800781,0.185046832992466,5.0,3.0
Lake Obłęże,PLSR,10,fourway_common_query,unweighted_d_optimal,,,,-0.0268789613157261,0.2119257943081921,0.185046832992466,5.0,3.0
Lake Obłęże,XGBoost,1,fourway_common_query,farthest_point_kennard_stone,,,,0.00865761748552355,0.1446165926671206,0.1511590012443489,17.0,100.0
Lake Obłęże,XGBoost,1,fourway_common_query,proposed_weighted_d_optimal,,,,0.0233367401568213,0.12734681594084463,0.1511590012443489,17.0,100.0
Lake Obłęże,XGBoost,1,fourway_common_query,unweighted_d_optimal,,,,0.00865761748552355,0.1446165926671206,0.1511590012443489,17.0,100.0
Lake Obłęże,XGBoost,3,fourway_common_query,farthest_point_kennard_stone,,,,-0.0028401982697826497,0.15428120622459562,0.15436653839643288,11.0,100.0
Lake Obłęże,XGBoost,3,fourway_common_query,proposed_weighted_d_optimal,,,,0.0097445272752126,0.143202778187261,0.15436653839643288,11.0,100.0
Lake Obłęże,XGBoost,3,fourway_common_query,unweighted_d_optimal,,,,0.008550631903638299,0.14416397773371845,0.15436653839643288,11.0,100.0
Lake Obłęże,XGBoost,5,fourway_common_query,farthest_point_kennard_stone,,,,0.00286241982131425,0.1528392496461553,0.15789548918218826,8.0,100.0
Lake Obłęże,XGBoost,5,fourway_common_query,proposed_weighted_d_optimal,,,,0.0149648425662569,0.1387610941145986,0.15789548918218826,8.0,100.0
Lake Obłęże,XGBoost,5,fourway_common_query,unweighted_d_optimal,,,,0.015953755962278902,0.13428750730358624,0.15789548918218826,8.0,100.0
Lake Obłęże,XGBoost,10,fourway_common_query,farthest_point_kennard_stone,,,,0.0005580529961764,0.1741650524902712,0.1747231054864476,5.0,1.0
Lake Obłęże,XGBoost,10,fourway_common_query,proposed_weighted_d_optimal,,,,0.0080362389797099,0.1666868665067377,0.1747231054864476,5.0,1.0
Lake Obłęże,XGBoost,10,fourway_common_query,unweighted_d_optimal,,,,0.0129680917533624,0.1617550137330851,0.1747231054864476,5.0,1.0
Lake Peipsi,MLP,1,fourway_common_query,farthest_point_kennard_stone,,,,0.0245689225657145,0.17091638418327887,0.1953433971200641,71.0,100.0
Lake Peipsi,MLP,1,fourway_common_query,proposed_weighted_d_optimal,,,,-0.2524957298179553,0.44824054753799303,0.1953433971200641,71.0,100.0
Lake Peipsi,MLP,1,fourway_common_query,unweighted_d_optimal,,,,0.0245689225657145,0.17091638418327887,0.1953433971200641,71.0,100.0
Lake Peipsi,MLP,3,fourway_common_query,farthest_point_kennard_stone,,,,0.0115346722910525,0.1763045569544732,0.18996603048992083,63.0,100.0
Lake Peipsi,MLP,3,fourway_common_query,proposed_weighted_d_optimal,,,,-0.04978444486848665,0.24060023366847125,0.18996603048992083,63.0,100.0
Lake Peipsi,MLP,3,fourway_common_query,unweighted_d_optimal,,,,0.0215646076302438,0.16804184772133163,0.18996603048992083,63.0,100.0
Lake Peipsi,MLP,5,fourway_common_query,farthest_point_kennard_stone,,,,0.032595907660710854,0.15840144037278514,0.189791957731116,58.0,100.0
Lake Peipsi,MLP,5,fourway_common_query,proposed_weighted_d_optimal,,,,-0.0092314601660457,0.1995719811255666,0.189791957731116,58.0,100.0
Lake Peipsi,MLP,5,fourway_common_query,unweighted_d_optimal,,,,-0.0899430587709375,0.2784415530498889,0.189791957731116,58.0,100.0
Lake Peipsi,MLP,10,fourway_common_query,farthest_point_kennard_stone,,,,0.0014669070273450498,0.1792134948727201,0.18046638361970951,42.0,100.0
Lake Peipsi,MLP,10,fourway_common_query,proposed_weighted_d_optimal,,,,0.0016953806407462,0.1780526260398338,0.18046638361970951,42.0,100.0
Lake Peipsi,MLP,10,fourway_common_query,unweighted_d_optimal,,,,-0.15643139673675022,0.3374149389979665,0.18046638361970951,42.0,100.0
Lake Peipsi,PLSR,1,fourway_common_query,farthest_point_kennard_stone,,,,-0.05141277019388265,0.280537755529292,0.2312693084349589,71.0,100.0
Lake Peipsi,PLSR,1,fourway_common_query,proposed_weighted_d_optimal,,,,-0.4243017328121903,0.6535292309689675,0.2312693084349589,71.0,100.0
Lake Peipsi,PLSR,1,fourway_common_query,unweighted_d_optimal,,,,-0.05141277019388265,0.280537755529292,0.2312693084349589,71.0,100.0
Lake Peipsi,PLSR,3,fourway_common_query,farthest_point_kennard_stone,,,,0.00812064550878585,0.1961619152537376,0.2041210825744184,63.0,100.0
Lake Peipsi,PLSR,3,fourway_common_query,proposed_weighted_d_optimal,,,,-0.07521906444571355,0.2796921333805566,0.2041210825744184,63.0,100.0
Lake Peipsi,PLSR,3,fourway_common_query,unweighted_d_optimal,,,,0.0037188582302995,0.20067161152204072,0.2041210825744184,63.0,100.0
Lake Peipsi,PLSR,5,fourway_common_query,farthest_point_kennard_stone,,,,0.03741821066934045,0.18133583593878327,0.21860671162175835,58.0,100.0
Lake Peipsi,PLSR,5,fourway_common_query,proposed_weighted_d_optimal,,,,-0.052224920543249204,0.2711000481667395,0.21860671162175835,58.0,100.0
Lake Peipsi,PLSR,5,fourway_common_query,unweighted_d_optimal,,,,-0.026915276734379552,0.2455657229353976,0.21860671162175835,58.0,100.0
Lake Peipsi,PLSR,10,fourway_common_query,farthest_point_kennard_stone,,,,0.00673825178067535,0.17617129236874352,0.1836588957489414,43.0,100.0
Lake Peipsi,PLSR,10,fourway_common_query,proposed_weighted_d_optimal,,,,-0.0057835182951183495,0.18777433544044636,0.1836588957489414,43.0,100.0
Lake Peipsi,PLSR,10,fourway_common_query,unweighted_d_optimal,,,,-0.1217985359076717,0.3034353648571124,0.1836588957489414,43.0,100.0
Lake Peipsi,XGBoost,1,fourway_common_query,farthest_point_kennard_stone,,,,0.0149871426118764,0.15138899046994064,0.1661622755068562,71.0,100.0
Lake Peipsi,XGBoost,1,fourway_common_query,proposed_weighted_d_optimal,,,,-0.3332024987833196,0.5000525109250474,0.1661622755068562,71.0,100.0
Lake Peipsi,XGBoost,1,fourway_common_query,unweighted_d_optimal,,,,0.0149871426118764,0.15138899046994064,0.1661622755068562,71.0,100.0
Lake Peipsi,XGBoost,3,fourway_common_query,farthest_point_kennard_stone,,,,0.0127259820598692,0.14945626513734175,0.16383072562426243,63.0,100.0
Lake Peipsi,XGBoost,3,fourway_common_query,proposed_weighted_d_optimal,,,,-0.09661928301050805,0.25953405944703056,0.16383072562426243,63.0,100.0
Lake Peipsi,XGBoost,3,fourway_common_query,unweighted_d_optimal,,,,0.0129963769946192,0.14979192529034668,0.16383072562426243,63.0,100.0
Lake Peipsi,XGBoost,5,fourway_common_query,farthest_point_kennard_stone,,,,0.02045037902776225,0.1410396378557739,0.16297916756152908,58.0,100.0
Lake Peipsi,XGBoost,5,fourway_common_query,proposed_weighted_d_optimal,,,,-0.04765024032825015,0.21160138146456697,0.16297916756152908,58.0,100.0
Lake Peipsi,XGBoost,5,fourway_common_query,unweighted_d_optimal,,,,-0.10481607532549235,0.26638063644305193,0.16297916756152908,58.0,100.0
Lake Peipsi,XGBoost,10,fourway_common_query,farthest_point_kennard_stone,,,,0.00878051457182335,0.1580071169203079,0.1680042581664251,42.0,100.0
Lake Peipsi,XGBoost,10,fourway_common_query,proposed_weighted_d_optimal,,,,-0.0023060501336635,0.16897341552228257,0.1680042581664251,42.0,100.0
Lake Peipsi,XGBoost,10,fourway_common_query,unweighted_d_optimal,,,,-0.10165345095377865,0.26797151382232964,0.1680042581664251,42.0,100.0
Lake Winnipeg,MLP,1,fourway_common_query,farthest_point_kennard_stone,,,,0.0516154958601008,0.21517226872873868,0.2668427361641785,42.0,100.0
Lake Winnipeg,MLP,1,fourway_common_query,proposed_weighted_d_optimal,,,,-0.1247446704997553,0.3883382274213594,0.2668427361641785,42.0,100.0
Lake Winnipeg,MLP,1,fourway_common_query,unweighted_d_optimal,,,,0.0516154958601008,0.21517226872873868,0.2668427361641785,42.0,100.0
Lake Winnipeg,MLP,3,fourway_common_query,farthest_point_kennard_stone,,,,-0.0502558780491504,0.2647793677669952,0.21196782576654355,36.0,100.0
Lake Winnipeg,MLP,3,fourway_common_query,proposed_weighted_d_optimal,,,,-0.0497978019604401,0.26446458935979666,0.21196782576654355,36.0,100.0
Lake Winnipeg,MLP,3,fourway_common_query,unweighted_d_optimal,,,,-0.068244236823338,0.28338646489512526,0.21196782576654355,36.0,100.0
Lake Winnipeg,MLP,5,fourway_common_query,farthest_point_kennard_stone,,,,0.02010876164190765,0.20633463905281865,0.22933799342903935,31.0,100.0
Lake Winnipeg,MLP,5,fourway_common_query,proposed_weighted_d_optimal,,,,0.02895276467708165,0.20130125435430385,0.22933799342903935,31.0,100.0
Lake Winnipeg,MLP,5,fourway_common_query,unweighted_d_optimal,,,,0.0292796391789117,0.19743037218851683,0.22933799342903935,31.0,100.0
Lake Winnipeg,MLP,10,fourway_common_query,farthest_point_kennard_stone,,,,-0.0017879722576572,0.194200789735529,0.19136712440009623,22.0,100.0
Lake Winnipeg,MLP,10,fourway_common_query,proposed_weighted_d_optimal,,,,0.02328560826364785,0.16794473004323157,0.19136712440009623,22.0,100.0
Lake Winnipeg,MLP,10,fourway_common_query,unweighted_d_optimal,,,,-0.03566744545021445,0.22381326834017035,0.19136712440009623,22.0,100.0
Lake Winnipeg,PLSR,1,fourway_common_query,farthest_point_kennard_stone,,,,-0.1980037716232008,0.5374676406256854,0.3340952429101773,42.0,100.0
Lake Winnipeg,PLSR,1,fourway_common_query,proposed_weighted_d_optimal,,,,-0.2877817721860916,0.6272456411885761,0.3340952429101773,42.0,100.0
Lake Winnipeg,PLSR,1,fourway_common_query,unweighted_d_optimal,,,,-0.1980037716232008,0.5374676406256854,0.3340952429101773,42.0,100.0
Lake Winnipeg,PLSR,3,fourway_common_query,farthest_point_kennard_stone,,,,-0.3253993200193849,0.6089294108681151,0.28175922542884346,36.0,100.0
Lake Winnipeg,PLSR,3,fourway_common_query,proposed_weighted_d_optimal,,,,-0.13126984362776695,0.4152238806681904,0.28175922542884346,36.0,100.0
Lake Winnipeg,PLSR,3,fourway_common_query,unweighted_d_optimal,,,,-0.0667513432322729,0.35023678835290445,0.28175922542884346,36.0,100.0
Lake Winnipeg,PLSR,5,fourway_common_query,farthest_point_kennard_stone,,,,-0.05685017678279165,0.3624213668780861,0.3101983276765269,31.0,100.0
Lake Winnipeg,PLSR,5,fourway_common_query,proposed_weighted_d_optimal,,,,-0.03273192042852335,0.3383094118354266,0.3101983276765269,31.0,100.0
Lake Winnipeg,PLSR,5,fourway_common_query,unweighted_d_optimal,,,,-0.12957320097051656,0.4306430686287217,0.3101983276765269,31.0,100.0
Lake Winnipeg,PLSR,10,fourway_common_query,farthest_point_kennard_stone,,,,-0.0437416750808163,0.3251461381998114,0.28358565417713505,22.0,100.0
Lake Winnipeg,PLSR,10,fourway_common_query,proposed_weighted_d_optimal,,,,-0.0042339215282106,0.2842144710481467,0.28358565417713505,22.0,100.0
Lake Winnipeg,PLSR,10,fourway_common_query,unweighted_d_optimal,,,,-0.12410318687583785,0.40680958832817665,0.28358565417713505,22.0,100.0
Lake Winnipeg,XGBoost,1,fourway_common_query,farthest_point_kennard_stone,,,,0.040623707802828604,0.1960428519609378,0.23634277927053982,42.0,100.0
Lake Winnipeg,XGBoost,1,fourway_common_query,proposed_weighted_d_optimal,,,,-0.02329918664649935,0.2646422269443877,0.23634277927053982,42.0,100.0
Lake Winnipeg,XGBoost,1,fourway_common_query,unweighted_d_optimal,,,,0.040623707802828604,0.1960428519609378,0.23634277927053982,42.0,100.0
Lake Winnipeg,XGBoost,3,fourway_common_query,farthest_point_kennard_stone,,,,-0.0869961896900229,0.2891371283600282,0.20122965587716268,36.0,100.0
Lake Winnipeg,XGBoost,3,fourway_common_query,proposed_weighted_d_optimal,,,,-0.0602501394378135,0.2625236544063819,0.20122965587716268,36.0,100.0
Lake Winnipeg,XGBoost,3,fourway_common_query,unweighted_d_optimal,,,,0.0047314875560304,0.19658526572676055,0.20122965587716268,36.0,100.0
Lake Winnipeg,XGBoost,5,fourway_common_query,farthest_point_kennard_stone,,,,0.01984352704842665,0.19125262963852274,0.2136579468857997,31.0,100.0
Lake Winnipeg,XGBoost,5,fourway_common_query,proposed_weighted_d_optimal,,,,0.0422077537487437,0.17074460687148812,0.2136579468857997,31.0,100.0
Lake Winnipeg,XGBoost,5,fourway_common_query,unweighted_d_optimal,,,,0.0173242319687048,0.1932466312979739,0.2136579468857997,31.0,100.0
Lake Winnipeg,XGBoost,10,fourway_common_query,farthest_point_kennard_stone,,,,-0.045881668489670804,0.21778768260653258,0.16876792057128698,21.0,100.0
Lake Winnipeg,XGBoost,10,fourway_common_query,proposed_weighted_d_optimal,,,,0.02856983861608005,0.13880324594049293,0.16876792057128698,21.0,100.0
Lake Winnipeg,XGBoost,10,fourway_common_query,unweighted_d_optimal,,,,-0.00363532443990575,0.1742352517245225,0.16876792057128698,21.0,100.0
Lake Łebsko,MLP,1,fourway_common_query,farthest_point_kennard_stone,,,,-0.2659039292665014,0.4183211345723567,0.14928742155465036,29.0,100.0
Lake Łebsko,MLP,1,fourway_common_query,proposed_weighted_d_optimal,,,,0.0144043680554904,0.1352226069421984,0.14928742155465036,29.0,100.0
Lake Łebsko,MLP,1,fourway_common_query,unweighted_d_optimal,,,,-0.2659039292665014,0.4183211345723567,0.14928742155465036,29.0,100.0
Lake Łebsko,MLP,3,fourway_common_query,farthest_point_kennard_stone,,,,-0.08575557939019796,0.22749336682090843,0.1430636241855638,23.0,100.0
Lake Łebsko,MLP,3,fourway_common_query,proposed_weighted_d_optimal,,,,-0.01258538838161585,0.15548289605462434,0.1430636241855638,23.0,100.0
Lake Łebsko,MLP,3,fourway_common_query,unweighted_d_optimal,,,,-0.1046147510142671,0.24609278001314835,0.1430636241855638,23.0,100.0
Lake Łebsko,MLP,5,fourway_common_query,farthest_point_kennard_stone,,,,0.0009464140378905,0.12540156451504414,0.1249463708056856,19.0,100.0
Lake Łebsko,MLP,5,fourway_common_query,proposed_weighted_d_optimal,,,,-0.0152615341828833,0.13901178609153741,0.1249463708056856,19.0,100.0
Lake Łebsko,MLP,5,fourway_common_query,unweighted_d_optimal,,,,-0.02739235956466805,0.15542370361963115,0.1249463708056856,19.0,100.0
Lake Łebsko,MLP,10,fourway_common_query,farthest_point_kennard_stone,,,,0.01094049831333515,0.10931633854697906,0.13021088916665347,10.0,98.0
Lake Łebsko,MLP,10,fourway_common_query,proposed_weighted_d_optimal,,,,-0.0031189278539474497,0.1248619186809202,0.13021088916665347,10.0,98.0
Lake Łebsko,MLP,10,fourway_common_query,unweighted_d_optimal,,,,-0.0075672426516913,0.12860539565620893,0.13021088916665347,10.0,98.0
Lake Łebsko,PLSR,1,fourway_common_query,farthest_point_kennard_stone,,,,-0.096081423460017,0.2655528804774721,0.1740415452702921,29.0,100.0
Lake Łebsko,PLSR,1,fourway_common_query,proposed_weighted_d_optimal,,,,0.0388489185312175,0.13660563184737406,0.1740415452702921,29.0,100.0
Lake Łebsko,PLSR,1,fourway_common_query,unweighted_d_optimal,,,,-0.096081423460017,0.2655528804774721,0.1740415452702921,29.0,100.0
Lake Łebsko,PLSR,3,fourway_common_query,farthest_point_kennard_stone,,,,-0.0669812385577163,0.20941428135701712,0.1435921812216675,24.0,100.0
Lake Łebsko,PLSR,3,fourway_common_query,proposed_weighted_d_optimal,,,,0.00130686189876495,0.1409062174982431,0.1435921812216675,24.0,100.0
Lake Łebsko,PLSR,3,fourway_common_query,unweighted_d_optimal,,,,-0.05029122198007565,0.1929588517289991,0.1435921812216675,24.0,100.0
Lake Łebsko,PLSR,5,fourway_common_query,farthest_point_kennard_stone,,,,-0.004569408110902199,0.1528890583541933,0.15021809459878593,18.0,100.0
Lake Łebsko,PLSR,5,fourway_common_query,proposed_weighted_d_optimal,,,,0.0063604457649429,0.14170363182373724,0.15021809459878593,18.0,100.0
Lake Łebsko,PLSR,5,fourway_common_query,unweighted_d_optimal,,,,0.01359505255546745,0.13322350055871185,0.15021809459878593,18.0,100.0
Lake Łebsko,PLSR,10,fourway_common_query,farthest_point_kennard_stone,,,,0.00015911408910570775,0.13373001381549476,0.1383540360106614,10.0,98.0
Lake Łebsko,PLSR,10,fourway_common_query,proposed_weighted_d_optimal,,,,0.0066207895262257,0.12857169091608261,0.1383540360106614,10.0,98.0
Lake Łebsko,PLSR,10,fourway_common_query,unweighted_d_optimal,,,,0.00196713310363205,0.13449631960266112,0.1383540360106614,10.0,98.0
Lake Łebsko,XGBoost,1,fourway_common_query,farthest_point_kennard_stone,,,,-0.0107023748190714,0.1140114711447746,0.1047208626842401,29.0,100.0
Lake Łebsko,XGBoost,1,fourway_common_query,proposed_weighted_d_optimal,,,,-0.0341825846300518,0.137491680955755,0.1047208626842401,29.0,100.0
Lake Łebsko,XGBoost,1,fourway_common_query,unweighted_d_optimal,,,,-0.0107023748190714,0.1140114711447746,0.1047208626842401,29.0,100.0
Lake Łebsko,XGBoost,3,fourway_common_query,farthest_point_kennard_stone,,,,-0.00867623018181675,0.10135089979906789,0.09394501679802461,23.5,100.0
Lake Łebsko,XGBoost,3,fourway_common_query,proposed_weighted_d_optimal,,,,-0.032218095871527005,0.1254458778911778,0.09394501679802461,23.5,100.0
Lake Łebsko,XGBoost,3,fourway_common_query,unweighted_d_optimal,,,,-0.046227472176249396,0.13937531691820795,0.09394501679802461,23.5,100.0
Lake Łebsko,XGBoost,5,fourway_common_query,farthest_point_kennard_stone,,,,0.0153017072122817,0.08887490266488315,0.1058395820112488,19.0,100.0
Lake Łebsko,XGBoost,5,fourway_common_query,proposed_weighted_d_optimal,,,,-6.478893067680003e-05,0.1040498646413992,0.1058395820112488,19.0,100.0
Lake Łebsko,XGBoost,5,fourway_common_query,unweighted_d_optimal,,,,-0.02849874017559835,0.13198156837456335,0.1058395820112488,19.0,100.0
Lake Łebsko,XGBoost,10,fourway_common_query,farthest_point_kennard_stone,,,,0.0049449038053643,0.09863928797147764,0.1053953978902505,10.0,100.0
Lake Łebsko,XGBoost,10,fourway_common_query,proposed_weighted_d_optimal,,,,0.00596731565465645,0.09745054564915326,0.1053953978902505,10.0,100.0
Lake Łebsko,XGBoost,10,fourway_common_query,unweighted_d_optimal,,,,-0.0014677352029527,0.10080722491219354,0.1053953978902505,10.0,100.0
Mantova,MLP,1,fourway_common_query,farthest_point_kennard_stone,,,,0.03836268288734755,0.1649475946827981,0.2052061994789693,28.0,100.0
Mantova,MLP,1,fourway_common_query,proposed_weighted_d_optimal,,,,-0.21181537407275555,0.411676668105835,0.2052061994789693,28.0,100.0
Mantova,MLP,1,fourway_common_query,unweighted_d_optimal,,,,0.03836268288734755,0.1649475946827981,0.2052061994789693,28.0,100.0
Mantova,MLP,3,fourway_common_query,farthest_point_kennard_stone,,,,0.0222106314065376,0.15757670777545313,0.17967052925916893,22.0,100.0
Mantova,MLP,3,fourway_common_query,proposed_weighted_d_optimal,,,,0.015838154395163548,0.1635785010713724,0.17967052925916893,22.0,100.0
Mantova,MLP,3,fourway_common_query,unweighted_d_optimal,,,,0.015072295462005,0.1643928378215217,0.17967052925916893,22.0,100.0
Mantova,MLP,5,fourway_common_query,farthest_point_kennard_stone,,,,0.018289211298707253,0.16205147005256854,0.1820292950149482,18.0,100.0
Mantova,MLP,5,fourway_common_query,proposed_weighted_d_optimal,,,,0.015057341479663151,0.1646709581080082,0.1820292950149482,18.0,100.0
Mantova,MLP,5,fourway_common_query,unweighted_d_optimal,,,,0.01459083352577975,0.1614928742869505,0.1820292950149482,18.0,100.0
Mantova,MLP,10,fourway_common_query,farthest_point_kennard_stone,,,,0.0047275739510845,0.14490993797559143,0.1526093800127239,9.0,100.0
Mantova,MLP,10,fourway_common_query,proposed_weighted_d_optimal,,,,-0.0046683878580292,0.1537380809731811,0.1526093800127239,9.0,100.0
Mantova,MLP,10,fourway_common_query,unweighted_d_optimal,,,,0.01083878820156995,0.13682523258409215,0.1526093800127239,9.0,100.0
Mantova,PLSR,1,fourway_common_query,farthest_point_kennard_stone,,,,-0.0064972893692357,0.1768734132860009,0.1753227237545374,28.0,100.0
Mantova,PLSR,1,fourway_common_query,proposed_weighted_d_optimal,,,,-0.0881939970271425,0.265790308195219,0.1753227237545374,28.0,100.0
Mantova,PLSR,1,fourway_common_query,unweighted_d_optimal,,,,-0.0064972893692357,0.1768734132860009,0.1753227237545374,28.0,100.0
Mantova,PLSR,3,fourway_common_query,farthest_point_kennard_stone,,,,0.0122582969685522,0.1474456581276547,0.16163446884353438,22.0,100.0
Mantova,PLSR,3,fourway_common_query,proposed_weighted_d_optimal,,,,0.0080460535522292,0.1509410287462373,0.16163446884353438,22.0,100.0
Mantova,PLSR,3,fourway_common_query,unweighted_d_optimal,,,,0.009855845881027999,0.149756909705102,0.16163446884353438,22.0,100.0
Mantova,PLSR,5,fourway_common_query,farthest_point_kennard_stone,,,,0.01884045367702085,0.1536050598130625,0.17482351609997632,18.0,100.0
Mantova,PLSR,5,fourway_common_query,proposed_weighted_d_optimal,,,,-0.00247507519650165,0.1766701647396257,0.17482351609997632,18.0,100.0
Mantova,PLSR,5,fourway_common_query,unweighted_d_optimal,,,,0.01882513122882295,0.15163061972322167,0.17482351609997632,18.0,100.0
Mantova,PLSR,10,fourway_common_query,farthest_point_kennard_stone,,,,0.0051445820212364,0.1424233683790086,0.1441972480721219,10.0,99.0
Mantova,PLSR,10,fourway_common_query,proposed_weighted_d_optimal,,,,-0.0142690427515462,0.1501957826630264,0.1441972480721219,10.0,99.0
Mantova,PLSR,10,fourway_common_query,unweighted_d_optimal,,,,0.00991343178094,0.1358603832930037,0.1441972480721219,10.0,99.0
Mantova,XGBoost,1,fourway_common_query,farthest_point_kennard_stone,,,,0.0225125523905669,0.1491345608366404,0.17364764593847687,28.0,100.0
Mantova,XGBoost,1,fourway_common_query,proposed_weighted_d_optimal,,,,-0.2052092620056435,0.3750509750026566,0.17364764593847687,28.0,100.0
Mantova,XGBoost,1,fourway_common_query,unweighted_d_optimal,,,,0.0225125523905669,0.1491345608366404,0.17364764593847687,28.0,100.0
Mantova,XGBoost,3,fourway_common_query,farthest_point_kennard_stone,,,,0.025896664383833798,0.14119375006641222,0.16580243078521595,22.0,100.0
Mantova,XGBoost,3,fourway_common_query,proposed_weighted_d_optimal,,,,0.017273781438836053,0.1484399372040213,0.16580243078521595,22.0,100.0
Mantova,XGBoost,3,fourway_common_query,unweighted_d_optimal,,,,0.022580077826666052,0.1449414033779721,0.16580243078521595,22.0,100.0
Mantova,XGBoost,5,fourway_common_query,farthest_point_kennard_stone,,,,0.028137437670325602,0.14213397020356094,0.16840137267998811,18.0,100.0
Mantova,XGBoost,5,fourway_common_query,proposed_weighted_d_optimal,,,,0.0003108281464706278,0.1717874507364069,0.16840137267998811,18.0,100.0
Mantova,XGBoost,5,fourway_common_query,unweighted_d_optimal,,,,0.0142136365369053,0.15526056648733144,0.16840137267998811,18.0,100.0
Mantova,XGBoost,10,fourway_common_query,farthest_point_kennard_stone,,,,0.0036608638334755,0.14885420580295822,0.15636081111776945,10.0,100.0
Mantova,XGBoost,10,fourway_common_query,proposed_weighted_d_optimal,,,,-0.0365858012680262,0.18931051556165235,0.15636081111776945,10.0,100.0
Mantova,XGBoost,10,fourway_common_query,unweighted_d_optimal,,,,0.0145524933389288,0.13681643695223625,0.15636081111776945,10.0,100.0
Morse Reservoir,MLP,1,fourway_common_query,farthest_point_kennard_stone,,,,-0.1342054050948282,0.3018293123833558,0.1654824142875825,50.0,100.0
Morse Reservoir,MLP,1,fourway_common_query,proposed_weighted_d_optimal,,,,0.0172665389068455,0.1471038141188521,0.1654824142875825,50.0,100.0
Morse Reservoir,MLP,1,fourway_common_query,unweighted_d_optimal,,,,-0.1342054050948282,0.3018293123833558,0.1654824142875825,50.0,100.0
Morse Reservoir,MLP,3,fourway_common_query,farthest_point_kennard_stone,,,,-0.02766495681189915,0.17866461548124352,0.151574244061707,44.0,100.0
Morse Reservoir,MLP,3,fourway_common_query,proposed_weighted_d_optimal,,,,0.0115492262464637,0.1368112572102006,0.151574244061707,44.0,100.0
Morse Reservoir,MLP,3,fourway_common_query,unweighted_d_optimal,,,,-0.0020820266021848,0.1526412442733865,0.151574244061707,44.0,100.0
Morse Reservoir,MLP,5,fourway_common_query,farthest_point_kennard_stone,,,,-0.0009665649786440001,0.10585656014774919,0.1063118956619026,38.0,100.0
Morse Reservoir,MLP,5,fourway_common_query,proposed_weighted_d_optimal,,,,0.01116586967116365,0.0940744777700351,0.1063118956619026,38.0,100.0
Morse Reservoir,MLP,5,fourway_common_query,unweighted_d_optimal,,,,0.0100144306577035,0.09524155200561396,0.1063118956619026,38.0,100.0
Morse Reservoir,MLP,10,fourway_common_query,farthest_point_kennard_stone,,,,-0.00915191381544995,0.10539820297511304,0.0955699976966667,26.0,100.0
Morse Reservoir,MLP,10,fourway_common_query,proposed_weighted_d_optimal,,,,0.00520336505870955,0.0892915832434784,0.0955699976966667,26.0,100.0
Morse Reservoir,MLP,10,fourway_common_query,unweighted_d_optimal,,,,-0.0035527642971776,0.09779769528440094,0.0955699976966667,26.0,100.0
Morse Reservoir,PLSR,1,fourway_common_query,farthest_point_kennard_stone,,,,-0.3795464792520141,0.6340602718458326,0.2504125055510519,50.0,100.0
Morse Reservoir,PLSR,1,fourway_common_query,proposed_weighted_d_optimal,,,,0.0464747829999243,0.203518499797105,0.2504125055510519,50.0,100.0
Morse Reservoir,PLSR,1,fourway_common_query,unweighted_d_optimal,,,,-0.3795464792520141,0.6340602718458326,0.2504125055510519,50.0,100.0
Morse Reservoir,PLSR,3,fourway_common_query,farthest_point_kennard_stone,,,,0.05705338421970475,0.14033654482017643,0.19977276381890796,44.0,100.0
Morse Reservoir,PLSR,3,fourway_common_query,proposed_weighted_d_optimal,,,,0.00389891761672395,0.1924856267813039,0.19977276381890796,44.0,100.0
Morse Reservoir,PLSR,3,fourway_common_query,unweighted_d_optimal,,,,0.09354184225776385,0.1054937674884867,0.19977276381890796,44.0,100.0
Morse Reservoir,PLSR,5,fourway_common_query,farthest_point_kennard_stone,,,,-0.01204943064719665,0.09173052149481375,0.07763478278235114,38.0,100.0
Morse Reservoir,PLSR,5,fourway_common_query,proposed_weighted_d_optimal,,,,-0.04853029643457685,0.12975794936382345,0.07763478278235114,38.0,100.0
Morse Reservoir,PLSR,5,fourway_common_query,unweighted_d_optimal,,,,-0.023256315565876352,0.10205902568504065,0.07763478278235114,38.0,100.0
Morse Reservoir,PLSR,10,fourway_common_query,farthest_point_kennard_stone,,,,0.0148556633312908,0.0530756360216207,0.0678406685991549,26.0,100.0
Morse Reservoir,PLSR,10,fourway_common_query,proposed_weighted_d_optimal,,,,-0.0247634865594412,0.09383219585428575,0.0678406685991549,26.0,100.0
Morse Reservoir,PLSR,10,fourway_common_query,unweighted_d_optimal,,,,-0.0084520304127785,0.07445651921898674,0.0678406685991549,26.0,100.0
Morse Reservoir,XGBoost,1,fourway_common_query,farthest_point_kennard_stone,,,,-0.0,0.11118330251272675,0.1106341894192053,50.0,100.0
Morse Reservoir,XGBoost,1,fourway_common_query,proposed_weighted_d_optimal,,,,-0.0183695526719461,0.1295087099830364,0.1106341894192053,50.0,100.0
Morse Reservoir,XGBoost,1,fourway_common_query,unweighted_d_optimal,,,,-0.0,0.11118330251272675,0.1106341894192053,50.0,100.0
Morse Reservoir,XGBoost,3,fourway_common_query,farthest_point_kennard_stone,,,,0.0076515522777451505,0.08694410162768626,0.0958236792179115,44.0,100.0
Morse Reservoir,XGBoost,3,fourway_common_query,proposed_weighted_d_optimal,,,,0.0017252568565878502,0.09286475314325834,0.0958236792179115,44.0,100.0
Morse Reservoir,XGBoost,3,fourway_common_query,unweighted_d_optimal,,,,0.00463745616335425,0.08972755017775094,0.0958236792179115,44.0,100.0
Morse Reservoir,XGBoost,5,fourway_common_query,farthest_point_kennard_stone,,,,-0.0313047904990369,0.116883418672941,0.08665740097614236,38.0,100.0
Morse Reservoir,XGBoost,5,fourway_common_query,proposed_weighted_d_optimal,,,,0.0088862726940315,0.07723353706658956,0.08665740097614236,38.0,100.0
Morse Reservoir,XGBoost,5,fourway_common_query,unweighted_d_optimal,,,,0.00918747257128845,0.0765117292539149,0.08665740097614236,38.0,100.0
Morse Reservoir,XGBoost,10,fourway_common_query,farthest_point_kennard_stone,,,,-0.00426568190048395,0.0858868483671104,0.08382896013269661,26.0,100.0
Morse Reservoir,XGBoost,10,fourway_common_query,proposed_weighted_d_optimal,,,,0.0067622229338347006,0.0749792513243876,0.08382896013269661,26.0,100.0
Morse Reservoir,XGBoost,10,fourway_common_query,unweighted_d_optimal,,,,0.00226651667058535,0.0794395940628129,0.08382896013269661,26.0,100.0
Taihu,MLP,1,fourway_common_query,farthest_point_kennard_stone,,,,0.01283525809707675,0.19420980168693364,0.20674930387080115,184.0,100.0
Taihu,MLP,1,fourway_common_query,proposed_weighted_d_optimal,,,,0.0158241007372963,0.19035105074880698,0.20674930387080115,184.0,100.0
Taihu,MLP,1,fourway_common_query,unweighted_d_optimal,,,,-0.7367996338229504,0.9429865624300817,0.20674930387080115,184.0,100.0
Taihu,MLP,3,fourway_common_query,farthest_point_kennard_stone,,,,-0.3081105860270036,0.4959608735332761,0.18781420397720033,178.0,100.0
Taihu,MLP,3,fourway_common_query,proposed_weighted_d_optimal,,,,-0.26193254188449283,0.4491832520125727,0.18781420397720033,178.0,100.0
Taihu,MLP,3,fourway_common_query,unweighted_d_optimal,,,,-0.0486197143805554,0.2367544077165594,0.18781420397720033,178.0,100.0
Taihu,MLP,5,fourway_common_query,farthest_point_kennard_stone,,,,-0.0467944017858012,0.22230166718438765,0.174225134593816,171.0,100.0
Taihu,MLP,5,fourway_common_query,proposed_weighted_d_optimal,,,,-0.10570392282746241,0.2807960051620252,0.174225134593816,171.0,100.0
Taihu,MLP,5,fourway_common_query,unweighted_d_optimal,,,,0.021256612558325248,0.15338893317952415,0.174225134593816,171.0,100.0
Taihu,MLP,10,fourway_common_query,farthest_point_kennard_stone,,,,-0.01027883511492295,0.1530411401286402,0.14163526543717075,155.0,100.0
Taihu,MLP,10,fourway_common_query,proposed_weighted_d_optimal,,,,-0.08662589306937796,0.23077426454394864,0.14163526543717075,155.0,100.0
Taihu,MLP,10,fourway_common_query,unweighted_d_optimal,,,,0.01711732388621055,0.12530944960620133,0.14163526543717075,155.0,100.0
Taihu,PLSR,1,fourway_common_query,farthest_point_kennard_stone,,,,-0.039498162013832494,0.28116195783878856,0.2415712724793376,184.0,100.0
Taihu,PLSR,1,fourway_common_query,proposed_weighted_d_optimal,,,,-0.04704208792513995,0.2887152932624477,0.2415712724793376,184.0,100.0
Taihu,PLSR,1,fourway_common_query,unweighted_d_optimal,,,,-1.3726563115010948,1.6144270279580621,0.2415712724793376,184.0,100.0
Taihu,PLSR,3,fourway_common_query,farthest_point_kennard_stone,,,,-0.1872100310379802,0.39615210131316914,0.20845704054036485,178.0,100.0
Taihu,PLSR,3,fourway_common_query,proposed_weighted_d_optimal,,,,-0.3699339353263815,0.5786878427450671,0.20845704054036485,178.0,100.0
Taihu,PLSR,3,fourway_common_query,unweighted_d_optimal,,,,-0.47009763722169984,0.6786758106617685,0.20845704054036485,178.0,100.0
Taihu,PLSR,5,fourway_common_query,farthest_point_kennard_stone,,,,0.0024674672283165,0.23465196387886433,0.23579642631703318,171.0,100.0
Taihu,PLSR,5,fourway_common_query,proposed_weighted_d_optimal,,,,-0.0417339043494096,0.2801713225572864,0.23579642631703318,171.0,100.0
Taihu,PLSR,5,fourway_common_query,unweighted_d_optimal,,,,-0.17952291037107027,0.41693103044393154,0.23579642631703318,171.0,100.0
Taihu,PLSR,10,fourway_common_query,farthest_point_kennard_stone,,,,0.0011307518769122,0.20166985904138726,0.2039717145054513,155.0,100.0
Taihu,PLSR,10,fourway_common_query,proposed_weighted_d_optimal,,,,-0.07070839075060856,0.2742032241927326,0.2039717145054513,155.0,100.0
Taihu,PLSR,10,fourway_common_query,unweighted_d_optimal,,,,-0.02442855129657705,0.22761408596283425,0.2039717145054513,155.0,100.0
Taihu,XGBoost,1,fourway_common_query,farthest_point_kennard_stone,,,,-0.02523502227155855,0.240785782298983,0.2164074151495486,184.0,100.0
Taihu,XGBoost,1,fourway_common_query,proposed_weighted_d_optimal,,,,-0.04976829556918165,0.26534594772263026,0.2164074151495486,184.0,100.0
Taihu,XGBoost,1,fourway_common_query,unweighted_d_optimal,,,,0.02909772070207245,0.18681874402640905,0.2164074151495486,184.0,100.0
Taihu,XGBoost,3,fourway_common_query,farthest_point_kennard_stone,,,,0.00142090601294575,0.17484805859699104,0.1773017911413438,178.0,100.0
Taihu,XGBoost,3,fourway_common_query,proposed_weighted_d_optimal,,,,-0.3067539377930827,0.4853053395890551,0.1773017911413438,178.0,100.0
Taihu,XGBoost,3,fourway_common_query,unweighted_d_optimal,,,,-0.02568918486434115,0.2031436396361037,0.1773017911413438,178.0,100.0
Taihu,XGBoost,5,fourway_common_query,farthest_point_kennard_stone,,,,0.0249486559613536,0.16697292728550925,0.19214835301654248,171.0,100.0
Taihu,XGBoost,5,fourway_common_query,proposed_weighted_d_optimal,,,,-0.0903769788967594,0.2824500378429531,0.19214835301654248,171.0,100.0
Taihu,XGBoost,5,fourway_common_query,unweighted_d_optimal,,,,0.0245307093301842,0.1677418245037114,0.19214835301654248,171.0,100.0
Taihu,XGBoost,10,fourway_common_query,farthest_point_kennard_stone,,,,-0.03385811830432165,0.21225248416982306,0.1771734085416704,155.0,100.0
Taihu,XGBoost,10,fourway_common_query,proposed_weighted_d_optimal,,,,-0.08386668368302445,0.2622279812193959,0.1771734085416704,155.0,100.0
Taihu,XGBoost,10,fourway_common_query,unweighted_d_optimal,,,,-0.017518106413915747,0.1945553965696314,0.1771734085416704,155.0,100.0
