group_id,raw_gloria_ids,Dataset_ID_distinct_count,Organization_ID_distinct_count,TSS_method_distinct_count,Water_body_type_distinct_count,Country_distinct_count,Site_name_distinct_count,TSS_unit_distinct_count,metadata_conflict_count,metadata_conflict_status
Akan||Japan||2019-08-27||43.449||144.101,GID_3142,1,1,1,1,1,1,1,0,VERIFIED_NO_CONFLICT
Akan||Japan||2019-08-27||43.461||144.102,GID_3143,1,1,1,1,1,1,1,0,VERIFIED_NO_CONFLICT
Albufera||Spain||2007-06-06||39.324||-0.364,GID_4156,1,1,1,1,1,1,1,0,VERIFIED_NO_CONFLICT
Albufera||Spain||2007-06-06||39.328||-0.369,GID_4154,1,1,1,1,1,1,1,0,VERIFIED_NO_CONFLICT
Albufera||Spain||2007-06-06||39.329||-0.373,GID_4152,1,1,1,1,1,1,1,0,VERIFIED_NO_CONFLICT
Albufera||Spain||2007-06-06||39.338||-0.342,GID_4161,1,1,1,1,1,1,1,0,VERIFIED_NO_CONFLICT
Albufera||Spain||2007-06-06||39.341||-0.349,GID_4159,1,1,1,1,1,1,1,0,VERIFIED_NO_CONFLICT
Albufera||Spain||2007-06-06||39.344||-0.358,GID_4157,1,1,1,1,1,1,1,0,VERIFIED_NO_CONFLICT
Alcántara||Spain||2007-07-11||39.705||-6.476,GID_4188,1,1,1,1,1,1,1,0,VERIFIED_NO_CONFLICT
Alcántara||Spain||2007-07-11||39.707||-6.481,GID_4186,1,1,1,1,1,1,1,0,VERIFIED_NO_CONFLICT
Alcántara||Spain||2007-07-11||39.714||-6.467,GID_4187,1,1,1,1,1,1,1,0,VERIFIED_NO_CONFLICT
Alcántara||Spain||2007-07-11||39.728||-6.471,GID_4191,1,1,1,1,1,1,1,0,VERIFIED_NO_CONFLICT
Almendra||Spain||2007-07-10||41.218||-6.289,GID_4185,1,1,1,1,1,1,1,0,VERIFIED_NO_CONFLICT
Almendra||Spain||2007-07-10||41.221||-6.292,GID_4183,1,1,1,1,1,1,1,0,VERIFIED_NO_CONFLICT
Almendra||Spain||2007-07-10||41.222||-6.295,GID_4181,1,1,1,1,1,1,1,0,VERIFIED_NO_CONFLICT
Almendra||Spain||2007-07-10||41.254||-6.271,GID_4180,1,1,1,1,1,1,1,0,VERIFIED_NO_CONFLICT
Almendra||Spain||2007-07-10||41.256||-6.275,GID_4178,1,1,1,1,1,1,1,0,VERIFIED_NO_CONFLICT
Almendra||Spain||2007-07-10||41.258||-6.278,GID_4176,1,1,1,1,1,1,1,0,VERIFIED_NO_CONFLICT
"Altamaha River, GA||United States of America (the)||2003-01-10||31.285||-81.387",GID_4796,1,1,1,1,1,1,1,0,VERIFIED_NO_CONFLICT
"Altamaha River, GA||United States of America (the)||2003-01-10||31.303||-81.399",GID_4799,1,1,1,1,1,1,1,0,VERIFIED_NO_CONFLICT
"Altamaha River, GA||United States of America (the)||2003-01-10||31.313||-81.436",GID_4806,1,1,1,1,1,1,1,0,VERIFIED_NO_CONFLICT
"Altamaha River, GA||United States of America (the)||2003-01-10||31.337||-81.449",GID_4809,1,1,1,1,1,1,1,0,VERIFIED_NO_CONFLICT
"Altamaha River, GA||United States of America (the)||2003-01-10||31.339||-81.472",GID_4816,1,1,1,1,1,1,1,0,VERIFIED_NO_CONFLICT
"Altamaha River, GA||United States of America (the)||2003-01-10||31.356||-81.443",GID_4808,1,1,1,1,1,1,1,0,VERIFIED_NO_CONFLICT
"Altamaha River, GA||United States of America (the)||2003-08-08||31.285||-81.386",GID_4794,1,1,1,1,1,1,1,0,VERIFIED_NO_CONFLICT
"Altamaha River, GA||United States of America (the)||2003-08-08||31.322||-81.369",GID_4790,1,1,1,1,1,1,1,0,VERIFIED_NO_CONFLICT
"Altamaha River, GA||United States of America (the)||2003-08-08||31.334||-81.463",GID_4814,1,1,1,1,1,1,1,0,VERIFIED_NO_CONFLICT
"Altamaha River, GA||United States of America (the)||2003-08-08||31.338||-81.449",GID_4810,1,1,1,1,1,1,1,0,VERIFIED_NO_CONFLICT
"Altamaha River, GA||United States of America (the)||2007-03-11||31.304||-81.4",GID_4801,1,1,1,1,1,1,1,0,VERIFIED_NO_CONFLICT
"Altamaha River, GA||United States of America (the)||2007-03-11||31.315||-81.357",GID_4787,1,1,1,1,1,1,1,0,VERIFIED_NO_CONFLICT
"Altamaha River, GA||United States of America (the)||2007-03-11||31.317||-81.387",GID_4795,1,1,1,1,1,1,1,0,VERIFIED_NO_CONFLICT
"Altamaha River, GA||United States of America (the)||2007-03-11||31.318||-81.291",GID_4745,1,1,1,1,1,1,1,0,VERIFIED_NO_CONFLICT
"Altamaha River, GA||United States of America (the)||2007-03-11||31.335||-81.475",GID_4818,1,1,1,1,1,1,1,0,VERIFIED_NO_CONFLICT
"Altamaha River, GA||United States of America (the)||2011-06-23||31.305||-81.399",GID_4800,1,1,1,1,1,1,1,0,VERIFIED_NO_CONFLICT
"Altamaha River, GA||United States of America (the)||2011-06-23||31.313||-81.425",GID_4804,1,1,1,1,1,1,1,0,VERIFIED_NO_CONFLICT
"Altamaha River, GA||United States of America (the)||2011-06-23||31.345||-81.479",GID_4819,1,1,1,1,1,1,1,0,VERIFIED_NO_CONFLICT
"Altamaha Sound, GA||United States of America (the)||2011-06-23||31.321||-81.317",GID_4769,1,1,1,1,1,1,1,0,VERIFIED_NO_CONFLICT
Amer||Netherlands (the)||2013-08-29||51.71||4.815,GID_7264,1,1,1,1,1,1,1,0,VERIFIED_NO_CONFLICT
Amsterdam-Rhine Canal||Netherlands (the)||1990-09-12||52.175||4.994,GID_602,1,1,1,1,1,1,1,0,VERIFIED_NO_CONFLICT
Amsterdam-Rijn kanaal Weesp||Netherlands (the)||2013-08-27||52.306||5.022,GID_7257,1,1,1,1,1,1,1,0,VERIFIED_NO_CONFLICT
Ankeveensche Plassen||Netherlands (the)||1990-09-12||52.273||5.081,GID_603,1,1,1,1,1,1,1,0,VERIFIED_NO_CONFLICT
Ankeveensche Plassen||Netherlands (the)||1990-09-12||52.277||5.07,GID_601,1,1,1,1,1,1,1,0,VERIFIED_NO_CONFLICT
"Apalachicola Bay, FL||United States of America (the)||2002-10-14||29.609||-85.017",GID_4956;GID_4957,1,1,1,1,1,1,1,0,VERIFIED_NO_CONFLICT
"Apalachicola Bay, FL||United States of America (the)||2002-10-14||29.633||-84.91",GID_4919,1,1,1,1,1,1,1,0,VERIFIED_NO_CONFLICT
"Apalachicola Bay, FL||United States of America (the)||2002-10-14||29.63||-84.948",GID_4933,1,1,1,1,1,1,1,0,VERIFIED_NO_CONFLICT
"Apalachicola Bay, FL||United States of America (the)||2002-10-14||29.649||-84.93",GID_4924,1,1,1,1,1,1,1,0,VERIFIED_NO_CONFLICT
"Apalachicola Bay, FL||United States of America (the)||2002-10-14||29.671||-84.873",GID_4904,1,1,1,1,1,1,1,0,VERIFIED_NO_CONFLICT
"Apalachicola Bay, FL||United States of America (the)||2002-10-14||29.692||-85.01",GID_4951,1,1,1,1,1,1,1,0,VERIFIED_NO_CONFLICT
"Apalachicola Bay, FL||United States of America (the)||2002-10-14||29.702||-85.02",GID_4958,1,1,1,1,1,1,1,0,VERIFIED_NO_CONFLICT
"Apalachicola Bay, FL||United States of America (the)||2002-10-15||29.698||-85.18",GID_4968,1,1,1,1,1,1,1,0,VERIFIED_NO_CONFLICT
"Apalachicola Bay, FL||United States of America (the)||2002-10-15||29.704||-85.107",GID_4967,1,1,1,1,1,1,1,0,VERIFIED_NO_CONFLICT
"Apalachicola Bay, FL||United States of America (the)||2002-10-15||29.7||-85.056",GID_4963,1,1,1,1,1,1,1,0,VERIFIED_NO_CONFLICT
"Apalachicola Bay, FL||United States of America (the)||2002-10-16||29.639||-85.085",GID_4964,1,1,1,1,1,1,1,0,VERIFIED_NO_CONFLICT
"Apalachicola Bay, FL||United States of America (the)||2002-10-16||29.719||-84.854",GID_4903,1,1,1,1,1,1,1,0,VERIFIED_NO_CONFLICT
"Apalachicola Bay, FL||United States of America (the)||2002-10-16||29.748||-84.8",GID_4900,1,1,1,1,1,1,1,0,VERIFIED_NO_CONFLICT
"Apalachicola Bay, FL||United States of America (the)||2006-04-04||29.671||-85.045",GID_4960,1,1,1,1,1,1,1,0,VERIFIED_NO_CONFLICT
"Apalachicola Bay, FL||United States of America (the)||2006-04-04||29.683||-85.023",GID_4959,1,1,1,1,1,1,1,0,VERIFIED_NO_CONFLICT
"Apalachicola Bay, FL||United States of America (the)||2006-04-04||29.699||-84.935",GID_4928,1,1,1,1,1,1,1,0,VERIFIED_NO_CONFLICT
"Apalachicola Bay, FL||United States of America (the)||2006-04-04||29.702||-84.985",GID_4944,1,1,1,1,1,1,1,0,VERIFIED_NO_CONFLICT
"Apalachicola Bay, FL||United States of America (the)||2006-04-04||29.715||-84.972",GID_4939,1,1,1,1,1,1,1,0,VERIFIED_NO_CONFLICT
"Apalachicola Bay, FL||United States of America (the)||2006-04-04||29.794||-84.875",GID_4905,1,1,1,1,1,1,1,0,VERIFIED_NO_CONFLICT
"Apalachicola Bay, FL||United States of America (the)||2006-04-05||29.732||-84.953",GID_4934,1,1,1,1,1,1,1,0,VERIFIED_NO_CONFLICT
"Apalachicola Bay, FL||United States of America (the)||2006-04-05||29.754||-84.906",GID_4917,1,1,1,1,1,1,1,0,VERIFIED_NO_CONFLICT
"Apalachicola Bay, FL||United States of America (the)||2006-04-05||29.786||-84.876",GID_4906,1,1,1,1,1,1,1,0,VERIFIED_NO_CONFLICT
"Apalachicola Bay, FL||United States of America (the)||2006-04-05||29.795||-84.086",GID_4896,1,1,1,1,1,1,1,0,VERIFIED_NO_CONFLICT
"Apalachicola Bay, FL||United States of America (the)||2013-05-26||29.702||-84.88",GID_4911,1,1,1,1,1,1,1,0,VERIFIED_NO_CONFLICT
"Apalachicola Bay, FL||United States of America (the)||2013-05-26||29.705||-84.926",GID_4921,1,1,1,1,1,1,1,0,VERIFIED_NO_CONFLICT
"Apalachicola Bay, FL||United States of America (the)||2013-05-26||29.722||-84.781",GID_4898,1,1,1,1,1,1,1,0,VERIFIED_NO_CONFLICT
"Apalachicola Bay, FL||United States of America (the)||2013-05-26||29.737||-84.816",GID_4901,1,1,1,1,1,1,1,0,VERIFIED_NO_CONFLICT
"Apalachicola Bay, FL||United States of America (the)||2013-05-26||29.751||-84.9",GID_4915,1,1,1,1,1,1,1,0,VERIFIED_NO_CONFLICT
"Apalachicola Bay, FL||United States of America (the)||2013-05-27||29.611||-85.016",GID_4953,1,1,1,1,1,1,1,0,VERIFIED_NO_CONFLICT
"Apalachicola Bay, FL||United States of America (the)||2013-05-27||29.626||-85.088",GID_4966,1,1,1,1,1,1,1,0,VERIFIED_NO_CONFLICT
"Apalachicola Bay, FL||United States of America (the)||2013-05-27||29.627||-84.932",GID_4925,1,1,1,1,1,1,1,0,VERIFIED_NO_CONFLICT
"Apalachicola Bay, FL||United States of America (the)||2013-05-27||29.638||-85.048",GID_4961,1,1,1,1,1,1,1,0,VERIFIED_NO_CONFLICT
"Apalachicola Bay, FL||United States of America (the)||2013-05-27||29.65||-84.932",GID_4926,1,1,1,1,1,1,1,0,VERIFIED_NO_CONFLICT
"Apalachicola Bay, FL||United States of America (the)||2013-05-27||29.672||-84.879",GID_4909,1,1,1,1,1,1,1,0,VERIFIED_NO_CONFLICT
"Apalachicola Bay, FL||United States of America (the)||2013-07-09||29.672||-84.879",GID_4910,1,1,1,1,1,1,1,0,VERIFIED_NO_CONFLICT
"Apalachicola Bay, FL||United States of America (the)||2013-07-09||29.702||-84.88",GID_4912,1,1,1,1,1,1,1,0,VERIFIED_NO_CONFLICT
"Apalachicola Bay, FL||United States of America (the)||2013-07-09||29.704||-84.928",GID_4922,1,1,1,1,1,1,1,0,VERIFIED_NO_CONFLICT
"Apalachicola Bay, FL||United States of America (the)||2013-07-09||29.722||-84.783",GID_4899,1,1,1,1,1,1,1,0,VERIFIED_NO_CONFLICT
"Apalachicola Bay, FL||United States of America (the)||2013-07-09||29.725||-84.938",GID_4931,1,1,1,1,1,1,1,0,VERIFIED_NO_CONFLICT
"Apalachicola Bay, FL||United States of America (the)||2013-07-09||29.736||-84.816",GID_4902,1,1,1,1,1,1,1,0,VERIFIED_NO_CONFLICT
"Apalachicola Bay, FL||United States of America (the)||2013-07-09||29.751||-84.9",GID_4916,1,1,1,1,1,1,1,0,VERIFIED_NO_CONFLICT
"Apalachicola Bay, FL||United States of America (the)||2013-07-09||29.785||-84.876",GID_4908,1,1,1,1,1,1,1,0,VERIFIED_NO_CONFLICT
"Apalachicola Bay, FL||United States of America (the)||2013-07-10||29.611||-85.015",GID_4952,1,1,1,1,1,1,1,0,VERIFIED_NO_CONFLICT
"Apalachicola Bay, FL||United States of America (the)||2013-07-10||29.625||-84.928",GID_4923,1,1,1,1,1,1,1,0,VERIFIED_NO_CONFLICT
"Apalachicola Bay, FL||United States of America (the)||2013-07-10||29.627||-85.086",GID_4965,1,1,1,1,1,1,1,0,VERIFIED_NO_CONFLICT
"Apalachicola Bay, FL||United States of America (the)||2013-07-10||29.638||-85.048",GID_4962,1,1,1,1,1,1,1,0,VERIFIED_NO_CONFLICT
"Apalachicola Bay, FL||United States of America (the)||2013-07-10||29.648||-84.933",GID_4927,1,1,1,1,1,1,1,0,VERIFIED_NO_CONFLICT
"Apalachicola Bay, FL||United States of America (the)||2013-07-10||29.648||-84.994",GID_4945,1,1,1,1,1,1,1,0,VERIFIED_NO_CONFLICT
"Apalachicola River, FL||United States of America (the)||2006-04-04||29.728||-84.979",GID_4943,1,1,1,1,1,1,1,0,VERIFIED_NO_CONFLICT
"Apalachicola River, FL||United States of America (the)||2013-05-26||29.727||-84.936",GID_4930,1,1,1,1,1,1,1,0,VERIFIED_NO_CONFLICT
"Apalachicola River, FL||United States of America (the)||2013-05-26||29.747||-85.005",GID_4950,1,1,1,1,1,1,1,0,VERIFIED_NO_CONFLICT
"Apalachicola River, FL||United States of America (the)||2013-07-09||29.747||-85.005",GID_4949,1,1,1,1,1,1,1,0,VERIFIED_NO_CONFLICT
"Aransas Bay, TX||United States of America (the)||2008-07-14||27.911||-97.053",GID_5107,1,1,1,1,1,1,1,0,VERIFIED_NO_CONFLICT
"Aransas Bay, TX||United States of America (the)||2008-07-14||27.953||-97.059",GID_5112,1,1,1,1,1,1,1,0,VERIFIED_NO_CONFLICT
"Aransas Bay, TX||United States of America (the)||2008-07-16||28.007||-97.001",GID_5096,1,1,1,1,1,1,1,0,VERIFIED_NO_CONFLICT
"Aransas Bay, TX||United States of America (the)||2008-07-16||28.023||-97.021",GID_5099,1,1,1,1,1,1,1,0,VERIFIED_NO_CONFLICT
"Aransas Bay, TX||United States of America (the)||2008-07-16||28.03||-96.981",GID_5095,1,1,1,1,1,1,1,0,VERIFIED_NO_CONFLICT
"Aransas Bay, TX||United States of America (the)||2011-03-07||27.918||-97.055",GID_5109,1,1,1,1,1,1,1,0,VERIFIED_NO_CONFLICT
"Aransas Bay, TX||United States of America (the)||2011-03-07||27.956||-97.058",GID_5111,1,1,1,1,1,1,1,0,VERIFIED_NO_CONFLICT
"Aransas Bay, TX||United States of America (the)||2014-06-26||27.927||-97.029",GID_5101,1,1,1,1,1,1,1,0,VERIFIED_NO_CONFLICT
"Aransas Bay, TX||United States of America (the)||2014-06-26||27.987||-97.057",GID_5110,1,1,1,1,1,1,1,0,VERIFIED_NO_CONFLICT
"Aransas Bay, TX||United States of America (the)||2014-06-26||28.015||-97.024",GID_5100,1,1,1,1,1,1,1,0,VERIFIED_NO_CONFLICT
"Aransas Bay, TX||United States of America (the)||2014-06-26||28.049||-97.978",GID_5156,1,1,1,1,1,1,1,0,VERIFIED_NO_CONFLICT
"Aransas Bay, TX||United States of America (the)||2014-06-26||28.083||-97.02",GID_5098,1,1,1,1,1,1,1,0,VERIFIED_NO_CONFLICT
"Aransas Bay, TX||United States of America (the)||2014-06-26||28.115||-96.961",GID_5094,1,1,1,1,1,1,1,0,VERIFIED_NO_CONFLICT
"Aransas Channel, TX||United States of America (the)||2008-07-14||27.862||-97.077",GID_5114,1,1,1,1,1,1,1,0,VERIFIED_NO_CONFLICT
"Aransas Channel, TX||United States of America (the)||2008-07-15||27.862||-97.077",GID_5115,1,1,1,1,1,1,1,0,VERIFIED_NO_CONFLICT
"Aransas Channel, TX||United States of America (the)||2011-03-08||27.822||-97.191",GID_5127,1,1,1,1,1,1,1,0,VERIFIED_NO_CONFLICT
"Aransas Channel, TX||United States of America (the)||2011-03-08||27.863||-97.165",GID_5125,1,1,1,1,1,1,1,0,VERIFIED_NO_CONFLICT
"Aransas Channel, TX||United States of America (the)||2011-03-08||27.883||-97.143",GID_5123,1,1,1,1,1,1,1,0,VERIFIED_NO_CONFLICT
"Aransas Pass, TX||United States of America (the)||2008-07-13||27.834||-97.038",GID_5102,1,1,1,1,1,1,1,0,VERIFIED_NO_CONFLICT
"Aransas Pass, TX||United States of America (the)||2011-03-07||27.841||-97.049",GID_5106,1,1,1,1,1,1,1,0,VERIFIED_NO_CONFLICT
Arcachon Bay||France||2012-01-17||44.667||-1.147,GID_1793,1,1,1,1,1,1,1,0,VERIFIED_NO_CONFLICT
Arcachon Bay||France||2012-01-17||44.68||-1.098,GID_1794,1,1,1,1,1,1,1,0,VERIFIED_NO_CONFLICT
Arcachon Bay||France||2012-02-16||44.636||-1.235,GID_1795,1,1,1,1,1,1,1,0,VERIFIED_NO_CONFLICT
Arcachon Bay||France||2012-02-16||44.666||-1.147,GID_1796,1,1,1,1,1,1,1,0,VERIFIED_NO_CONFLICT
Arcachon Bay||France||2012-02-16||44.68||-1.098,GID_1797,1,1,1,1,1,1,1,0,VERIFIED_NO_CONFLICT
Arcachon Bay||France||2012-02-17||45.062||-0.628,GID_1798;GID_1799,1,1,1,1,1,1,1,0,VERIFIED_NO_CONFLICT
Arcachon Bay||France||2012-02-18||45.517||-0.95,GID_1800;GID_1801;GID_1802;GID_1803;GID_1804,1,1,1,1,1,1,1,0,VERIFIED_NO_CONFLICT
Arcachon Bay||France||2012-02-19||45.227||-0.737,GID_1805;GID_1806,1,1,1,1,1,1,1,0,VERIFIED_NO_CONFLICT
Arcachon Bay||France||2012-03-01||44.636||-1.236,GID_1807,1,1,1,1,1,1,1,0,VERIFIED_NO_CONFLICT
Arcachon Bay||France||2012-03-01||44.666||-1.147,GID_1808,1,1,1,1,1,1,1,0,VERIFIED_NO_CONFLICT
Arcachon Bay||France||2012-03-01||44.68||-1.099,GID_1809,1,1,1,1,1,1,1,0,VERIFIED_NO_CONFLICT
Arcachon Bay||France||2012-03-16||44.665||-1.148,GID_1826,1,1,1,1,1,1,1,0,VERIFIED_NO_CONFLICT
Arcachon Bay||France||2012-03-16||44.68||-1.098,GID_1827,1,1,1,1,1,1,1,0,VERIFIED_NO_CONFLICT
Arcachon Bay||France||2012-03-30||44.635||-1.236,GID_1828,1,1,1,1,1,1,1,0,VERIFIED_NO_CONFLICT
Arcachon Bay||France||2012-03-30||44.668||-1.149,GID_1829,1,1,1,1,1,1,1,0,VERIFIED_NO_CONFLICT
Arcachon Bay||France||2012-03-30||44.681||-1.099,GID_1830,1,1,1,1,1,1,1,0,VERIFIED_NO_CONFLICT
Arcachon Bay||France||2012-05-14||44.636||-1.235,GID_1850,1,1,1,1,1,1,1,0,VERIFIED_NO_CONFLICT
Arcachon Bay||France||2012-05-14||44.666||-1.145,GID_1851,1,1,1,1,1,1,1,0,VERIFIED_NO_CONFLICT
Arcachon Bay||France||2012-05-14||44.68||-1.099,GID_1852,1,1,1,1,1,1,1,0,VERIFIED_NO_CONFLICT
"Ashepoo River, SC||United States of America (the)||2003-06-11||32.488||-80.423",GID_4546,1,1,1,1,1,1,1,0,VERIFIED_NO_CONFLICT
"Ashepoo River, SC||United States of America (the)||2003-06-11||32.523||-80.409",GID_4541,1,1,1,1,1,1,1,0,VERIFIED_NO_CONFLICT
"Ashepoo River, SC||United States of America (the)||2003-06-11||32.547||-80.452",GID_4551,1,1,1,1,1,1,1,0,VERIFIED_NO_CONFLICT
"Ashepoo River, SC||United States of America (the)||2003-06-11||32.568||-80.498",GID_4559,1,1,1,1,1,1,1,0,VERIFIED_NO_CONFLICT
"Ashepoo River, SC||United States of America (the)||2003-06-12||32.597||-80.498",GID_4561,1,1,1,1,1,1,1,0,VERIFIED_NO_CONFLICT
"Ashepoo River, SC||United States of America (the)||2003-06-12||32.621||-80.468",GID_4557,1,1,1,1,1,1,1,0,VERIFIED_NO_CONFLICT
"Ashepoo River, SC||United States of America (the)||2003-06-12||32.664||-80.498",GID_4560,1,1,1,1,1,1,1,0,VERIFIED_NO_CONFLICT
"Ashepoo River, SC||United States of America (the)||2003-06-12||32.701||-80.519",GID_4564,1,1,1,1,1,1,1,0,VERIFIED_NO_CONFLICT
"Atlantic Ocean, GA||United States of America (the)||2007-03-11||31.308||-81.245",GID_4710,1,1,1,1,1,1,1,0,VERIFIED_NO_CONFLICT
"Atlantic Ocean, GA||United States of America (the)||2007-03-11||31.311||-81.252",GID_4714,1,1,1,1,1,1,1,0,VERIFIED_NO_CONFLICT
"Atlantic Ocean, GA||United States of America (the)||2007-03-11||31.319||-81.275",GID_4728,1,1,1,1,1,1,1,0,VERIFIED_NO_CONFLICT
"Atlantic Ocean, GA||United States of America (the)||2007-03-12||30.711||-81.399",GID_4798,1,1,1,1,1,1,1,0,VERIFIED_NO_CONFLICT
"Atlantic Ocean, GA||United States of America (the)||2011-06-23||31.31||-81.254",GID_4715,1,1,1,1,1,1,1,0,VERIFIED_NO_CONFLICT
"Atlantic Ocean, GA||United States of America (the)||2011-07-28||31.488||-81.053",GID_4643,1,1,1,1,1,1,1,0,VERIFIED_NO_CONFLICT
"Atlantic Ocean, GA||United States of America (the)||2011-07-28||31.503||-81.077",GID_4648,1,1,1,1,1,1,1,0,VERIFIED_NO_CONFLICT
"Atlantic Ocean, GA||United States of America (the)||2011-07-28||31.515||-81.099",GID_4656,1,1,1,1,1,1,1,0,VERIFIED_NO_CONFLICT
"Atlantic Ocean, GA||United States of America (the)||2013-06-04||31.337||-81.13",GID_4663,1,1,1,1,1,1,1,0,VERIFIED_NO_CONFLICT
"Atlantic Ocean, GA||United States of America (the)||2013-06-04||31.387||-81.272",GID_4722,1,1,1,1,1,1,1,0,VERIFIED_NO_CONFLICT
"Atlantic Ocean, GA||United States of America (the)||2013-06-04||31.403||-81.102",GID_4657,1,1,1,1,1,1,1,0,VERIFIED_NO_CONFLICT
"Atlantic Ocean, GA||United States of America (the)||2013-06-04||31.41||-81.243",GID_4707,1,1,1,1,1,1,1,0,VERIFIED_NO_CONFLICT
"Atlantic Ocean, GA||United States of America (the)||2014-07-17||31.262||-80.305",GID_4516,1,1,1,1,1,1,1,0,VERIFIED_NO_CONFLICT
"Atlantic Ocean, GA||United States of America (the)||2014-07-17||31.272||-80.435",GID_4547,1,1,1,1,1,1,1,0,VERIFIED_NO_CONFLICT
"Atlantic Ocean, GA||United States of America (the)||2014-07-17||31.276||-80.532",GID_4566,1,1,1,1,1,1,1,0,VERIFIED_NO_CONFLICT
"Atlantic Ocean, GA||United States of America (the)||2014-07-17||31.288||-80.726",GID_4585,1,1,1,1,1,1,1,0,VERIFIED_NO_CONFLICT
"Atlantic Ocean, GA||United States of America (the)||2014-07-17||31.296||-80.803",GID_4598,1,1,1,1,1,1,1,0,VERIFIED_NO_CONFLICT
"Atlantic Ocean, GA||United States of America (the)||2014-07-17||31.296||-80.866",GID_4608,1,1,1,1,1,1,1,0,VERIFIED_NO_CONFLICT
"Atlantic Ocean, GA||United States of America (the)||2014-07-18||31.336||-80.512",GID_4563,1,1,1,1,1,1,1,0,VERIFIED_NO_CONFLICT
"Atlantic Ocean, GA||United States of America (the)||2014-07-18||31.343||-80.623",GID_4571,1,1,1,1,1,1,1,0,VERIFIED_NO_CONFLICT
"Atlantic Ocean, GA||United States of America (the)||2014-07-18||31.347||-80.712",GID_4580,1,1,1,1,1,1,1,0,VERIFIED_NO_CONFLICT
"Atlantic Ocean, GA||United States of America (the)||2014-07-18||31.351||-80.775",GID_4591,1,1,1,1,1,1,1,0,VERIFIED_NO_CONFLICT
"Atlantic Ocean, GA||United States of America (the)||2014-07-18||31.355||-80.836",GID_4601,1,1,1,1,1,1,1,0,VERIFIED_NO_CONFLICT
"Atlantic Ocean, GA||United States of America (the)||2014-07-18||31.362||-80.968",GID_4628,1,1,1,1,1,1,1,0,VERIFIED_NO_CONFLICT
"Atlantic Ocean, GA||United States of America (the)||2014-07-18||31.363||-80.9",GID_4615,1,1,1,1,1,1,1,0,VERIFIED_NO_CONFLICT
"Atlantic Ocean, GA||United States of America (the)||2014-07-18||31.367||-81.086",GID_4651,1,1,1,1,1,1,1,0,VERIFIED_NO_CONFLICT
"Atlantic Ocean, GA||United States of America (the)||2014-07-18||31.368||-81.029",GID_4638,1,1,1,1,1,1,1,0,VERIFIED_NO_CONFLICT
"Atlantic Ocean, GA||United States of America (the)||2014-07-19||31.513||-80.587",GID_4568,1,1,1,1,1,1,1,0,VERIFIED_NO_CONFLICT
"Atlantic Ocean, GA||United States of America (the)||2014-07-19||31.519||-80.67",GID_4577,1,1,1,1,1,1,1,0,VERIFIED_NO_CONFLICT
"Atlantic Ocean, GA||United States of America (the)||2014-07-19||31.525||-80.798",GID_4596,1,1,1,1,1,1,1,0,VERIFIED_NO_CONFLICT
"Atlantic Ocean, GA||United States of America (the)||2014-07-19||31.528||-80.913",GID_4617,1,1,1,1,1,1,1,0,VERIFIED_NO_CONFLICT
"Atlantic Ocean, GA||United States of America (the)||2014-07-19||31.529||-80.86",GID_4606,1,1,1,1,1,1,1,0,VERIFIED_NO_CONFLICT
"Atlantic Ocean, GA||United States of America (the)||2014-07-19||31.52||-80.73",GID_4586,1,1,1,1,1,1,1,0,VERIFIED_NO_CONFLICT
"Atlantic Ocean, GA||United States of America (the)||2014-07-19||31.532||-80.963",GID_4626,1,1,1,1,1,1,1,0,VERIFIED_NO_CONFLICT
"Atlantic Ocean, GA||United States of America (the)||2014-07-19||31.535||-81.015",GID_4635,1,1,1,1,1,1,1,0,VERIFIED_NO_CONFLICT
"Atlantic Ocean, GA||United States of America (the)||2014-07-19||31.536||-81.057",GID_4644,1,1,1,1,1,1,1,0,VERIFIED_NO_CONFLICT
"Atlantic Ocean, GA||United States of America (the)||2014-07-20||31.216||-81.243",GID_4708,1,1,1,1,1,1,1,0,VERIFIED_NO_CONFLICT
"Atlantic Ocean, GA||United States of America (the)||2014-07-20||31.261||-81.221",GID_4701,1,1,1,1,1,1,1,0,VERIFIED_NO_CONFLICT
"Atlantic Ocean, GA||United States of America (the)||2014-07-20||31.314||-81.21",GID_4698,1,1,1,1,1,1,1,0,VERIFIED_NO_CONFLICT
"Atlantic Ocean, GA||United States of America (the)||2014-07-21||31.262||-81.214",GID_4700,1,1,1,1,1,1,1,0,VERIFIED_NO_CONFLICT
"Atlantic Ocean, GA||United States of America (the)||2014-07-21||31.317||-81.208",GID_4697,1,1,1,1,1,1,1,0,VERIFIED_NO_CONFLICT
"Atlantic Ocean, GA||United States of America (the)||2014-07-21||31.379||-81.212",GID_4699,1,1,1,1,1,1,1,0,VERIFIED_NO_CONFLICT
"Atlantic Ocean, GA||United States of America (the)||2014-07-21||31.485||-81.09",GID_4653,1,1,1,1,1,1,1,0,VERIFIED_NO_CONFLICT
"Atlantic Ocean, GA||United States of America (the)||2014-07-21||31.54||-81.073",GID_4646,1,1,1,1,1,1,1,0,VERIFIED_NO_CONFLICT
"Atlantic Ocean, GA||United States of America (the)||2014-07-21||31.59||-81.074",GID_4647,1,1,1,1,1,1,1,0,VERIFIED_NO_CONFLICT
"Atlantic Ocean, GA||United States of America (the)||2014-07-23||31.208||-81.129",GID_4662,1,1,1,1,1,1,1,0,VERIFIED_NO_CONFLICT
"Atlantic Ocean, GA||United States of America (the)||2014-07-23||31.213||-81.229",GID_4705,1,1,1,1,1,1,1,0,VERIFIED_NO_CONFLICT
"Atlantic Ocean, GA||United States of America (the)||2014-07-23||31.213||-81.25",GID_4712,1,1,1,1,1,1,1,0,VERIFIED_NO_CONFLICT
"Atlantic Ocean, GA||United States of America (the)||2014-07-24||31.286||-80.707",GID_4579,1,1,1,1,1,1,1,0,VERIFIED_NO_CONFLICT
"Atlantic Ocean, GA||United States of America (the)||2014-07-24||31.291||-80.757",GID_4589,1,1,1,1,1,1,1,0,VERIFIED_NO_CONFLICT
"Atlantic Ocean, GA||United States of America (the)||2014-07-24||31.293||-80.876",GID_4610,1,1,1,1,1,1,1,0,VERIFIED_NO_CONFLICT
"Atlantic Ocean, GA||United States of America (the)||2014-07-24||31.296||-80.926",GID_4619,1,1,1,1,1,1,1,0,VERIFIED_NO_CONFLICT
"Atlantic Ocean, GA||United States of America (the)||2014-07-24||31.29||-80.822",GID_4600,1,1,1,1,1,1,1,0,VERIFIED_NO_CONFLICT
"Atlantic Ocean, GA||United States of America (the)||2014-07-24||31.348||-80.681",GID_4578,1,1,1,1,1,1,1,0,VERIFIED_NO_CONFLICT
"Atlantic Ocean, GA||United States of America (the)||2014-07-24||31.353||-80.788",GID_4594,1,1,1,1,1,1,1,0,VERIFIED_NO_CONFLICT
"Atlantic Ocean, GA||United States of America (the)||2014-07-24||31.354||-80.733",GID_4588,1,1,1,1,1,1,1,0,VERIFIED_NO_CONFLICT
"Atlantic Ocean, GA||United States of America (the)||2014-07-24||31.358||-80.842",GID_4603,1,1,1,1,1,1,1,0,VERIFIED_NO_CONFLICT
"Atlantic Ocean, GA||United States of America (the)||2014-07-24||31.358||-80.899",GID_4614,1,1,1,1,1,1,1,0,VERIFIED_NO_CONFLICT
"Atlantic Ocean, GA||United States of America (the)||2014-07-24||31.361||-80.947",GID_4622,1,1,1,1,1,1,1,0,VERIFIED_NO_CONFLICT
"Atlantic Ocean, GA||United States of America (the)||2014-07-24||31.363||-81.0",GID_4631,1,1,1,1,1,1,1,0,VERIFIED_NO_CONFLICT
"Atlantic Ocean, GA||United States of America (the)||2014-07-26||31.398||-80.657",GID_4575,1,1,1,1,1,1,1,0,VERIFIED_NO_CONFLICT
"Atlantic Ocean, GA||United States of America (the)||2014-07-26||31.401||-80.714",GID_4582,1,1,1,1,1,1,1,0,VERIFIED_NO_CONFLICT
"Atlantic Ocean, GA||United States of America (the)||2014-07-26||31.404||-80.763",GID_4590,1,1,1,1,1,1,1,0,VERIFIED_NO_CONFLICT
"Atlantic Ocean, GA||United States of America (the)||2014-07-26||31.405||-80.819",GID_4599,1,1,1,1,1,1,1,0,VERIFIED_NO_CONFLICT
"Atlantic Ocean, GA||United States of America (the)||2014-07-26||31.408||-80.879",GID_4611,1,1,1,1,1,1,1,0,VERIFIED_NO_CONFLICT
"Atlantic Ocean, GA||United States of America (the)||2014-07-26||31.411||-80.927",GID_4620,1,1,1,1,1,1,1,0,VERIFIED_NO_CONFLICT
"Atlantic Ocean, GA||United States of America (the)||2014-07-26||31.412||-80.981",GID_4630,1,1,1,1,1,1,1,0,VERIFIED_NO_CONFLICT
"Atlantic Ocean, GA||United States of America (the)||2014-07-26||31.414||-81.028",GID_4636,1,1,1,1,1,1,1,0,VERIFIED_NO_CONFLICT
"Atlantic Ocean, GA||United States of America (the)||2014-07-26||31.419||-81.117",GID_4659,1,1,1,1,1,1,1,0,VERIFIED_NO_CONFLICT
"Atlantic Ocean, GA||United States of America (the)||2014-07-26||31.429||-81.162",GID_4667,1,1,1,1,1,1,1,0,VERIFIED_NO_CONFLICT
"Atlantic Ocean, GA||United States of America (the)||2014-07-26||31.46||-80.636",GID_4572,1,1,1,1,1,1,1,0,VERIFIED_NO_CONFLICT
"Atlantic Ocean, GA||United States of America (the)||2014-07-27||31.584||-80.916",GID_4618,1,1,1,1,1,1,1,0,VERIFIED_NO_CONFLICT
"Atlantic Ocean, GA||United States of America (the)||2014-07-27||31.585||-80.962",GID_4625,1,1,1,1,1,1,1,0,VERIFIED_NO_CONFLICT
"Atlantic Ocean, GA||United States of America (the)||2014-07-27||31.587||-81.003",GID_4634,1,1,1,1,1,1,1,0,VERIFIED_NO_CONFLICT
"Atlantic Ocean, GA||United States of America (the)||2014-07-27||31.589||-81.043",GID_4641,1,1,1,1,1,1,1,0,VERIFIED_NO_CONFLICT
"Atlantic Ocean, GA||United States of America (the)||2014-07-27||31.591||-81.07",GID_4645,1,1,1,1,1,1,1,0,VERIFIED_NO_CONFLICT
"Atlantic Ocean, GA||United States of America (the)||2014-08-07||30.71||-81.369",GID_4791,1,1,1,1,1,1,1,0,VERIFIED_NO_CONFLICT
"Atlantic Ocean, GA||United States of America (the)||2014-09-27||31.194||-80.96",GID_4624,1,1,1,1,1,1,1,0,VERIFIED_NO_CONFLICT
"Atlantic Ocean, GA||United States of America (the)||2014-09-27||31.204||-81.094",GID_4654,1,1,1,1,1,1,1,0,VERIFIED_NO_CONFLICT
"Atlantic Ocean, GA||United States of America (the)||2014-09-27||31.209||-81.225",GID_4702,1,1,1,1,1,1,1,0,VERIFIED_NO_CONFLICT
"Atlantic Ocean, GA||United States of America (the)||2014-09-27||31.21||-81.166",GID_4668,1,1,1,1,1,1,1,0,VERIFIED_NO_CONFLICT
"Atlantic Ocean, GA||United States of America (the)||2014-09-27||31.265||-80.307",GID_4517,1,1,1,1,1,1,1,0,VERIFIED_NO_CONFLICT
"Atlantic Ocean, GA||United States of America (the)||2014-09-27||31.271||-80.436",GID_4549,1,1,1,1,1,1,1,0,VERIFIED_NO_CONFLICT
"Atlantic Ocean, GA||United States of America (the)||2014-09-27||31.2||-81.029",GID_4637,1,1,1,1,1,1,1,0,VERIFIED_NO_CONFLICT
"Atlantic Ocean, GA||United States of America (the)||2014-09-28||31.237||-79.826",GID_4510,1,1,1,1,1,1,1,0,VERIFIED_NO_CONFLICT
"Atlantic Ocean, GA||United States of America (the)||2014-09-28||31.249||-79.996",GID_4512,1,1,1,1,1,1,1,0,VERIFIED_NO_CONFLICT
"Atlantic Ocean, GA||United States of America (the)||2014-09-28||31.258||-80.158",GID_4514,1,1,1,1,1,1,1,0,VERIFIED_NO_CONFLICT
"Atlantic Ocean, GA||United States of America (the)||2014-09-29||31.378||-81.208",GID_4696,1,1,1,1,1,1,1,0,VERIFIED_NO_CONFLICT
"Atlantic Ocean, GA||United States of America (the)||2014-09-29||31.409||-80.885",GID_4612,1,1,1,1,1,1,1,0,VERIFIED_NO_CONFLICT
"Atlantic Ocean, GA||United States of America (the)||2014-09-29||31.413||-81.002",GID_4633,1,1,1,1,1,1,1,0,VERIFIED_NO_CONFLICT
"Atlantic Ocean, GA||United States of America (the)||2014-09-29||31.417||-81.052",GID_4642,1,1,1,1,1,1,1,0,VERIFIED_NO_CONFLICT
"Atlantic Ocean, GA||United States of America (the)||2014-09-29||31.41||-80.951",GID_4623,1,1,1,1,1,1,1,0,VERIFIED_NO_CONFLICT
"Atlantic Ocean, GA||United States of America (the)||2014-09-29||31.422||-81.121",GID_4660,1,1,1,1,1,1,1,0,VERIFIED_NO_CONFLICT
"Atlantic Ocean, GA||United States of America (the)||2014-09-29||31.496||-80.379",GID_4536,1,1,1,1,1,1,1,0,VERIFIED_NO_CONFLICT
"Atlantic Ocean, GA||United States of America (the)||2014-09-29||31.506||-80.466",GID_4555,1,1,1,1,1,1,1,0,VERIFIED_NO_CONFLICT
"Atlantic Ocean, GA||United States of America (the)||2014-09-30||31.563||-80.356",GID_4530,1,1,1,1,1,1,1,0,VERIFIED_NO_CONFLICT
"Atlantic Ocean, GA||United States of America (the)||2014-09-30||31.565||-80.458",GID_4553,1,1,1,1,1,1,1,0,VERIFIED_NO_CONFLICT
"Atlantic Ocean, GA||United States of America (the)||2014-09-30||31.572||-80.654",GID_4574,1,1,1,1,1,1,1,0,VERIFIED_NO_CONFLICT
"Atlantic Ocean, GA||United States of America (the)||2014-09-30||31.575||-80.719",GID_4583,1,1,1,1,1,1,1,0,VERIFIED_NO_CONFLICT
"Atlantic Ocean, GA||United States of America (the)||2014-09-30||31.578||-80.787",GID_4593,1,1,1,1,1,1,1,0,VERIFIED_NO_CONFLICT
"Atlantic Ocean, GA||United States of America (the)||2014-09-30||31.57||-80.572",GID_4567,1,1,1,1,1,1,1,0,VERIFIED_NO_CONFLICT
"Atlantic Ocean, GA||United States of America (the)||2014-09-30||31.581||-80.848",GID_4605,1,1,1,1,1,1,1,0,VERIFIED_NO_CONFLICT
"Atlantic Ocean, GA||United States of America (the)||2014-09-30||31.584||-80.896",GID_4613,1,1,1,1,1,1,1,0,VERIFIED_NO_CONFLICT
"Atlantic Ocean, GA||United States of America (the)||2014-11-03||31.876||-80.861",GID_4607,1,1,1,1,1,1,1,0,VERIFIED_NO_CONFLICT
"Atlantic Ocean, GA||United States of America (the)||2014-11-04||31.414||-81.03",GID_4639,1,1,1,1,1,1,1,0,VERIFIED_NO_CONFLICT
"Atlantic Ocean, GA||United States of America (the)||2014-11-04||31.419||-81.122",GID_4661,1,1,1,1,1,1,1,0,VERIFIED_NO_CONFLICT
"Atlantic Ocean, GA||United States of America (the)||2014-11-04||32.399||-80.87",GID_4609,1,1,1,1,1,1,1,0,VERIFIED_NO_CONFLICT
"Atlantic Ocean, GA||United States of America (the)||2014-11-05||31.208||-80.353",GID_4529,1,1,1,1,1,1,1,0,VERIFIED_NO_CONFLICT
"Atlantic Ocean, GA||United States of America (the)||2014-11-05||31.224||-80.034",GID_4513,1,1,1,1,1,1,1,0,VERIFIED_NO_CONFLICT
"Atlantic Ocean, GA||United States of America (the)||2014-11-05||31.306||-80.946",GID_4621,1,1,1,1,1,1,1,0,VERIFIED_NO_CONFLICT
"Atlantic Ocean, GA||United States of America (the)||2014-11-05||31.419||-80.282",GID_4515,1,1,1,1,1,1,1,0,VERIFIED_NO_CONFLICT
"Atlantic Ocean, GA||United States of America (the)||2014-11-06||30.794||-81.318",GID_4771,1,1,1,1,1,1,1,0,VERIFIED_NO_CONFLICT
"Atlantic Ocean, GA||United States of America (the)||2014-11-06||30.795||-81.267",GID_4720,1,1,1,1,1,1,1,0,VERIFIED_NO_CONFLICT
"Atlantic Ocean, GA||United States of America (the)||2014-11-06||30.799||-81.385",GID_4793,1,1,1,1,1,1,1,0,VERIFIED_NO_CONFLICT
"Atlantic Ocean, GA||United States of America (the)||2014-11-06||30.878||-81.251",GID_4713,1,1,1,1,1,1,1,0,VERIFIED_NO_CONFLICT
"Atlantic Ocean, GA||United States of America (the)||2014-11-06||30.882||-81.319",GID_4772,1,1,1,1,1,1,1,0,VERIFIED_NO_CONFLICT
"Atlantic Ocean, GA||United States of America (the)||2014-11-06||30.89||-81.342",GID_4782,1,1,1,1,1,1,1,0,VERIFIED_NO_CONFLICT
"Atlantic Ocean, GA||United States of America (the)||2014-12-05||31.272||-80.435",GID_4548,1,1,1,1,1,1,1,0,VERIFIED_NO_CONFLICT
"Atlantic Ocean, GA||United States of America (the)||2014-12-05||31.287||-80.725",GID_4584,1,1,1,1,1,1,1,0,VERIFIED_NO_CONFLICT
"Atlantic Ocean, GA||United States of America (the)||2014-12-05||31.28||-80.637",GID_4573,1,1,1,1,1,1,1,0,VERIFIED_NO_CONFLICT
"Atlantic Ocean, GA||United States of America (the)||2014-12-05||31.294||-80.802",GID_4597,1,1,1,1,1,1,1,0,VERIFIED_NO_CONFLICT
"Atlantic Ocean, GA||United States of America (the)||2014-12-06||31.336||-80.508",GID_4562,1,1,1,1,1,1,1,0,VERIFIED_NO_CONFLICT
"Atlantic Ocean, GA||United States of America (the)||2014-12-06||31.342||-80.621",GID_4570,1,1,1,1,1,1,1,0,VERIFIED_NO_CONFLICT
"Atlantic Ocean, GA||United States of America (the)||2014-12-06||31.346||-80.714",GID_4581,1,1,1,1,1,1,1,0,VERIFIED_NO_CONFLICT
"Atlantic Ocean, GA||United States of America (the)||2014-12-06||31.349||-80.777",GID_4592,1,1,1,1,1,1,1,0,VERIFIED_NO_CONFLICT
"Atlantic Ocean, GA||United States of America (the)||2014-12-06||31.354||-80.841",GID_4602,1,1,1,1,1,1,1,0,VERIFIED_NO_CONFLICT
"Atlantic Ocean, GA||United States of America (the)||2014-12-06||31.358||-80.905",GID_4616,1,1,1,1,1,1,1,0,VERIFIED_NO_CONFLICT
"Atlantic Ocean, GA||United States of America (the)||2014-12-06||31.362||-80.97",GID_4629,1,1,1,1,1,1,1,0,VERIFIED_NO_CONFLICT
"Atlantic Ocean, GA||United States of America (the)||2014-12-09||31.504||-80.467",GID_4556,1,1,1,1,1,1,1,0,VERIFIED_NO_CONFLICT
"Atlantic Ocean, GA||United States of America (the)||2014-12-09||31.513||-80.587",GID_4569,1,1,1,1,1,1,1,0,VERIFIED_NO_CONFLICT
"Atlantic Ocean, GA||United States of America (the)||2014-12-09||31.517||-80.669",GID_4576,1,1,1,1,1,1,1,0,VERIFIED_NO_CONFLICT
"Atlantic Ocean, GA||United States of America (the)||2014-12-09||31.522||-80.795",GID_4595,1,1,1,1,1,1,1,0,VERIFIED_NO_CONFLICT
"Atlantic Ocean, GA||United States of America (the)||2014-12-09||31.525||-80.845",GID_4604,1,1,1,1,1,1,1,0,VERIFIED_NO_CONFLICT
"Atlantic Ocean, GA||United States of America (the)||2014-12-09||31.52||-80.73",GID_4587,1,1,1,1,1,1,1,0,VERIFIED_NO_CONFLICT
"Atlantic Ocean, GA||United States of America (the)||2014-12-09||31.564||-80.456",GID_4552,1,1,1,1,1,1,1,0,VERIFIED_NO_CONFLICT
"Atlantic Ocean, GA||United States of America (the)||2014-12-09||31.56||-80.356",GID_4531,1,1,1,1,1,1,1,0,VERIFIED_NO_CONFLICT
"Atlantic Ocean, GA||United States of America (the)||2014-12-09||31.5||-80.369",GID_4533,1,1,1,1,1,1,1,0,VERIFIED_NO_CONFLICT
Atlantic Ocean||France||2010-06-12||46.948||-5.37,GID_1740,1,1,1,1,1,1,1,0,VERIFIED_NO_CONFLICT
Atlantic Ocean||France||2010-06-13||46.959||-5.329,GID_1741,1,1,1,1,1,1,1,0,VERIFIED_NO_CONFLICT
Atlantic Ocean||Spain||2009-05-31||43.862||-8.743,GID_1643,1,1,1,1,1,1,1,0,VERIFIED_NO_CONFLICT
Atlantic Ocean||Spain||2009-05-31||43.872||-8.718,GID_1644,1,1,1,1,1,1,1,0,VERIFIED_NO_CONFLICT
Atlantic Ocean||Spain||2009-06-01||44.178||-8.976,GID_1646,1,1,1,1,1,1,1,0,VERIFIED_NO_CONFLICT
Atlantic Ocean||Spain||2009-06-01||44.188||-9.001,GID_1645,1,1,1,1,1,1,1,0,VERIFIED_NO_CONFLICT
Atlantic Ocean||Spain||2009-06-02||43.932||-8.879,GID_1647,1,1,1,1,1,1,1,0,VERIFIED_NO_CONFLICT
Atlantic Ocean||Spain||2009-06-02||43.956||-8.864,GID_1648,1,1,1,1,1,1,1,0,VERIFIED_NO_CONFLICT
Atlantic Ocean||Spain||2009-06-03||43.871||-8.712,GID_1649,1,1,1,1,1,1,1,0,VERIFIED_NO_CONFLICT
Atlantic Ocean||Spain||2009-06-03||43.954||-8.883,GID_1650,1,1,1,1,1,1,1,0,VERIFIED_NO_CONFLICT
Atlantic Ocean||Spain||2009-06-04||43.904||-9.011,GID_1651,1,1,1,1,1,1,1,0,VERIFIED_NO_CONFLICT
Atlantic Ocean||Spain||2009-06-05||43.96||-8.195,GID_1652,1,1,1,1,1,1,1,0,VERIFIED_NO_CONFLICT
Atlantic Ocean||Spain||2009-06-05||44.23||-8.052,GID_1653,1,1,1,1,1,1,1,0,VERIFIED_NO_CONFLICT
Ba Be Lake||Viet Nam||2016-06-26||22.397||105.63,GID_3360,1,1,1,1,1,1,1,0,VERIFIED_NO_CONFLICT
Ba Be Lake||Viet Nam||2016-06-26||22.404||105.625,GID_3358,1,1,1,1,1,1,1,0,VERIFIED_NO_CONFLICT
Ba Be Lake||Viet Nam||2016-06-26||22.407||105.621,GID_3357,1,1,1,1,1,1,1,0,VERIFIED_NO_CONFLICT
Ba Be Lake||Viet Nam||2016-06-26||22.411||105.615,GID_3356,1,1,1,1,1,1,1,0,VERIFIED_NO_CONFLICT
Ba Be Lake||Viet Nam||2016-06-26||22.414||105.613,GID_3355,1,1,1,1,1,1,1,0,VERIFIED_NO_CONFLICT
Ba Be Lake||Viet Nam||2016-06-26||22.422||105.616,GID_3361,1,1,1,1,1,1,1,0,VERIFIED_NO_CONFLICT
Ba Be Lake||Viet Nam||2016-06-26||22.429||105.615,GID_3353,1,1,1,1,1,1,1,0,VERIFIED_NO_CONFLICT
Ba Be Lake||Viet Nam||2016-06-26||22.42||105.615,GID_3354,1,1,1,1,1,1,1,0,VERIFIED_NO_CONFLICT
Ba Be Lake||Viet Nam||2016-06-26||22.435||105.614,GID_3352,1,1,1,1,1,1,1,0,VERIFIED_NO_CONFLICT
Ba Be Lake||Viet Nam||2016-06-26||22.441||105.613,GID_3351,1,1,1,1,1,1,1,0,VERIFIED_NO_CONFLICT
Ba Be Lake||Viet Nam||2016-06-26||22.4||105.628,GID_3359,1,1,1,1,1,1,1,0,VERIFIED_NO_CONFLICT
Ba Be Lake||Viet Nam||2017-05-04||22.396||105.632,GID_3372,1,1,1,1,1,1,1,0,VERIFIED_NO_CONFLICT
Ba Be Lake||Viet Nam||2017-05-04||22.396||105.633,GID_3368;GID_3373,1,1,1,1,1,1,1,0,VERIFIED_NO_CONFLICT
Ba Be Lake||Viet Nam||2017-05-04||22.397||105.631,GID_3371,1,1,1,1,1,1,1,0,VERIFIED_NO_CONFLICT
Ba Be Lake||Viet Nam||2017-05-04||22.398||105.632,GID_3374,1,1,1,1,1,1,1,0,VERIFIED_NO_CONFLICT
Ba Be Lake||Viet Nam||2017-05-04||22.402||105.63,GID_3376,1,1,1,1,1,1,1,0,VERIFIED_NO_CONFLICT
Ba Be Lake||Viet Nam||2017-05-04||22.403||105.617,GID_3381,1,1,1,1,1,1,1,0,VERIFIED_NO_CONFLICT
Ba Be Lake||Viet Nam||2017-05-04||22.403||105.624,GID_3369,1,1,1,1,1,1,1,0,VERIFIED_NO_CONFLICT
Ba Be Lake||Viet Nam||2017-05-04||22.404||105.628,GID_3377,1,1,1,1,1,1,1,0,VERIFIED_NO_CONFLICT
Ba Be Lake||Viet Nam||2017-05-04||22.406||105.626,GID_3378,1,1,1,1,1,1,1,0,VERIFIED_NO_CONFLICT
Ba Be Lake||Viet Nam||2017-05-04||22.407||105.62,GID_3380,1,1,1,1,1,1,1,0,VERIFIED_NO_CONFLICT
Ba Be Lake||Viet Nam||2017-05-04||22.407||105.623,GID_3379,1,1,1,1,1,1,1,0,VERIFIED_NO_CONFLICT
Ba Be Lake||Viet Nam||2017-05-04||22.41||105.608,GID_3366,1,1,1,1,1,1,1,0,VERIFIED_NO_CONFLICT
Ba Be Lake||Viet Nam||2017-05-04||22.433||105.615,GID_3362,1,1,1,1,1,1,1,0,VERIFIED_NO_CONFLICT
Ba Be Lake||Viet Nam||2017-05-04||22.436||105.615,GID_3363,1,1,1,1,1,1,1,0,VERIFIED_NO_CONFLICT
Ba Be Lake||Viet Nam||2017-05-04||22.443||105.613,GID_3364,1,1,1,1,1,1,1,0,VERIFIED_NO_CONFLICT
Ba Be Lake||Viet Nam||2017-05-04||22.445||105.612,GID_3365,1,1,1,1,1,1,1,0,VERIFIED_NO_CONFLICT
Ba Be Lake||Viet Nam||2017-05-04||22.4||105.627,GID_3370,1,1,1,1,1,1,1,0,VERIFIED_NO_CONFLICT
Ba Be Lake||Viet Nam||2017-05-04||22.4||105.631,GID_3375,1,1,1,1,1,1,1,0,VERIFIED_NO_CONFLICT
"Bahia Grande, TX||United States of America (the)||2015-02-22||26.018||-97.285",GID_5133,1,1,1,1,1,1,1,0,VERIFIED_NO_CONFLICT
"Bahia Grande, TX||United States of America (the)||2015-02-22||26.021||-97.279",GID_5132,1,1,1,1,1,1,1,0,VERIFIED_NO_CONFLICT
"Bahia Grande, TX||United States of America (the)||2015-02-22||26.027||-97.285",GID_5134,1,1,1,1,1,1,1,0,VERIFIED_NO_CONFLICT
"Bahia Grande, TX||United States of America (the)||2015-02-22||26.032||-97.291",GID_5135,1,1,1,1,1,1,1,0,VERIFIED_NO_CONFLICT
"Bahia Grande, TX||United States of America (the)||2015-02-22||26.034||-97.293",GID_5136,1,1,1,1,1,1,1,0,VERIFIED_NO_CONFLICT
"Bahia Grande, TX||United States of America (the)||2015-02-22||26.042||-97.298",GID_5137,1,1,1,1,1,1,1,0,VERIFIED_NO_CONFLICT
"Bahia Grande, TX||United States of America (the)||2015-02-22||26.048||-97.305",GID_5138,1,1,1,1,1,1,1,0,VERIFIED_NO_CONFLICT
"Bahia Grande, TX||United States of America (the)||2015-02-22||26.04||-97.278",GID_5131,1,1,1,1,1,1,1,0,VERIFIED_NO_CONFLICT
Baltic Sea||Sweden||2016-05-11||58.843||17.79,GID_49,1,1,1,1,1,1,1,0,VERIFIED_NO_CONFLICT
Baltic Sea||Sweden||2016-05-12||58.589||17.469,GID_51;GID_53,1,1,1,1,1,1,1,0,VERIFIED_NO_CONFLICT
"Baltimore Harbor, MD||United States of America (the)||2005-07-15||39.19||-76.491",GID_4469,1,1,1,1,1,1,1,0,VERIFIED_NO_CONFLICT
"Baltimore Harbor, MD||United States of America (the)||2005-07-15||39.255||-76.601",GID_4486,1,1,1,1,1,1,1,0,VERIFIED_NO_CONFLICT
"Bangs Lake, MS||United States of America (the)||2003-10-08||30.35||-88.466",GID_5024,1,1,1,1,1,1,1,0,VERIFIED_NO_CONFLICT
"Bangs Lake, MS||United States of America (the)||2003-10-08||30.375||-88.471",GID_5027,1,1,1,1,1,1,1,0,VERIFIED_NO_CONFLICT
"Bangs Lake, MS||United States of America (the)||2009-06-02||30.349||-88.465",GID_5023,1,1,1,1,1,1,1,0,VERIFIED_NO_CONFLICT
"Bangs Lake, MS||United States of America (the)||2009-06-02||30.367||-88.47",GID_5026,1,1,1,1,1,1,1,0,VERIFIED_NO_CONFLICT
Bassenthwaite Lake||United Kingdom of Great Britain and Northern Ireland (the)||2014-08-21||54.651||-3.211,GID_6694,1,1,1,1,1,1,1,0,VERIFIED_NO_CONFLICT
Bassenthwaite Lake||United Kingdom of Great Britain and Northern Ireland (the)||2014-08-21||54.655||-3.221,GID_6693,1,1,1,1,1,1,1,0,VERIFIED_NO_CONFLICT
Bassenthwaite Lake||United Kingdom of Great Britain and Northern Ireland (the)||2014-08-21||54.661||-3.223,GID_6692,1,1,1,1,1,1,1,0,VERIFIED_NO_CONFLICT
Bassenthwaite Lake||United Kingdom of Great Britain and Northern Ireland (the)||2014-08-21||54.673||-3.233,GID_6691,1,1,1,1,1,1,1,0,VERIFIED_NO_CONFLICT
"Bayou Cassotte, MS||United States of America (the)||2003-10-06||30.351||-88.508",GID_5028,1,1,1,1,1,1,1,0,VERIFIED_NO_CONFLICT
"Bayou Cassotte, MS||United States of America (the)||2003-10-07||30.336||-88.512",GID_5030,1,1,1,1,1,1,1,0,VERIFIED_NO_CONFLICT
"Bayou Cassotte, MS||United States of America (the)||2003-10-07||30.344||-88.509",GID_5029,1,1,1,1,1,1,1,0,VERIFIED_NO_CONFLICT
"Bayou Cumbest, MS||United States of America (the)||2003-10-07||30.374||-88.443",GID_5016,1,1,1,1,1,1,1,0,VERIFIED_NO_CONFLICT
"Bayou Cumbest, MS||United States of America (the)||2003-10-07||30.384||-88.437",GID_5011,1,1,1,1,1,1,1,0,VERIFIED_NO_CONFLICT
"Bayou Cumbest, MS||United States of America (the)||2003-10-07||30.398||-88.447",GID_5020,1,1,1,1,1,1,1,0,VERIFIED_NO_CONFLICT
"Bayou Cumbest, MS||United States of America (the)||2009-06-02||30.361||-88.439",GID_5014,1,1,1,1,1,1,1,0,VERIFIED_NO_CONFLICT
"Bayou Cumbest, MS||United States of America (the)||2009-06-02||30.372||-88.444",GID_5017,1,1,1,1,1,1,1,0,VERIFIED_NO_CONFLICT
"Bayou Cumbest, MS||United States of America (the)||2009-06-02||30.382||-88.438",GID_5012,1,1,1,1,1,1,1,0,VERIFIED_NO_CONFLICT
"Bayou Cumbest, MS||United States of America (the)||2009-06-02||30.385||-88.439",GID_5013,1,1,1,1,1,1,1,0,VERIFIED_NO_CONFLICT
"Bayou Cumbest, MS||United States of America (the)||2009-06-02||30.398||-88.447",GID_5021,1,1,1,1,1,1,1,0,VERIFIED_NO_CONFLICT
"Bayou Heron, MS||United States of America (the)||2003-10-06||30.387||-88.397",GID_4995,1,1,1,1,1,1,1,0,VERIFIED_NO_CONFLICT
"Bayou Heron, MS||United States of America (the)||2003-10-06||30.408||-88.401",GID_5000,1,1,1,1,1,1,1,0,VERIFIED_NO_CONFLICT
"Bayou Heron, MS||United States of America (the)||2003-10-06||30.422||-88.408",GID_5004,1,1,1,1,1,1,1,0,VERIFIED_NO_CONFLICT
"Bayou Heron, MS||United States of America (the)||2009-06-01||30.378||-88.4",GID_4998,1,1,1,1,1,1,1,0,VERIFIED_NO_CONFLICT
"Bayou Heron, MS||United States of America (the)||2009-06-01||30.386||-88.397",GID_4996,1,1,1,1,1,1,1,0,VERIFIED_NO_CONFLICT
"Bayou Heron, MS||United States of America (the)||2009-06-01||30.397||-88.402",GID_5001,1,1,1,1,1,1,1,0,VERIFIED_NO_CONFLICT
"Bayou Heron, MS||United States of America (the)||2009-06-01||30.42||-88.408",GID_5005,1,1,1,1,1,1,1,0,VERIFIED_NO_CONFLICT
Beaver Dam Lake||United States of America (the)||2014-07-28||43.458||-88.855,GID_1425,1,1,1,1,1,1,1,0,VERIFIED_NO_CONFLICT
Beaver Dam Lake||United States of America (the)||2014-07-28||43.47||-88.861,GID_1426,1,1,1,1,1,1,1,0,VERIFIED_NO_CONFLICT
Beaver Dam Lake||United States of America (the)||2014-07-28||43.525||-88.909,GID_1427,1,1,1,1,1,1,1,0,VERIFIED_NO_CONFLICT
Big Saint Germain Lake||United States of America (the)||2014-06-17||45.932||-89.52,GID_1385,1,1,1,1,1,1,1,0,VERIFIED_NO_CONFLICT
Big Saint Germain Lake||United States of America (the)||2014-06-17||45.932||-89.535,GID_1386,1,1,1,1,1,1,1,0,VERIFIED_NO_CONFLICT
Big Saint Germain Lake||United States of America (the)||2014-06-17||45.937||-89.502,GID_1387,1,1,1,1,1,1,1,0,VERIFIED_NO_CONFLICT
Big Saint Germain Lake||United States of America (the)||2015-07-22||45.933||-89.52,GID_1483,1,1,1,1,1,1,1,0,VERIFIED_NO_CONFLICT
Big Saint Germain Lake||United States of America (the)||2015-07-22||45.933||-89.535,GID_1484,1,1,1,1,1,1,1,0,VERIFIED_NO_CONFLICT
Big Saint Germain Lake||United States of America (the)||2015-07-22||45.937||-89.502,GID_1485,1,1,1,1,1,1,1,0,VERIFIED_NO_CONFLICT
Big Sand Lake||United States of America (the)||2015-07-30||46.061||-88.992,GID_1491,1,1,1,1,1,1,1,0,VERIFIED_NO_CONFLICT
Big Sand Lake||United States of America (the)||2015-07-30||46.065||-88.973,GID_1489,1,1,1,1,1,1,1,0,VERIFIED_NO_CONFLICT
Big Sand Lake||United States of America (the)||2015-07-30||46.066||-88.96,GID_1490,1,1,1,1,1,1,1,0,VERIFIED_NO_CONFLICT
Biwa||Japan||2011-10-12||35.098||135.926,GID_3120,1,1,1,1,1,1,1,0,VERIFIED_NO_CONFLICT
Biwa||Japan||2011-10-12||35.125||135.941,GID_3121,1,1,1,1,1,1,1,0,VERIFIED_NO_CONFLICT
Biwa||Japan||2011-10-12||35.183||135.978,GID_3122,1,1,1,1,1,1,1,0,VERIFIED_NO_CONFLICT
Biwa||Japan||2011-10-12||35.225||136.101,GID_3124,1,1,1,1,1,1,1,0,VERIFIED_NO_CONFLICT
Biwa||Japan||2011-10-12||35.245||135.979,GID_3123,1,1,1,1,1,1,1,0,VERIFIED_NO_CONFLICT
Biwa||Japan||2011-10-12||35.302||136.152,GID_3125,1,1,1,1,1,1,1,0,VERIFIED_NO_CONFLICT
Biwa||Japan||2011-10-12||35.374||136.102,GID_3128,1,1,1,1,1,1,1,0,VERIFIED_NO_CONFLICT
Biwa||Japan||2011-10-12||35.388||136.121,GID_3127,1,1,1,1,1,1,1,0,VERIFIED_NO_CONFLICT
Biwa||Japan||2011-10-12||35.394||136.055,GID_3126,1,1,1,1,1,1,1,0,VERIFIED_NO_CONFLICT
"Black River, SC||United States of America (the)||2011-07-21||33.408||-79.251",GID_4505,1,1,1,1,1,1,1,0,VERIFIED_NO_CONFLICT
"Black River, SC||United States of America (the)||2011-07-21||33.477||-79.271",GID_4507,1,1,1,1,1,1,1,0,VERIFIED_NO_CONFLICT
"Blackbird Creek, DE||United States of America (the)||2004-07-24||39.387||-75.637",GID_4419,1,1,1,1,1,1,1,0,VERIFIED_NO_CONFLICT
"Blackbird Creek, DE||United States of America (the)||2004-07-24||39.393||-75.621",GID_4418,1,1,1,1,1,1,1,0,VERIFIED_NO_CONFLICT
"Blackbird Creek, DE||United States of America (the)||2004-07-24||39.405||-75.599",GID_4416,1,1,1,1,1,1,1,0,VERIFIED_NO_CONFLICT
"Blackbird Creek, DE||United States of America (the)||2004-07-24||39.431||-75.599",GID_4417,1,1,1,1,1,1,1,0,VERIFIED_NO_CONFLICT
"Blackburn Bay, FL||United States of America (the)||2011-07-08||27.139||-82.471",GID_4894,1,1,1,1,1,1,1,0,VERIFIED_NO_CONFLICT
"Blackburn Bay, FL||United States of America (the)||2011-07-08||27.151||-82.482",GID_4895,1,1,1,1,1,1,1,0,VERIFIED_NO_CONFLICT
Blowering Reservoir||Australia||2020-02-10||-35.451||148.277,GID_194,1,1,1,1,1,1,1,0,VERIFIED_NO_CONFLICT
Blowering Reservoir||Australia||2020-02-10||-35.529||148.255,GID_198,1,1,1,1,1,1,1,0,VERIFIED_NO_CONFLICT
Blowering Reservoir||Australia||2020-02-11||-35.481||148.251,GID_196,1,1,1,1,1,1,1,0,VERIFIED_NO_CONFLICT
Blowering Reservoir||Australia||2021-01-21||-35.41||148.294,GID_192,1,1,1,1,1,1,1,0,VERIFIED_NO_CONFLICT
Blowering Reservoir||Australia||2021-01-21||-35.53||148.265,GID_199,1,1,1,1,1,1,1,0,VERIFIED_NO_CONFLICT
Blowering Reservoir||Australia||2021-06-28||-35.453||148.276,GID_195,1,1,1,1,1,1,1,0,VERIFIED_NO_CONFLICT
Blowering Reservoir||Australia||2021-06-28||-35.482||148.247,GID_197,1,1,1,1,1,1,1,0,VERIFIED_NO_CONFLICT
Blowering Reservoir||Australia||2021-06-29||-35.412||148.251,GID_193,1,1,1,1,1,1,1,0,VERIFIED_NO_CONFLICT
Blowering Reservoir||Australia||2021-06-29||-35.528||148.263,GID_200,1,1,1,1,1,1,1,0,VERIFIED_NO_CONFLICT
BovenMerwede||Netherlands (the)||2013-08-29||51.829||4.963,GID_7263,1,1,1,1,1,1,1,0,VERIFIED_NO_CONFLICT
Branched Oak Lake||United States of America (the)||2011-08-18||40.961||-96.878,GID_1324,1,1,1,1,1,1,1,0,VERIFIED_NO_CONFLICT
Branched Oak Lake||United States of America (the)||2011-08-18||40.962||-96.871,GID_1323,1,1,1,1,1,1,1,0,VERIFIED_NO_CONFLICT
Branched Oak Lake||United States of America (the)||2011-08-18||40.966||-96.888,GID_1325,1,1,1,1,1,1,1,0,VERIFIED_NO_CONFLICT
Branched Oak Lake||United States of America (the)||2011-08-18||40.967||-96.859,GID_1322,1,1,1,1,1,1,1,0,VERIFIED_NO_CONFLICT
Branched Oak Lake||United States of America (the)||2011-08-18||40.969||-96.876,GID_1326,1,1,1,1,1,1,1,0,VERIFIED_NO_CONFLICT
Branched Oak Lake||United States of America (the)||2011-08-18||40.974||-96.872,GID_1327,1,1,1,1,1,1,1,0,VERIFIED_NO_CONFLICT
Branched Oak Lake||United States of America (the)||2011-08-18||40.976||-96.852,GID_1321,1,1,1,1,1,1,1,0,VERIFIED_NO_CONFLICT
Branched Oak Lake||United States of America (the)||2011-08-18||40.983||-96.853,GID_1320,1,1,1,1,1,1,1,0,VERIFIED_NO_CONFLICT
Branched Oak Lake||United States of America (the)||2011-08-18||40.984||-96.862,GID_1329,1,1,1,1,1,1,1,0,VERIFIED_NO_CONFLICT
Branched Oak Lake||United States of America (the)||2011-08-18||40.987||-96.883,GID_1328,1,1,1,1,1,1,1,0,VERIFIED_NO_CONFLICT
Branched Oak Lake||United States of America (the)||2011-08-31||40.961||-96.868,GID_1334,1,1,1,1,1,1,1,0,VERIFIED_NO_CONFLICT
Branched Oak Lake||United States of America (the)||2011-08-31||40.961||-96.878,GID_1335,1,1,1,1,1,1,1,0,VERIFIED_NO_CONFLICT
Branched Oak Lake||United States of America (the)||2011-08-31||40.964||-96.864,GID_1333,1,1,1,1,1,1,1,0,VERIFIED_NO_CONFLICT
Branched Oak Lake||United States of America (the)||2011-08-31||40.966||-96.89,GID_1336,1,1,1,1,1,1,1,0,VERIFIED_NO_CONFLICT
Branched Oak Lake||United States of America (the)||2011-08-31||40.967||-96.857,GID_1332,1,1,1,1,1,1,1,0,VERIFIED_NO_CONFLICT
Branched Oak Lake||United States of America (the)||2011-08-31||40.969||-96.877,GID_1337,1,1,1,1,1,1,1,0,VERIFIED_NO_CONFLICT
Branched Oak Lake||United States of America (the)||2011-08-31||40.974||-96.872,GID_1339,1,1,1,1,1,1,1,0,VERIFIED_NO_CONFLICT
Branched Oak Lake||United States of America (the)||2011-08-31||40.977||-96.851,GID_1331,1,1,1,1,1,1,1,0,VERIFIED_NO_CONFLICT
Branched Oak Lake||United States of America (the)||2011-08-31||40.978||-96.858,GID_1343,1,1,1,1,1,1,1,0,VERIFIED_NO_CONFLICT
Branched Oak Lake||United States of America (the)||2011-08-31||40.97||-96.857,GID_1344,1,1,1,1,1,1,1,0,VERIFIED_NO_CONFLICT
Branched Oak Lake||United States of America (the)||2011-08-31||40.97||-96.873,GID_1338,1,1,1,1,1,1,1,0,VERIFIED_NO_CONFLICT
Branched Oak Lake||United States of America (the)||2011-08-31||40.982||-96.853,GID_1330,1,1,1,1,1,1,1,0,VERIFIED_NO_CONFLICT
Branched Oak Lake||United States of America (the)||2011-08-31||40.984||-96.861,GID_1342,1,1,1,1,1,1,1,0,VERIFIED_NO_CONFLICT
Branched Oak Lake||United States of America (the)||2011-08-31||40.986||-96.882,GID_1340,1,1,1,1,1,1,1,0,VERIFIED_NO_CONFLICT
Branched Oak Lake||United States of America (the)||2011-08-31||40.98||-96.865,GID_1341,1,1,1,1,1,1,1,0,VERIFIED_NO_CONFLICT
Branched Oak Lake||United States of America (the)||2011-09-09||40.961||-96.878,GID_1359,1,1,1,1,1,1,1,0,VERIFIED_NO_CONFLICT
Branched Oak Lake||United States of America (the)||2011-09-09||40.965||-96.864,GID_1357,1,1,1,1,1,1,1,0,VERIFIED_NO_CONFLICT
Branched Oak Lake||United States of America (the)||2011-09-09||40.965||-96.889,GID_1345,1,1,1,1,1,1,1,0,VERIFIED_NO_CONFLICT
Branched Oak Lake||United States of America (the)||2011-09-09||40.966||-96.858,GID_1356,1,1,1,1,1,1,1,0,VERIFIED_NO_CONFLICT
Branched Oak Lake||United States of America (the)||2011-09-09||40.968||-96.877,GID_1346,1,1,1,1,1,1,1,0,VERIFIED_NO_CONFLICT
Branched Oak Lake||United States of America (the)||2011-09-09||40.96||-96.872,GID_1358,1,1,1,1,1,1,1,0,VERIFIED_NO_CONFLICT
Branched Oak Lake||United States of America (the)||2011-09-09||40.974||-96.872,GID_1348,1,1,1,1,1,1,1,0,VERIFIED_NO_CONFLICT
Branched Oak Lake||United States of America (the)||2011-09-09||40.977||-96.852,GID_1353,1,1,1,1,1,1,1,0,VERIFIED_NO_CONFLICT
Branched Oak Lake||United States of America (the)||2011-09-09||40.978||-96.858,GID_1352,1,1,1,1,1,1,1,0,VERIFIED_NO_CONFLICT
Branched Oak Lake||United States of America (the)||2011-09-09||40.97||-96.857,GID_1355,1,1,1,1,1,1,1,0,VERIFIED_NO_CONFLICT
Branched Oak Lake||United States of America (the)||2011-09-09||40.97||-96.867,GID_1347,1,1,1,1,1,1,1,0,VERIFIED_NO_CONFLICT
Branched Oak Lake||United States of America (the)||2011-09-09||40.983||-96.853,GID_1354,1,1,1,1,1,1,1,0,VERIFIED_NO_CONFLICT
Branched Oak Lake||United States of America (the)||2011-09-09||40.984||-96.861,GID_1351,1,1,1,1,1,1,1,0,VERIFIED_NO_CONFLICT
Branched Oak Lake||United States of America (the)||2011-09-09||40.986||-96.882,GID_1349,1,1,1,1,1,1,1,0,VERIFIED_NO_CONFLICT
Branched Oak Lake||United States of America (the)||2011-09-09||40.98||-96.865,GID_1350,1,1,1,1,1,1,1,0,VERIFIED_NO_CONFLICT
Breukeleveensche- of Stille Plas||Netherlands (the)||1990-09-10||52.184||5.083,GID_596,1,1,1,1,1,1,1,0,VERIFIED_NO_CONFLICT
Bronkhorstspruit||South Africa||2017-04-03||-25.894||28.704,GID_7380,1,1,1,1,1,1,1,0,VERIFIED_NO_CONFLICT
Bronkhorstspruit||South Africa||2017-04-03||-25.898||28.695,GID_7379,1,1,1,1,1,1,1,0,VERIFIED_NO_CONFLICT
Bronkhorstspruit||South Africa||2017-04-03||-25.906||28.691,GID_7378,1,1,1,1,1,1,1,0,VERIFIED_NO_CONFLICT
Bronkhorstspruit||South Africa||2017-09-19||-25.906||28.691,GID_7389,1,1,1,1,1,1,1,0,VERIFIED_NO_CONFLICT
Burrinjuck Dam||Australia||2020-07-16||-34.915||148.792,GID_214,1,1,1,1,1,1,1,0,VERIFIED_NO_CONFLICT
Burrinjuck Dam||Australia||2020-07-16||-34.926||148.732,GID_212,1,1,1,1,1,1,1,0,VERIFIED_NO_CONFLICT
Burrinjuck Dam||Australia||2020-07-16||-34.999||148.603,GID_207,1,1,1,1,1,1,1,0,VERIFIED_NO_CONFLICT
Burrinjuck Dam||Australia||2020-09-04||-34.964||148.693,GID_210,1,1,1,1,1,1,1,0,VERIFIED_NO_CONFLICT
Burrinjuck Dam||Australia||2020-09-04||-34.999||148.604,GID_208,1,1,1,1,1,1,1,0,VERIFIED_NO_CONFLICT
Burrinjuck Dam||Australia||2021-03-10||-34.965||148.693,GID_211,1,1,1,1,1,1,1,0,VERIFIED_NO_CONFLICT
Burrinjuck Dam||Australia||2021-03-10||-34.999||148.603,GID_209,1,1,1,1,1,1,1,0,VERIFIED_NO_CONFLICT
Burrinjuck Dam||Australia||2021-03-10||-35.024||148.646,GID_216,1,1,1,1,1,1,1,0,VERIFIED_NO_CONFLICT
Burrinjuck Dam||Australia||2021-03-14||-35.023||148.646,GID_217,1,1,1,1,1,1,1,0,VERIFIED_NO_CONFLICT
Burrinjuck Dam||Australia||2021-03-15||-34.915||148.792,GID_215,1,1,1,1,1,1,1,0,VERIFIED_NO_CONFLICT
Burrinjuck Dam||Australia||2021-03-15||-34.924||148.732,GID_213,1,1,1,1,1,1,1,0,VERIFIED_NO_CONFLICT
"Bush River, MD||United States of America (the)||2005-07-16||39.35||-76.25",GID_4431,1,1,1,1,1,1,1,0,VERIFIED_NO_CONFLICT
"Bush River, MD||United States of America (the)||2005-07-16||39.384||-76.261",GID_4432,1,1,1,1,1,1,1,0,VERIFIED_NO_CONFLICT
"Bush River, MD||United States of America (the)||2005-07-16||39.421||-76.246",GID_4430,1,1,1,1,1,1,1,0,VERIFIED_NO_CONFLICT
"Bush River, MD||United States of America (the)||2005-07-16||39.445||-76.275",GID_4434,1,1,1,1,1,1,1,0,VERIFIED_NO_CONFLICT
"Bush River, MD||United States of America (the)||2005-07-16||39.446||-76.27",GID_4433,1,1,1,1,1,1,1,0,VERIFIED_NO_CONFLICT
Butternut Lake||United States of America (the)||2015-07-30||45.908||-88.995,GID_1492,1,1,1,1,1,1,1,0,VERIFIED_NO_CONFLICT
Butternut Lake||United States of America (the)||2015-07-30||45.915||-88.986,GID_1494,1,1,1,1,1,1,1,0,VERIFIED_NO_CONFLICT
Butternut Lake||United States of America (the)||2015-07-30||45.917||-88.999,GID_1493,1,1,1,1,1,1,1,0,VERIFIED_NO_CONFLICT
Cannon||United States of America (the)||2018-08-30||44.276||-93.349,GID_3840,1,1,1,1,1,1,1,0,VERIFIED_NO_CONFLICT
"Canoochee River, GA||United States of America (the)||2011-06-15||31.984||-81.327",GID_4779,1,1,1,1,1,1,1,0,VERIFIED_NO_CONFLICT
"Carl Blackwell Lake, OK||United States of America (the)||2008-07-24||36.131||-97.254",GID_5129,1,1,1,1,1,1,1,0,VERIFIED_NO_CONFLICT
"Carl Blackwell Lake, OK||United States of America (the)||2008-07-24||36.14||-97.253",GID_5128,1,1,1,1,1,1,1,0,VERIFIED_NO_CONFLICT
"Carl Blackwell Lake, OK||United States of America (the)||2008-07-24||36.14||-97.269",GID_5130,1,1,1,1,1,1,1,0,VERIFIED_NO_CONFLICT
"Carter Lake, NE||United States of America (the)||2004-09-23||41.289||-95.903",GID_5045,1,1,1,1,1,1,1,0,VERIFIED_NO_CONFLICT
"Carter Lake, NE||United States of America (the)||2004-09-23||41.289||-95.904",GID_5046,1,1,1,1,1,1,1,0,VERIFIED_NO_CONFLICT
"Carter Lake, NE||United States of America (the)||2004-09-23||41.293||-95.929",GID_5077,1,1,1,1,1,1,1,0,VERIFIED_NO_CONFLICT
"Carter Lake, NE||United States of America (the)||2004-09-23||41.294||-95.926",GID_5076,1,1,1,1,1,1,1,0,VERIFIED_NO_CONFLICT
"Carter Lake, NE||United States of America (the)||2004-09-23||41.301||-95.922",GID_5075,1,1,1,1,1,1,1,0,VERIFIED_NO_CONFLICT
"Carter Lake, NE||United States of America (the)||2004-09-23||41.302||-95.906",GID_5050,1,1,1,1,1,1,1,0,VERIFIED_NO_CONFLICT
"Carter Lake, NE||United States of America (the)||2004-09-23||41.303||-95.907",GID_5052,1,1,1,1,1,1,1,0,VERIFIED_NO_CONFLICT
"Carter Lake, NE||United States of America (the)||2004-11-06||41.291||-95.929",GID_5078,1,1,1,1,1,1,1,0,VERIFIED_NO_CONFLICT
"Carter Lake, NE||United States of America (the)||2004-11-06||41.29||-95.905",GID_5047,1,1,1,1,1,1,1,0,VERIFIED_NO_CONFLICT
"Carter Lake, NE||United States of America (the)||2004-11-06||41.302||-95.906",GID_5051,1,1,1,1,1,1,1,0,VERIFIED_NO_CONFLICT
"Carter Lake, NE||United States of America (the)||2004-11-26||41.291||-95.93",GID_5079,1,1,1,1,1,1,1,0,VERIFIED_NO_CONFLICT
"Carter Lake, NE||United States of America (the)||2004-11-26||41.29||-95.905",GID_5049,1,1,1,1,1,1,1,0,VERIFIED_NO_CONFLICT
"Carter Lake, NE||United States of America (the)||2004-11-26||41.302||-95.917",GID_5063,1,1,1,1,1,1,1,0,VERIFIED_NO_CONFLICT
"Carter Lake, NE||United States of America (the)||2008-05-05||41.289||-95.905",GID_5048,1,1,1,1,1,1,1,0,VERIFIED_NO_CONFLICT
"Carter Lake, NE||United States of America (the)||2008-06-18||41.302||-95.916",GID_5060,1,1,1,1,1,1,1,0,VERIFIED_NO_CONFLICT
"Carter Lake, NE||United States of America (the)||2008-06-25||41.302||-95.916",GID_5061,1,1,1,1,1,1,1,0,VERIFIED_NO_CONFLICT
"Carter Lake, NE||United States of America (the)||2008-07-01||41.302||-95.916",GID_5062,1,1,1,1,1,1,1,0,VERIFIED_NO_CONFLICT
Chaohu||China||2013-05-12||31.511||117.59,GID_2955,1,1,1,1,1,1,1,0,VERIFIED_NO_CONFLICT
Chaohu||China||2013-05-12||31.51||117.553,GID_2946,1,1,1,1,1,1,1,0,VERIFIED_NO_CONFLICT
Chaohu||China||2013-05-12||31.523||117.516,GID_2947,1,1,1,1,1,1,1,0,VERIFIED_NO_CONFLICT
Chaohu||China||2013-05-12||31.527||117.628,GID_2956,1,1,1,1,1,1,1,0,VERIFIED_NO_CONFLICT
Chaohu||China||2013-05-12||31.537||117.485,GID_2948,1,1,1,1,1,1,1,0,VERIFIED_NO_CONFLICT
Chaohu||China||2013-05-12||31.55||117.448,GID_2949,1,1,1,1,1,1,1,0,VERIFIED_NO_CONFLICT
Chaohu||China||2013-05-12||31.55||117.658,GID_2957,1,1,1,1,1,1,1,0,VERIFIED_NO_CONFLICT
Chaohu||China||2013-05-12||31.571||117.686,GID_2958,1,1,1,1,1,1,1,0,VERIFIED_NO_CONFLICT
Chaohu||China||2013-05-12||31.573||117.418,GID_2950,1,1,1,1,1,1,1,0,VERIFIED_NO_CONFLICT
Chaohu||China||2013-05-12||31.594||117.749,GID_2960,1,1,1,1,1,1,1,0,VERIFIED_NO_CONFLICT
Chaohu||China||2013-05-12||31.595||117.395,GID_2951,1,1,1,1,1,1,1,0,VERIFIED_NO_CONFLICT
Chaohu||China||2013-05-12||31.59||117.714,GID_2959,1,1,1,1,1,1,1,0,VERIFIED_NO_CONFLICT
Chaohu||China||2013-05-12||31.62||117.37,GID_2952,1,1,1,1,1,1,1,0,VERIFIED_NO_CONFLICT
Chaohu||China||2013-05-12||31.648||117.348,GID_2953,1,1,1,1,1,1,1,0,VERIFIED_NO_CONFLICT
Chaohu||China||2013-05-12||31.676||117.33,GID_2954,1,1,1,1,1,1,1,0,VERIFIED_NO_CONFLICT
Chaohu||China||2013-10-10||31.579||117.453,GID_2962;GID_2964,1,1,1,1,1,1,1,0,VERIFIED_NO_CONFLICT
Chaohu||China||2013-10-10||31.591||117.453,GID_2966;GID_2968;GID_2969,1,1,1,1,1,1,1,0,VERIFIED_NO_CONFLICT
Chaohu||China||2013-10-11||31.591||117.444,GID_2971;GID_2973;GID_2975,1,1,1,1,1,1,1,0,VERIFIED_NO_CONFLICT
Chaohu||China||2013-10-11||31.594||117.439,GID_2977;GID_2978,1,1,1,1,1,1,1,0,VERIFIED_NO_CONFLICT
Chaohu||China||2013-10-12||31.566||117.428,GID_2982;GID_2984,1,1,1,1,1,1,1,0,VERIFIED_NO_CONFLICT
Chaohu||China||2013-10-12||31.571||117.462,GID_2986;GID_2987,1,1,1,1,1,1,1,0,VERIFIED_NO_CONFLICT
"Charlotte Harbor, FL||United States of America (the)||2011-07-07||26.716||-82.24",GID_4394,1,1,1,1,1,1,1,0,VERIFIED_NO_CONFLICT
"Charlotte Harbor, FL||United States of America (the)||2011-07-07||26.905||-82.122",GID_4885,1,1,1,1,1,1,1,0,VERIFIED_NO_CONFLICT
"Charlotte Harbor, FL||United States of America (the)||2011-07-07||26.952||-82.05",GID_4884,1,1,1,1,1,1,1,0,VERIFIED_NO_CONFLICT
"Charlotte Harbor, FL||United States of America (the)||2011-07-07||26.954||-82.204",GID_4887,1,1,1,1,1,1,1,0,VERIFIED_NO_CONFLICT
"Charlotte Harbor, FL||United States of America (the)||2011-07-07||26.96||-82.014",GID_4883,1,1,1,1,1,1,1,0,VERIFIED_NO_CONFLICT
"Chesapeake Bay, MD||United States of America (the)||2005-07-11||38.327||-76.377",GID_4448,1,1,1,1,1,1,1,0,VERIFIED_NO_CONFLICT
"Chesapeake Bay, MD||United States of America (the)||2005-07-13||38.538||-76.502",GID_4471,1,1,1,1,1,1,1,0,VERIFIED_NO_CONFLICT
"Chesapeake Bay, MD||United States of America (the)||2005-07-13||38.556||-76.502",GID_4472,1,1,1,1,1,1,1,0,VERIFIED_NO_CONFLICT
"Chesapeake Bay, MD||United States of America (the)||2005-07-13||38.578||-76.432",GID_4454,1,1,1,1,1,1,1,0,VERIFIED_NO_CONFLICT
"Chesapeake Bay, MD||United States of America (the)||2005-07-13||38.641||-76.508",GID_4475,1,1,1,1,1,1,1,0,VERIFIED_NO_CONFLICT
"Chesapeake Bay, MD||United States of America (the)||2005-07-13||38.779||-76.512",GID_4477,1,1,1,1,1,1,1,0,VERIFIED_NO_CONFLICT
"Chesapeake Bay, MD||United States of America (the)||2005-07-13||38.802||-76.492",GID_4470,1,1,1,1,1,1,1,0,VERIFIED_NO_CONFLICT
"Chesapeake Bay, MD||United States of America (the)||2005-07-13||38.809||-76.473",GID_4462,1,1,1,1,1,1,1,0,VERIFIED_NO_CONFLICT
"Chesapeake Bay, MD||United States of America (the)||2005-07-14||38.827||-76.464",GID_4458,1,1,1,1,1,1,1,0,VERIFIED_NO_CONFLICT
"Chesapeake Bay, MD||United States of America (the)||2005-07-14||38.88||-76.441",GID_4455,1,1,1,1,1,1,1,0,VERIFIED_NO_CONFLICT
"Combahee River, SC||United States of America (the)||2003-06-10||32.506||-80.531",GID_4565,1,1,1,1,1,1,1,0,VERIFIED_NO_CONFLICT
Como||Italy||2019-07-25||45.975||9.281,GID_1104,1,1,1,1,1,1,1,0,VERIFIED_NO_CONFLICT
Como||Italy||2019-07-25||45.984||9.245,GID_1103,1,1,1,1,1,1,1,0,VERIFIED_NO_CONFLICT
Como||Italy||2019-07-25||46.057||9.282,GID_1102,1,1,1,1,1,1,1,0,VERIFIED_NO_CONFLICT
Coniston Water||United Kingdom of Great Britain and Northern Ireland (the)||2014-08-19||54.362||-3.062,GID_6686,1,1,1,1,1,1,1,0,VERIFIED_NO_CONFLICT
"Corpus Christi Bay, TX||United States of America (the)||2008-07-17||27.772||-97.386",GID_5149,1,1,1,1,1,1,1,0,VERIFIED_NO_CONFLICT
"Corpus Christi Bay, TX||United States of America (the)||2011-03-10||27.777||-97.386",GID_5148,1,1,1,1,1,1,1,0,VERIFIED_NO_CONFLICT
"Corpus Christi Bay, TX||United States of America (the)||2011-03-10||27.789||-97.385",GID_5144,1,1,1,1,1,1,1,0,VERIFIED_NO_CONFLICT
"Corpus Christi Bay, TX||United States of America (the)||2011-03-10||27.824||-97.36",GID_5142,1,1,1,1,1,1,1,0,VERIFIED_NO_CONFLICT
"Corpus Christi Ship Channel, TX||United States of America (the)||2008-07-15||27.82||-97.188",GID_5126,1,1,1,1,1,1,1,0,VERIFIED_NO_CONFLICT
"Crooked Bayou, MS||United States of America (the)||2009-06-02||30.349||-88.419",GID_5009,1,1,1,1,1,1,1,0,VERIFIED_NO_CONFLICT
"Crooked Bayou, MS||United States of America (the)||2009-06-02||30.359||-88.419",GID_5010,1,1,1,1,1,1,1,0,VERIFIED_NO_CONFLICT
Cuerda del Pozo||Spain||2007-06-05||41.854||-2.758,GID_4151,1,1,1,1,1,1,1,0,VERIFIED_NO_CONFLICT
Cuerda del Pozo||Spain||2007-06-05||41.854||-2.763,GID_4149,1,1,1,1,1,1,1,0,VERIFIED_NO_CONFLICT
Cuerda del Pozo||Spain||2007-06-28||41.855||-2.731,GID_4165,1,1,1,1,1,1,1,0,VERIFIED_NO_CONFLICT
Cuerda del Pozo||Spain||2007-06-28||41.857||-0.412,GID_4164,1,1,1,1,1,1,1,0,VERIFIED_NO_CONFLICT
Cuerda del Pozo||Spain||2007-06-28||41.857||-2.738,GID_4163,1,1,1,1,1,1,1,0,VERIFIED_NO_CONFLICT
Cuerda del Pozo||Spain||2007-06-28||41.858||-2.736,GID_4162,1,1,1,1,1,1,1,0,VERIFIED_NO_CONFLICT
"Cumberland Sound, GA||United States of America (the)||2007-03-12||30.716||-81.473",GID_4817,1,1,1,1,1,1,1,0,VERIFIED_NO_CONFLICT
"Cunningham Lake, NE||United States of America (the)||2002-09-29||41.339||-96.054",GID_5082,1,1,1,1,1,1,1,0,VERIFIED_NO_CONFLICT
"Cunningham Lake, NE||United States of America (the)||2002-09-29||41.345||-96.053",GID_5080,1,1,1,1,1,1,1,0,VERIFIED_NO_CONFLICT
"Cunningham Lake, NE||United States of America (the)||2002-09-29||41.35||-96.055",GID_5086,1,1,1,1,1,1,1,0,VERIFIED_NO_CONFLICT
"Cunningham Lake, NE||United States of America (the)||2002-09-29||41.362||-96.056",GID_5088,1,1,1,1,1,1,1,0,VERIFIED_NO_CONFLICT
"Cunningham Lake, NE||United States of America (the)||2002-11-22||41.339||-96.054",GID_5083,1,1,1,1,1,1,1,0,VERIFIED_NO_CONFLICT
"Cunningham Lake, NE||United States of America (the)||2002-11-22||41.345||-96.053",GID_5081,1,1,1,1,1,1,1,0,VERIFIED_NO_CONFLICT
"Cunningham Lake, NE||United States of America (the)||2002-11-22||41.355||-96.055",GID_5085,1,1,1,1,1,1,1,0,VERIFIED_NO_CONFLICT
"Cunningham Lake, NE||United States of America (the)||2002-11-22||41.35||-96.055",GID_5087,1,1,1,1,1,1,1,0,VERIFIED_NO_CONFLICT
"Cunningham Lake, NE||United States of America (the)||2002-11-22||41.362||-96.056",GID_5089,1,1,1,1,1,1,1,0,VERIFIED_NO_CONFLICT
Curuai Lake||Brazil||2013-08-15||-2.134||-55.396,GID_349,1,1,1,1,1,1,1,0,VERIFIED_NO_CONFLICT
Curuai Lake||Brazil||2013-08-15||-2.178||-55.355,GID_350,1,1,1,1,1,1,1,0,VERIFIED_NO_CONFLICT
Curuai Lake||Brazil||2013-08-15||-2.239||-55.339,GID_351,1,1,1,1,1,1,1,0,VERIFIED_NO_CONFLICT
Curuai Lake||Brazil||2013-08-15||-2.257||-55.398,GID_353,1,1,1,1,1,1,1,0,VERIFIED_NO_CONFLICT
Curuai Lake||Brazil||2013-08-15||-2.262||-55.456,GID_352,1,1,1,1,1,1,1,0,VERIFIED_NO_CONFLICT
Curuai Lake||Brazil||2014-04-12||-1.945||-55.594,GID_354,1,1,1,1,1,1,1,0,VERIFIED_NO_CONFLICT
Curuai Lake||Brazil||2014-04-12||-1.95||-55.572,GID_356,1,1,1,1,1,1,1,0,VERIFIED_NO_CONFLICT
Curuai Lake||Brazil||2018-08-08||-2.245||-55.241,GID_344,1,1,1,1,1,1,1,0,VERIFIED_NO_CONFLICT
Curuai Lake||Brazil||2018-08-08||-2.261||-55.213,GID_343,1,1,1,1,1,1,1,0,VERIFIED_NO_CONFLICT
Curuai Lake||Brazil||2018-08-08||-2.262||-55.124,GID_342,1,1,1,1,1,1,1,0,VERIFIED_NO_CONFLICT
Curuai Lake||Brazil||2018-08-10||-2.054||-55.638,GID_345,1,1,1,1,1,1,1,0,VERIFIED_NO_CONFLICT
Curuai Lake||Brazil||2018-08-10||-2.105||-55.865,GID_347,1,1,1,1,1,1,1,0,VERIFIED_NO_CONFLICT
Curuai Lake||Brazil||2018-08-10||-2.117||-55.618,GID_346,1,1,1,1,1,1,1,0,VERIFIED_NO_CONFLICT
Curuai Lake||Brazil||2018-08-10||-2.135||-55.72,GID_348,1,1,1,1,1,1,1,0,VERIFIED_NO_CONFLICT
"Delaware Bay, DE||United States of America (the)||2004-07-21||39.057||-75.377",GID_4395,1,1,1,1,1,1,1,0,VERIFIED_NO_CONFLICT
"Delaware Bay, DE||United States of America (the)||2004-07-21||39.062||-75.384",GID_4396,1,1,1,1,1,1,1,0,VERIFIED_NO_CONFLICT
"Delaware Bay, DE||United States of America (the)||2004-07-21||39.068||-75.39",GID_4397,1,1,1,1,1,1,1,0,VERIFIED_NO_CONFLICT
"Delaware Bay, DE||United States of America (the)||2004-07-21||39.078||-75.395",GID_4398,1,1,1,1,1,1,1,0,VERIFIED_NO_CONFLICT
"Derby Pond, DE||United States of America (the)||2004-07-23||39.086||-75.56",GID_4415,1,1,1,1,1,1,1,0,VERIFIED_NO_CONFLICT
Dianchi||China||2007-10-23||24.728||102.649,GID_3148,1,1,1,1,1,1,1,0,VERIFIED_NO_CONFLICT
Dianchi||China||2007-10-23||24.802||102.7,GID_3147,1,1,1,1,1,1,1,0,VERIFIED_NO_CONFLICT
Dianchi||China||2007-10-23||24.865||102.717,GID_3146,1,1,1,1,1,1,1,0,VERIFIED_NO_CONFLICT
Dianchi||China||2008-07-15||24.71||102.623,GID_3149,1,1,1,1,1,1,1,0,VERIFIED_NO_CONFLICT
Dianchi||China||2008-07-15||24.735||102.644,GID_3153,1,1,1,1,1,1,1,0,VERIFIED_NO_CONFLICT
Dianchi||China||2008-07-15||24.757||102.676,GID_3150,1,1,1,1,1,1,1,0,VERIFIED_NO_CONFLICT
Dianchi||China||2008-07-15||24.786||102.692,GID_3154,1,1,1,1,1,1,1,0,VERIFIED_NO_CONFLICT
Dianchi||China||2008-07-15||24.817||102.713,GID_3151,1,1,1,1,1,1,1,0,VERIFIED_NO_CONFLICT
Dianchi||China||2008-07-15||24.852||102.703,GID_3155,1,1,1,1,1,1,1,0,VERIFIED_NO_CONFLICT
Dianchi||China||2008-07-15||24.867||102.741,GID_3152,1,1,1,1,1,1,1,0,VERIFIED_NO_CONFLICT
Dianchi||China||2008-07-15||24.898||102.725,GID_3156,1,1,1,1,1,1,1,0,VERIFIED_NO_CONFLICT
Dianchi||China||2009-03-12||24.71||102.623,GID_3157,1,1,1,1,1,1,1,0,VERIFIED_NO_CONFLICT
Dianchi||China||2009-03-12||24.721||102.647,GID_3158,1,1,1,1,1,1,1,0,VERIFIED_NO_CONFLICT
Dianchi||China||2009-03-12||24.922||102.698,GID_3160,1,1,1,1,1,1,1,0,VERIFIED_NO_CONFLICT
Dianchi||China||2009-03-12||24.962||102.652,GID_3159,1,1,1,1,1,1,1,0,VERIFIED_NO_CONFLICT
Dianchi||China||2009-07-27||24.745||102.658,GID_3161,1,1,1,1,1,1,1,0,VERIFIED_NO_CONFLICT
Dianchi||China||2009-07-27||24.762||102.663,GID_3162,1,1,1,1,1,1,1,0,VERIFIED_NO_CONFLICT
Dianchi||China||2009-07-29||24.787||102.646,GID_3163,1,1,1,1,1,1,1,0,VERIFIED_NO_CONFLICT
Dianchi||China||2009-07-29||24.911||102.744,GID_3164,1,1,1,1,1,1,1,0,VERIFIED_NO_CONFLICT
Dianchi||China||2009-07-29||24.917||102.712,GID_3165,1,1,1,1,1,1,1,0,VERIFIED_NO_CONFLICT
Dianchi||China||2009-07-30||24.873||102.683,GID_3171,1,1,1,1,1,1,1,0,VERIFIED_NO_CONFLICT
Dianchi||China||2009-07-30||24.874||102.677,GID_3170,1,1,1,1,1,1,1,0,VERIFIED_NO_CONFLICT
Dianchi||China||2009-07-30||24.88||102.678,GID_3169,1,1,1,1,1,1,1,0,VERIFIED_NO_CONFLICT
Dianchi||China||2009-07-30||24.88||102.684,GID_3172,1,1,1,1,1,1,1,0,VERIFIED_NO_CONFLICT
Dianchi||China||2009-07-30||24.894||102.677,GID_3168,1,1,1,1,1,1,1,0,VERIFIED_NO_CONFLICT
Dianchi||China||2009-07-30||24.894||102.688,GID_3173,1,1,1,1,1,1,1,0,VERIFIED_NO_CONFLICT
Dianchi||China||2009-07-30||24.902||102.69,GID_3174,1,1,1,1,1,1,1,0,VERIFIED_NO_CONFLICT
Dianchi||China||2009-07-30||24.913||102.678,GID_3167,1,1,1,1,1,1,1,0,VERIFIED_NO_CONFLICT
Dianchi||China||2009-07-30||24.915||102.689,GID_3175,1,1,1,1,1,1,1,0,VERIFIED_NO_CONFLICT
Dianchi||China||2009-07-30||24.917||102.678,GID_3166,1,1,1,1,1,1,1,0,VERIFIED_NO_CONFLICT
Dianchi||China||2009-07-30||24.925||102.686,GID_3176,1,1,1,1,1,1,1,0,VERIFIED_NO_CONFLICT
Dianchi||China||2009-07-31||24.704||102.653,GID_3182,1,1,1,1,1,1,1,0,VERIFIED_NO_CONFLICT
Dianchi||China||2009-07-31||24.709||102.623,GID_3181,1,1,1,1,1,1,1,0,VERIFIED_NO_CONFLICT
Dianchi||China||2009-07-31||24.744||102.638,GID_3180,1,1,1,1,1,1,1,0,VERIFIED_NO_CONFLICT
Dianchi||China||2009-07-31||24.769||102.649,GID_3179,1,1,1,1,1,1,1,0,VERIFIED_NO_CONFLICT
Dianchi||China||2009-07-31||24.818||102.69,GID_3178,1,1,1,1,1,1,1,0,VERIFIED_NO_CONFLICT
Dianchi||China||2009-07-31||24.83||102.715,GID_3183,1,1,1,1,1,1,1,0,VERIFIED_NO_CONFLICT
Dianchi||China||2009-07-31||24.856||102.695,GID_3177,1,1,1,1,1,1,1,0,VERIFIED_NO_CONFLICT
Dianchi||China||2009-07-31||24.875||102.725,GID_3184,1,1,1,1,1,1,1,0,VERIFIED_NO_CONFLICT
Dianchi||China||2009-08-01||24.68||102.654,GID_3190,1,1,1,1,1,1,1,0,VERIFIED_NO_CONFLICT
Dianchi||China||2009-08-01||24.72||102.67,GID_3191,1,1,1,1,1,1,1,0,VERIFIED_NO_CONFLICT
Dianchi||China||2009-08-01||24.773||102.676,GID_3192,1,1,1,1,1,1,1,0,VERIFIED_NO_CONFLICT
Dianchi||China||2009-08-01||24.797||102.688,GID_3193,1,1,1,1,1,1,1,0,VERIFIED_NO_CONFLICT
Dianchi||China||2009-08-01||24.815||102.731,GID_3194,1,1,1,1,1,1,1,0,VERIFIED_NO_CONFLICT
Dianchi||China||2009-08-01||24.817||102.716,GID_3195,1,1,1,1,1,1,1,0,VERIFIED_NO_CONFLICT
Dianchi||China||2009-08-01||24.832||102.714,GID_3189,1,1,1,1,1,1,1,0,VERIFIED_NO_CONFLICT
Dianchi||China||2009-08-01||24.837||102.699,GID_3196,1,1,1,1,1,1,1,0,VERIFIED_NO_CONFLICT
Dianchi||China||2009-08-01||24.837||102.738,GID_3197,1,1,1,1,1,1,1,0,VERIFIED_NO_CONFLICT
Dianchi||China||2009-08-01||24.857||102.735,GID_3188,1,1,1,1,1,1,1,0,VERIFIED_NO_CONFLICT
Dianchi||China||2009-08-01||24.875||102.706,GID_3185,1,1,1,1,1,1,1,0,VERIFIED_NO_CONFLICT
Dianchi||China||2009-08-01||24.876||102.725,GID_3186,1,1,1,1,1,1,1,0,VERIFIED_NO_CONFLICT
Dianchi||China||2009-08-01||24.876||102.741,GID_3187,1,1,1,1,1,1,1,0,VERIFIED_NO_CONFLICT
Dianchi||China||2019-06-01||24.698||102.643,GID_2999,1,1,1,1,1,1,1,0,VERIFIED_NO_CONFLICT
Dianchi||China||2019-06-01||24.721||102.64,GID_2998,1,1,1,1,1,1,1,0,VERIFIED_NO_CONFLICT
Dianchi||China||2019-06-01||24.749||102.627,GID_2997,1,1,1,1,1,1,1,0,VERIFIED_NO_CONFLICT
Dianchi||China||2019-06-01||24.769||102.647,GID_2996,1,1,1,1,1,1,1,0,VERIFIED_NO_CONFLICT
Dianchi||China||2019-06-01||24.781||102.679,GID_2995,1,1,1,1,1,1,1,0,VERIFIED_NO_CONFLICT
Dianchi||China||2019-06-01||24.798||102.716,GID_2994,1,1,1,1,1,1,1,0,VERIFIED_NO_CONFLICT
Dianchi||China||2019-06-01||24.836||102.701,GID_2993,1,1,1,1,1,1,1,0,VERIFIED_NO_CONFLICT
Dianchi||China||2019-06-01||24.857||102.726,GID_2992,1,1,1,1,1,1,1,0,VERIFIED_NO_CONFLICT
Dianchi||China||2019-06-01||24.885||102.696,GID_2991,1,1,1,1,1,1,1,0,VERIFIED_NO_CONFLICT
Dianchi||China||2019-06-01||24.907||102.679,GID_2990,1,1,1,1,1,1,1,0,VERIFIED_NO_CONFLICT
Dianchi||China||2019-06-01||24.923||102.664,GID_2989,1,1,1,1,1,1,1,0,VERIFIED_NO_CONFLICT
Dianchi||China||2019-06-01||24.94||102.655,GID_2988,1,1,1,1,1,1,1,0,VERIFIED_NO_CONFLICT
"Doboy Sound, GA||United States of America (the)||2013-06-03||31.438||-81.339",GID_4781,1,1,1,1,1,1,1,0,VERIFIED_NO_CONFLICT
"Doboy Sound, GA||United States of America (the)||2013-06-03||31.448||-81.353",GID_4785,1,1,1,1,1,1,1,0,VERIFIED_NO_CONFLICT
"Doboy Sound, GA||United States of America (the)||2014-06-17||31.422||-81.32",GID_4773,1,1,1,1,1,1,1,0,VERIFIED_NO_CONFLICT
"Doboy Sound, GA||United States of America (the)||2014-06-17||31.432||-81.287",GID_4738,1,1,1,1,1,1,1,0,VERIFIED_NO_CONFLICT
"Doboy Sound, GA||United States of America (the)||2014-12-07||31.404||-81.304",GID_4760,1,1,1,1,1,1,1,0,VERIFIED_NO_CONFLICT
"Doctor's Lake, FL||United States of America (the)||2013-06-30||30.102||-81.748",GID_4874,1,1,1,1,1,1,1,0,VERIFIED_NO_CONFLICT
"Doctor's Lake, FL||United States of America (the)||2013-06-30||30.114||-81.758",GID_4875,1,1,1,1,1,1,1,0,VERIFIED_NO_CONFLICT
"Doctor's Lake, FL||United States of America (the)||2013-06-30||30.139||-81.729",GID_4871,1,1,1,1,1,1,1,0,VERIFIED_NO_CONFLICT
"Dona Bay, FL||United States of America (the)||2011-07-08||27.116||-82.454",GID_4891,1,1,1,1,1,1,1,0,VERIFIED_NO_CONFLICT
"Duplin River, GA||United States of America (the)||2003-01-08||31.417||-81.298",GID_4755,1,1,1,1,1,1,1,0,VERIFIED_NO_CONFLICT
"Duplin River, GA||United States of America (the)||2003-01-08||31.441||-81.291",GID_4746,1,1,1,1,1,1,1,0,VERIFIED_NO_CONFLICT
"Duplin River, GA||United States of America (the)||2003-01-08||31.46||-81.28",GID_4731,1,1,1,1,1,1,1,0,VERIFIED_NO_CONFLICT
"Duplin River, GA||United States of America (the)||2003-01-08||31.479||-81.273",GID_4725,1,1,1,1,1,1,1,0,VERIFIED_NO_CONFLICT
"Duplin River, GA||United States of America (the)||2003-08-10||31.41||-81.31",GID_4767,1,1,1,1,1,1,1,0,VERIFIED_NO_CONFLICT
"Duplin River, GA||United States of America (the)||2003-08-10||31.422||-81.296",GID_4750,1,1,1,1,1,1,1,0,VERIFIED_NO_CONFLICT
"Duplin River, GA||United States of America (the)||2003-08-10||31.461||-81.278",GID_4729,1,1,1,1,1,1,1,0,VERIFIED_NO_CONFLICT
"Duplin River, GA||United States of America (the)||2003-08-10||31.48||-81.273",GID_4724,1,1,1,1,1,1,1,0,VERIFIED_NO_CONFLICT
"Duplin River, GA||United States of America (the)||2004-06-19||31.419||-81.296",GID_4751,1,1,1,1,1,1,1,0,VERIFIED_NO_CONFLICT
"Duplin River, GA||United States of America (the)||2004-06-19||31.41||-81.31",GID_4765,1,1,1,1,1,1,1,0,VERIFIED_NO_CONFLICT
"Duplin River, GA||United States of America (the)||2004-06-19||31.461||-81.278",GID_4730,1,1,1,1,1,1,1,0,VERIFIED_NO_CONFLICT
"Duplin River, GA||United States of America (the)||2004-06-19||31.479||-81.273",GID_4723,1,1,1,1,1,1,1,0,VERIFIED_NO_CONFLICT
"Duplin River, GA||United States of America (the)||2011-07-11||31.364||-81.243",GID_4709,1,1,1,1,1,1,1,0,VERIFIED_NO_CONFLICT
"Duplin River, GA||United States of America (the)||2011-07-11||31.396||-81.299",GID_4757,1,1,1,1,1,1,1,0,VERIFIED_NO_CONFLICT
"Duplin River, GA||United States of America (the)||2011-07-11||31.441||-81.292",GID_4748,1,1,1,1,1,1,1,0,VERIFIED_NO_CONFLICT
"Duplin River, GA||United States of America (the)||2011-07-11||31.472||-81.274",GID_4727,1,1,1,1,1,1,1,0,VERIFIED_NO_CONFLICT
"Duplin River, GA||United States of America (the)||2011-07-11||31.49||-81.265",GID_4718,1,1,1,1,1,1,1,0,VERIFIED_NO_CONFLICT
Eagle Creek Reservoir||United States of America (the)||2010-05-05||39.825||-86.303,GID_2557,1,1,1,1,1,1,1,0,VERIFIED_NO_CONFLICT
Eagle Creek Reservoir||United States of America (the)||2010-05-05||39.832||-86.314,GID_2555,1,1,1,1,1,1,1,0,VERIFIED_NO_CONFLICT
Eagle Creek Reservoir||United States of America (the)||2010-05-05||39.836||-86.307,GID_2559,1,1,1,1,1,1,1,0,VERIFIED_NO_CONFLICT
Eagle Creek Reservoir||United States of America (the)||2010-05-05||39.838||-86.304,GID_2560,1,1,1,1,1,1,1,0,VERIFIED_NO_CONFLICT
Eagle Creek Reservoir||United States of America (the)||2010-05-05||39.83||-86.303,GID_2558,1,1,1,1,1,1,1,0,VERIFIED_NO_CONFLICT
Eagle Creek Reservoir||United States of America (the)||2010-05-05||39.83||-86.308,GID_2556,1,1,1,1,1,1,1,0,VERIFIED_NO_CONFLICT
Eagle Creek Reservoir||United States of America (the)||2010-05-05||39.841||-86.302,GID_2561,1,1,1,1,1,1,1,0,VERIFIED_NO_CONFLICT
Eagle Creek Reservoir||United States of America (the)||2010-05-05||39.842||-86.308,GID_2563,1,1,1,1,1,1,1,0,VERIFIED_NO_CONFLICT
Eagle Creek Reservoir||United States of America (the)||2010-05-05||39.844||-86.303,GID_2562,1,1,1,1,1,1,1,0,VERIFIED_NO_CONFLICT
Eagle Creek Reservoir||United States of America (the)||2010-05-05||39.846||-86.308,GID_2564,1,1,1,1,1,1,1,0,VERIFIED_NO_CONFLICT
Eagle Creek Reservoir||United States of America (the)||2010-05-05||39.848||-86.303,GID_2565,1,1,1,1,1,1,1,0,VERIFIED_NO_CONFLICT
Eagle Creek Reservoir||United States of America (the)||2010-05-05||39.851||-86.303,GID_2566,1,1,1,1,1,1,1,0,VERIFIED_NO_CONFLICT
Eagle Creek Reservoir||United States of America (the)||2010-05-05||39.851||-86.308,GID_2567,1,1,1,1,1,1,1,0,VERIFIED_NO_CONFLICT
Eagle Creek Reservoir||United States of America (the)||2010-05-05||39.854||-86.307,GID_2568,1,1,1,1,1,1,1,0,VERIFIED_NO_CONFLICT
Eagle Creek Reservoir||United States of America (the)||2010-05-05||39.856||-86.303,GID_2569,1,1,1,1,1,1,1,0,VERIFIED_NO_CONFLICT
Eagle Creek Reservoir||United States of America (the)||2010-05-05||39.859||-86.307,GID_2570,1,1,1,1,1,1,1,0,VERIFIED_NO_CONFLICT
Eagle Creek Reservoir||United States of America (the)||2010-05-05||39.861||-86.303,GID_2571,1,1,1,1,1,1,1,0,VERIFIED_NO_CONFLICT
Eagle Creek Reservoir||United States of America (the)||2010-05-05||39.862||-86.308,GID_2572,1,1,1,1,1,1,1,0,VERIFIED_NO_CONFLICT
Eagle Creek Reservoir||United States of America (the)||2010-05-05||39.865||-86.307,GID_2573,1,1,1,1,1,1,1,0,VERIFIED_NO_CONFLICT
Eagle Creek Reservoir||United States of America (the)||2010-05-05||39.868||-86.304,GID_2574,1,1,1,1,1,1,1,0,VERIFIED_NO_CONFLICT
Eagle Creek Reservoir||United States of America (the)||2010-05-24||39.826||-86.304,GID_2593;GID_2594,1,1,1,1,1,1,1,0,VERIFIED_NO_CONFLICT
Eagle Creek Reservoir||United States of America (the)||2010-05-24||39.828||-86.31,GID_2592,1,1,1,1,1,1,1,0,VERIFIED_NO_CONFLICT
Eagle Creek Reservoir||United States of America (the)||2010-05-24||39.832||-86.313,GID_2591,1,1,1,1,1,1,1,0,VERIFIED_NO_CONFLICT
Eagle Creek Reservoir||United States of America (the)||2010-05-24||39.833||-86.307,GID_2590,1,1,1,1,1,1,1,0,VERIFIED_NO_CONFLICT
Eagle Creek Reservoir||United States of America (the)||2010-05-24||39.834||-86.302,GID_2589,1,1,1,1,1,1,1,0,VERIFIED_NO_CONFLICT
Eagle Creek Reservoir||United States of America (the)||2010-05-24||39.841||-86.303,GID_2588,1,1,1,1,1,1,1,0,VERIFIED_NO_CONFLICT
Eagle Creek Reservoir||United States of America (the)||2010-05-24||39.842||-86.308,GID_2587,1,1,1,1,1,1,1,0,VERIFIED_NO_CONFLICT
Eagle Creek Reservoir||United States of America (the)||2010-05-24||39.845||-86.308,GID_2586,1,1,1,1,1,1,1,0,VERIFIED_NO_CONFLICT
Eagle Creek Reservoir||United States of America (the)||2010-05-24||39.847||-86.304,GID_2585,1,1,1,1,1,1,1,0,VERIFIED_NO_CONFLICT
Eagle Creek Reservoir||United States of America (the)||2010-05-24||39.848||-86.307,GID_2583,1,1,1,1,1,1,1,0,VERIFIED_NO_CONFLICT
Eagle Creek Reservoir||United States of America (the)||2010-05-24||39.851||-86.304,GID_2584,1,1,1,1,1,1,1,0,VERIFIED_NO_CONFLICT
Eagle Creek Reservoir||United States of America (the)||2010-05-24||39.855||-86.307,GID_2581,1,1,1,1,1,1,1,0,VERIFIED_NO_CONFLICT
Eagle Creek Reservoir||United States of America (the)||2010-05-24||39.856||-86.302,GID_2580,1,1,1,1,1,1,1,0,VERIFIED_NO_CONFLICT
Eagle Creek Reservoir||United States of America (the)||2010-05-24||39.85||-86.309,GID_2582,1,1,1,1,1,1,1,0,VERIFIED_NO_CONFLICT
Eagle Creek Reservoir||United States of America (the)||2010-05-24||39.861||-86.302,GID_2579,1,1,1,1,1,1,1,0,VERIFIED_NO_CONFLICT
Eagle Creek Reservoir||United States of America (the)||2010-05-24||39.867||-86.307,GID_2577,1,1,1,1,1,1,1,0,VERIFIED_NO_CONFLICT
Eagle Creek Reservoir||United States of America (the)||2010-05-24||39.86||-86.308,GID_2578,1,1,1,1,1,1,1,0,VERIFIED_NO_CONFLICT
Eagle Creek Reservoir||United States of America (the)||2010-05-24||39.871||-86.308,GID_2575,1,1,1,1,1,1,1,0,VERIFIED_NO_CONFLICT
Eagle Creek Reservoir||United States of America (the)||2010-08-24||39.826||-86.304,GID_2595,1,1,1,1,1,1,1,0,VERIFIED_NO_CONFLICT
Eagle Creek Reservoir||United States of America (the)||2010-08-24||39.828||-86.304,GID_2596,1,1,1,1,1,1,1,0,VERIFIED_NO_CONFLICT
Eagle Creek Reservoir||United States of America (the)||2010-08-24||39.832||-86.315,GID_2598,1,1,1,1,1,1,1,0,VERIFIED_NO_CONFLICT
Eagle Creek Reservoir||United States of America (the)||2010-08-24||39.833||-86.301,GID_2600,1,1,1,1,1,1,1,0,VERIFIED_NO_CONFLICT
Eagle Creek Reservoir||United States of America (the)||2010-08-24||39.833||-86.308,GID_2599,1,1,1,1,1,1,1,0,VERIFIED_NO_CONFLICT
Eagle Creek Reservoir||United States of America (the)||2010-08-24||39.836||-86.307,GID_2601,1,1,1,1,1,1,1,0,VERIFIED_NO_CONFLICT
Eagle Creek Reservoir||United States of America (the)||2010-08-24||39.839||-86.302,GID_2602,1,1,1,1,1,1,1,0,VERIFIED_NO_CONFLICT
Eagle Creek Reservoir||United States of America (the)||2010-08-24||39.83||-86.309,GID_2597,1,1,1,1,1,1,1,0,VERIFIED_NO_CONFLICT
Eagle Creek Reservoir||United States of America (the)||2010-08-24||39.841||-86.307,GID_2603,1,1,1,1,1,1,1,0,VERIFIED_NO_CONFLICT
Eagle Creek Reservoir||United States of America (the)||2010-08-24||39.842||-86.303,GID_2604,1,1,1,1,1,1,1,0,VERIFIED_NO_CONFLICT
Eagle Creek Reservoir||United States of America (the)||2010-08-24||39.845||-86.308,GID_2606,1,1,1,1,1,1,1,0,VERIFIED_NO_CONFLICT
Eagle Creek Reservoir||United States of America (the)||2010-08-24||39.846||-86.302,GID_2605,1,1,1,1,1,1,1,0,VERIFIED_NO_CONFLICT
Eagle Creek Reservoir||United States of America (the)||2010-08-24||39.848||-86.307,GID_2607,1,1,1,1,1,1,1,0,VERIFIED_NO_CONFLICT
Eagle Creek Reservoir||United States of America (the)||2010-08-24||39.853||-86.307,GID_2609,1,1,1,1,1,1,1,0,VERIFIED_NO_CONFLICT
Eagle Creek Reservoir||United States of America (the)||2010-08-24||39.855||-86.302,GID_2610,1,1,1,1,1,1,1,0,VERIFIED_NO_CONFLICT
Eagle Creek Reservoir||United States of America (the)||2010-08-24||39.857||-86.306,GID_2611,1,1,1,1,1,1,1,0,VERIFIED_NO_CONFLICT
Eagle Creek Reservoir||United States of America (the)||2010-08-24||39.85||-86.303,GID_2608,1,1,1,1,1,1,1,0,VERIFIED_NO_CONFLICT
Eagle Creek Reservoir||United States of America (the)||2010-08-24||39.863||-86.307,GID_2613,1,1,1,1,1,1,1,0,VERIFIED_NO_CONFLICT
Eagle Creek Reservoir||United States of America (the)||2010-08-24||39.867||-86.307,GID_2614,1,1,1,1,1,1,1,0,VERIFIED_NO_CONFLICT
Eagle Creek Reservoir||United States of America (the)||2010-08-24||39.86||-86.302,GID_2612,1,1,1,1,1,1,1,0,VERIFIED_NO_CONFLICT
Eagle Creek Reservoir||United States of America (the)||2010-10-21||39.826||-86.304,GID_2615,1,1,1,1,1,1,1,0,VERIFIED_NO_CONFLICT
Eagle Creek Reservoir||United States of America (the)||2010-10-21||39.828||-86.303,GID_2616,1,1,1,1,1,1,1,0,VERIFIED_NO_CONFLICT
Eagle Creek Reservoir||United States of America (the)||2010-10-21||39.831||-86.303,GID_2619,1,1,1,1,1,1,1,0,VERIFIED_NO_CONFLICT
Eagle Creek Reservoir||United States of America (the)||2010-10-21||39.832||-86.314,GID_2618,1,1,1,1,1,1,1,0,VERIFIED_NO_CONFLICT
Eagle Creek Reservoir||United States of America (the)||2010-10-21||39.835||-86.301,GID_2620,1,1,1,1,1,1,1,0,VERIFIED_NO_CONFLICT
Eagle Creek Reservoir||United States of America (the)||2010-10-21||39.836||-86.305,GID_2621,1,1,1,1,1,1,1,0,VERIFIED_NO_CONFLICT
Eagle Creek Reservoir||United States of America (the)||2010-10-21||39.83||-86.308,GID_2617,1,1,1,1,1,1,1,0,VERIFIED_NO_CONFLICT
Eagle Creek Reservoir||United States of America (the)||2010-10-21||39.842||-86.303,GID_2623,1,1,1,1,1,1,1,0,VERIFIED_NO_CONFLICT
Eagle Creek Reservoir||United States of America (the)||2010-10-21||39.845||-86.302,GID_2624,1,1,1,1,1,1,1,0,VERIFIED_NO_CONFLICT
Eagle Creek Reservoir||United States of America (the)||2010-10-21||39.846||-86.307,GID_2625,1,1,1,1,1,1,1,0,VERIFIED_NO_CONFLICT
Eagle Creek Reservoir||United States of America (the)||2010-10-21||39.848||-86.307,GID_2626,1,1,1,1,1,1,1,0,VERIFIED_NO_CONFLICT
Eagle Creek Reservoir||United States of America (the)||2010-10-21||39.84||-86.307,GID_2622,1,1,1,1,1,1,1,0,VERIFIED_NO_CONFLICT
Eagle Creek Reservoir||United States of America (the)||2010-10-21||39.851||-86.304,GID_2627,1,1,1,1,1,1,1,0,VERIFIED_NO_CONFLICT
Eagle Creek Reservoir||United States of America (the)||2010-10-21||39.854||-86.307,GID_2628,1,1,1,1,1,1,1,0,VERIFIED_NO_CONFLICT
Eagle Creek Reservoir||United States of America (the)||2010-10-21||39.857||-86.301,GID_2629,1,1,1,1,1,1,1,0,VERIFIED_NO_CONFLICT
Eagle Creek Reservoir||United States of America (the)||2010-10-21||39.861||-86.302,GID_2630,1,1,1,1,1,1,1,0,VERIFIED_NO_CONFLICT
Eagle Creek Reservoir||United States of America (the)||2010-10-21||39.863||-86.308,GID_2631,1,1,1,1,1,1,1,0,VERIFIED_NO_CONFLICT
Eagle Creek Reservoir||United States of America (the)||2010-10-21||39.867||-86.303,GID_2633,1,1,1,1,1,1,1,0,VERIFIED_NO_CONFLICT
Eagle Creek Reservoir||United States of America (the)||2010-10-21||39.867||-86.306,GID_2632,1,1,1,1,1,1,1,0,VERIFIED_NO_CONFLICT
Eagle Creek Reservoir||United States of America (the)||2010-10-21||39.871||-86.307,GID_2634,1,1,1,1,1,1,1,0,VERIFIED_NO_CONFLICT
"East Bay, FL||United States of America (the)||2002-10-16||29.783||-84.876",GID_4907,1,1,1,1,1,1,1,0,VERIFIED_NO_CONFLICT
"East Bay, FL||United States of America (the)||2002-10-17||29.77||-84.884",GID_4913,1,1,1,1,1,1,1,0,VERIFIED_NO_CONFLICT
"East Bay, FL||United States of America (the)||2002-10-17||29.781||-84.909",GID_4918,1,1,1,1,1,1,1,0,VERIFIED_NO_CONFLICT
"East Bay, FL||United States of America (the)||2006-04-03||29.774||-84.888",GID_4914,1,1,1,1,1,1,1,0,VERIFIED_NO_CONFLICT
"East Bay, FL||United States of America (the)||2006-04-04||29.739||-84.944",GID_4932,1,1,1,1,1,1,1,0,VERIFIED_NO_CONFLICT
"East Bay, FL||United States of America (the)||2006-04-04||29.743||-84.936",GID_4929,1,1,1,1,1,1,1,0,VERIFIED_NO_CONFLICT
"East Bay, FL||United States of America (the)||2006-04-04||29.763||-84.917",GID_4920,1,1,1,1,1,1,1,0,VERIFIED_NO_CONFLICT
"Edisto River, SC||United States of America (the)||2003-06-12||32.484||-80.352",GID_4527;GID_4528,1,1,1,1,1,1,1,0,VERIFIED_NO_CONFLICT
"Edisto River, SC||United States of America (the)||2003-06-12||32.522||-80.369",GID_4532,1,1,1,1,1,1,1,0,VERIFIED_NO_CONFLICT
"Edisto River, SC||United States of America (the)||2003-06-12||32.541||-80.409",GID_4542,1,1,1,1,1,1,1,0,VERIFIED_NO_CONFLICT
"Edisto River, SC||United States of America (the)||2003-06-12||32.557||-80.34",GID_4518,1,1,1,1,1,1,1,0,VERIFIED_NO_CONFLICT
"Edisto River, SC||United States of America (the)||2003-06-12||32.569||-80.39",GID_4537,1,1,1,1,1,1,1,0,VERIFIED_NO_CONFLICT
"Edisto River, SC||United States of America (the)||2003-06-12||32.592||-80.396",GID_4539,1,1,1,1,1,1,1,0,VERIFIED_NO_CONFLICT
"Edisto River, SC||United States of America (the)||2003-06-12||32.597||-80.394",GID_4538,1,1,1,1,1,1,1,0,VERIFIED_NO_CONFLICT
"Edisto River, SC||United States of America (the)||2003-06-12||32.609||-80.411",GID_4543,1,1,1,1,1,1,1,0,VERIFIED_NO_CONFLICT
"Edisto River, SC||United States of America (the)||2003-06-12||32.647||-80.397",GID_4540,1,1,1,1,1,1,1,0,VERIFIED_NO_CONFLICT
"Edisto River, SC||United States of America (the)||2003-06-12||32.667||-80.418",GID_4544,1,1,1,1,1,1,1,0,VERIFIED_NO_CONFLICT
"Edisto River, SC||United States of America (the)||2003-06-12||32.69||-80.42",GID_4545,1,1,1,1,1,1,1,0,VERIFIED_NO_CONFLICT
"Elizabeth River, VA||United States of America (the)||2011-08-12||36.883||-76.333",GID_4446,1,1,1,1,1,1,1,0,VERIFIED_NO_CONFLICT
Elysian||United States of America (the)||2018-08-30||44.196||-93.659,GID_3843,1,1,1,1,1,1,1,0,VERIFIED_NO_CONFLICT
English Channel||Belgium||2009-06-18||51.241||2.634,GID_1669,1,1,1,1,1,1,1,0,VERIFIED_NO_CONFLICT
English Channel||Belgium||2009-06-18||51.253||2.17,GID_1668,1,1,1,1,1,1,1,0,VERIFIED_NO_CONFLICT
English Channel||Belgium||2009-06-18||51.416||2.806,GID_1670,1,1,1,1,1,1,1,0,VERIFIED_NO_CONFLICT
English Channel||Belgium||2009-06-18||51.46||2.363,GID_1667,1,1,1,1,1,1,1,0,VERIFIED_NO_CONFLICT
English Channel||Belgium||2009-09-15||51.42||3.253,GID_1671,1,1,1,1,1,1,1,0,VERIFIED_NO_CONFLICT
English Channel||Belgium||2009-09-18||51.375||3.193,GID_1684,1,1,1,1,1,1,1,0,VERIFIED_NO_CONFLICT
English Channel||Belgium||2009-09-18||51.398||3.302,GID_1682,1,1,1,1,1,1,1,0,VERIFIED_NO_CONFLICT
English Channel||Belgium||2010-01-26||51.427||3.052,GID_1714;GID_1715;GID_1716;GID_1717;GID_1718;GID_1719,1,1,1,1,1,1,1,0,VERIFIED_NO_CONFLICT
English Channel||Belgium||2010-04-20||51.257||2.432,GID_1727,1,1,1,1,1,1,1,0,VERIFIED_NO_CONFLICT
English Channel||Belgium||2010-04-20||51.458||2.355,GID_1726,1,1,1,1,1,1,1,0,VERIFIED_NO_CONFLICT
English Channel||Belgium||2010-04-22||51.224||2.858,GID_1730,1,1,1,1,1,1,1,0,VERIFIED_NO_CONFLICT
English Channel||Belgium||2010-04-22||51.414||2.809,GID_1731,1,1,1,1,1,1,1,0,VERIFIED_NO_CONFLICT
English Channel||Belgium||2010-04-22||51.449||2.81,GID_1732,1,1,1,1,1,1,1,0,VERIFIED_NO_CONFLICT
English Channel||Belgium||2010-06-07||51.393||2.505,GID_1736,1,1,1,1,1,1,1,0,VERIFIED_NO_CONFLICT
English Channel||Belgium||2010-07-07||51.388||3.308,GID_1747,1,1,1,1,1,1,1,0,VERIFIED_NO_CONFLICT
English Channel||Belgium||2010-07-07||51.417||3.247,GID_1749,1,1,1,1,1,1,1,0,VERIFIED_NO_CONFLICT
English Channel||France||2004-06-25||49.973||1.098,GID_1617,1,1,1,1,1,1,1,0,VERIFIED_NO_CONFLICT
English Channel||France||2004-06-25||50.042||1.023,GID_1618,1,1,1,1,1,1,1,0,VERIFIED_NO_CONFLICT
English Channel||France||2004-06-25||50.178||0.856,GID_1619,1,1,1,1,1,1,1,0,VERIFIED_NO_CONFLICT
English Channel||France||2004-06-25||50.29||1.365,GID_1621,1,1,1,1,1,1,1,0,VERIFIED_NO_CONFLICT
English Channel||France||2004-06-25||50.321||1.198,GID_1620,1,1,1,1,1,1,1,0,VERIFIED_NO_CONFLICT
English Channel||France||2004-06-26||50.535||1.284,GID_1624,1,1,1,1,1,1,1,0,VERIFIED_NO_CONFLICT
English Channel||France||2004-06-26||50.537||1.199,GID_1625,1,1,1,1,1,1,1,0,VERIFIED_NO_CONFLICT
English Channel||France||2004-06-26||50.538||1.375,GID_1623,1,1,1,1,1,1,1,0,VERIFIED_NO_CONFLICT
English Channel||France||2004-06-26||50.538||1.52,GID_1622,1,1,1,1,1,1,1,0,VERIFIED_NO_CONFLICT
English Channel||France||2004-06-26||50.653||1.382,GID_1626,1,1,1,1,1,1,1,0,VERIFIED_NO_CONFLICT
English Channel||France||2004-06-26||50.66||1.52,GID_1627,1,1,1,1,1,1,1,0,VERIFIED_NO_CONFLICT
English Channel||France||2004-06-27||50.861||1.551,GID_1630,1,1,1,1,1,1,1,0,VERIFIED_NO_CONFLICT
English Channel||France||2004-06-27||50.866||1.364,GID_1628,1,1,1,1,1,1,1,0,VERIFIED_NO_CONFLICT
English Channel||France||2004-06-27||50.87||1.526,GID_1629,1,1,1,1,1,1,1,0,VERIFIED_NO_CONFLICT
English Channel||France||2004-06-27||51.068||2.166,GID_1632,1,1,1,1,1,1,1,0,VERIFIED_NO_CONFLICT
English Channel||France||2004-06-27||51.09||2.143,GID_1631,1,1,1,1,1,1,1,0,VERIFIED_NO_CONFLICT
English Channel||France||2004-06-28||50.386||1.205,GID_1636,1,1,1,1,1,1,1,0,VERIFIED_NO_CONFLICT
English Channel||France||2004-06-28||50.391||1.438,GID_1639,1,1,1,1,1,1,1,0,VERIFIED_NO_CONFLICT
English Channel||France||2004-06-28||50.392||1.282,GID_1637,1,1,1,1,1,1,1,0,VERIFIED_NO_CONFLICT
English Channel||France||2004-06-28||50.393||1.371,GID_1638,1,1,1,1,1,1,1,0,VERIFIED_NO_CONFLICT
English Channel||France||2004-06-28||50.755||1.373,GID_1635,1,1,1,1,1,1,1,0,VERIFIED_NO_CONFLICT
English Channel||France||2004-06-28||50.758||1.445,GID_1634,1,1,1,1,1,1,1,0,VERIFIED_NO_CONFLICT
English Channel||France||2004-06-28||50.758||1.528,GID_1633,1,1,1,1,1,1,1,0,VERIFIED_NO_CONFLICT
English Channel||France||2004-06-29||49.815||0.215,GID_1641,1,1,1,1,1,1,1,0,VERIFIED_NO_CONFLICT
English Channel||France||2004-06-29||49.895||0.108,GID_1640,1,1,1,1,1,1,1,0,VERIFIED_NO_CONFLICT
English Channel||France||2004-06-30||50.29||1.106,GID_1642,1,1,1,1,1,1,1,0,VERIFIED_NO_CONFLICT
English Channel||France||2009-06-07||50.263||-0.146,GID_1654,1,1,1,1,1,1,1,0,VERIFIED_NO_CONFLICT
English Channel||France||2009-06-07||50.319||0.222,GID_1655,1,1,1,1,1,1,1,0,VERIFIED_NO_CONFLICT
English Channel||France||2010-06-10||48.284||-4.755,GID_1738,1,1,1,1,1,1,1,0,VERIFIED_NO_CONFLICT
English Channel||France||2017-04-21||50.794||1.564,GID_2170,1,1,1,1,1,1,1,0,VERIFIED_NO_CONFLICT
English Channel||France||2017-04-22||50.876||1.047,GID_2172,1,1,1,1,1,1,1,0,VERIFIED_NO_CONFLICT
English Channel||France||2017-04-22||50.988||1.211,GID_2171,1,1,1,1,1,1,1,0,VERIFIED_NO_CONFLICT
English Channel||France||2017-04-25||49.539||-1.089,GID_2180,1,1,1,1,1,1,1,0,VERIFIED_NO_CONFLICT
English Channel||France||2017-04-26||49.399||-0.6,GID_2182,1,1,1,1,1,1,1,0,VERIFIED_NO_CONFLICT
English Channel||France||2017-04-26||49.433||-0.867,GID_2181,1,1,1,1,1,1,1,0,VERIFIED_NO_CONFLICT
English Channel||France||2017-04-26||49.597||-0.562,GID_2183,1,1,1,1,1,1,1,0,VERIFIED_NO_CONFLICT
English Channel||France||2017-04-27||49.484||0.018,GID_2184,1,1,1,1,1,1,1,0,VERIFIED_NO_CONFLICT
English Channel||France||2017-04-27||49.616||-0.009,GID_2185,1,1,1,1,1,1,1,0,VERIFIED_NO_CONFLICT
English Channel||France||2017-04-27||49.747||-0.004,GID_2186,1,1,1,1,1,1,1,0,VERIFIED_NO_CONFLICT
English Channel||France||2017-04-28||49.973||1.018,GID_2190,1,1,1,1,1,1,1,0,VERIFIED_NO_CONFLICT
English Channel||France||2017-04-28||50.009||0.703,GID_2187,1,1,1,1,1,1,1,0,VERIFIED_NO_CONFLICT
English Channel||France||2017-04-28||50.056||0.947,GID_2189,1,1,1,1,1,1,1,0,VERIFIED_NO_CONFLICT
English Channel||France||2017-04-28||50.143||0.871,GID_2188,1,1,1,1,1,1,1,0,VERIFIED_NO_CONFLICT
English Channel||France||2017-04-29||50.273||1.334,GID_2191,1,1,1,1,1,1,1,0,VERIFIED_NO_CONFLICT
English Channel||France||2017-04-29||50.391||1.508,GID_2195,1,1,1,1,1,1,1,0,VERIFIED_NO_CONFLICT
English Channel||France||2017-04-29||50.3||1.198,GID_2192,1,1,1,1,1,1,1,0,VERIFIED_NO_CONFLICT
English Channel||France||2017-04-29||50.409||1.386,GID_2194,1,1,1,1,1,1,1,0,VERIFIED_NO_CONFLICT
English Channel||France||2017-04-29||50.426||1.259,GID_2193,1,1,1,1,1,1,1,0,VERIFIED_NO_CONFLICT
English Channel||Netherlands (the)||2009-06-16||51.371||3.732,GID_1657,1,1,1,1,1,1,1,0,VERIFIED_NO_CONFLICT
English Channel||Netherlands (the)||2009-06-16||51.416||3.572,GID_1658,1,1,1,1,1,1,1,0,VERIFIED_NO_CONFLICT
English Channel||Netherlands (the)||2009-06-16||51.418||3.252,GID_1656,1,1,1,1,1,1,1,0,VERIFIED_NO_CONFLICT
English Channel||Netherlands (the)||2009-06-16||51.521||3.308,GID_1659,1,1,1,1,1,1,1,0,VERIFIED_NO_CONFLICT
English Channel||Netherlands (the)||2009-06-16||51.585||3.01,GID_1660,1,1,1,1,1,1,1,0,VERIFIED_NO_CONFLICT
English Channel||Netherlands (the)||2009-09-15||51.369||3.731,GID_1672,1,1,1,1,1,1,1,0,VERIFIED_NO_CONFLICT
English Channel||Netherlands (the)||2009-09-15||51.418||3.568,GID_1673,1,1,1,1,1,1,1,0,VERIFIED_NO_CONFLICT
English Channel||Netherlands (the)||2009-09-15||51.537||3.265,GID_1674,1,1,1,1,1,1,1,0,VERIFIED_NO_CONFLICT
English Channel||Netherlands (the)||2009-09-15||51.582||3.002,GID_1675,1,1,1,1,1,1,1,0,VERIFIED_NO_CONFLICT
English Channel||Netherlands (the)||2009-09-16||51.434||3.475,GID_1676,1,1,1,1,1,1,1,0,VERIFIED_NO_CONFLICT
English Channel||Netherlands (the)||2010-01-27||51.417||3.392,GID_1720,1,1,1,1,1,1,1,0,VERIFIED_NO_CONFLICT
English Channel||Netherlands (the)||2010-01-27||51.419||3.582,GID_1721,1,1,1,1,1,1,1,0,VERIFIED_NO_CONFLICT
English Channel||Netherlands (the)||2010-04-20||51.584||3.007,GID_1722,1,1,1,1,1,1,1,0,VERIFIED_NO_CONFLICT
English Channel||Netherlands (the)||2010-04-20||51.685||2.419,GID_1725,1,1,1,1,1,1,1,0,VERIFIED_NO_CONFLICT
English Channel||Netherlands (the)||2010-04-20||51.721||2.668,GID_1724,1,1,1,1,1,1,1,0,VERIFIED_NO_CONFLICT
English Channel||Netherlands (the)||2010-04-20||51.744||2.746,GID_1723,1,1,1,1,1,1,1,0,VERIFIED_NO_CONFLICT
English Channel||Netherlands (the)||2010-04-23||51.451||3.239,GID_1734,1,1,1,1,1,1,1,0,VERIFIED_NO_CONFLICT
English Channel||Netherlands (the)||2010-04-23||51.517||3.315,GID_1733,1,1,1,1,1,1,1,0,VERIFIED_NO_CONFLICT
English Channel||Netherlands (the)||2010-07-07||51.417||3.541,GID_1748,1,1,1,1,1,1,1,0,VERIFIED_NO_CONFLICT
English Channel||United Kingdom of Great Britain and Northern Ireland (the)||2009-06-17||51.688||2.414,GID_1661,1,1,1,1,1,1,1,0,VERIFIED_NO_CONFLICT
English Channel||United Kingdom of Great Britain and Northern Ireland (the)||2009-06-17||51.743||2.11,GID_1662,1,1,1,1,1,1,1,0,VERIFIED_NO_CONFLICT
English Channel||United Kingdom of Great Britain and Northern Ireland (the)||2009-06-17||51.795||1.878,GID_1663,1,1,1,1,1,1,1,0,VERIFIED_NO_CONFLICT
English Channel||United Kingdom of Great Britain and Northern Ireland (the)||2009-06-17||51.846||1.646,GID_1664,1,1,1,1,1,1,1,0,VERIFIED_NO_CONFLICT
English Channel||United Kingdom of Great Britain and Northern Ireland (the)||2009-06-17||51.873||1.481,GID_1665,1,1,1,1,1,1,1,0,VERIFIED_NO_CONFLICT
English Channel||United Kingdom of Great Britain and Northern Ireland (the)||2009-06-17||51.922||1.361,GID_1666,1,1,1,1,1,1,1,0,VERIFIED_NO_CONFLICT
English Channel||United Kingdom of Great Britain and Northern Ireland (the)||2009-09-17||51.742||2.102,GID_1677,1,1,1,1,1,1,1,0,VERIFIED_NO_CONFLICT
English Channel||United Kingdom of Great Britain and Northern Ireland (the)||2009-09-17||51.798||1.881,GID_1678,1,1,1,1,1,1,1,0,VERIFIED_NO_CONFLICT
English Channel||United Kingdom of Great Britain and Northern Ireland (the)||2009-09-17||51.846||1.646,GID_1679,1,1,1,1,1,1,1,0,VERIFIED_NO_CONFLICT
English Channel||United Kingdom of Great Britain and Northern Ireland (the)||2009-09-17||51.876||1.519,GID_1680,1,1,1,1,1,1,1,0,VERIFIED_NO_CONFLICT
English Channel||United Kingdom of Great Britain and Northern Ireland (the)||2009-09-17||51.917||1.431,GID_1681,1,1,1,1,1,1,1,0,VERIFIED_NO_CONFLICT
English Channel||United Kingdom of Great Britain and Northern Ireland (the)||2010-04-21||51.719||2.111,GID_1728,1,1,1,1,1,1,1,0,VERIFIED_NO_CONFLICT
English Channel||United Kingdom of Great Britain and Northern Ireland (the)||2010-04-21||51.786||1.895,GID_1729,1,1,1,1,1,1,1,0,VERIFIED_NO_CONFLICT
English Channel||United Kingdom of Great Britain and Northern Ireland (the)||2010-06-07||51.399||2.112,GID_1737,1,1,1,1,1,1,1,0,VERIFIED_NO_CONFLICT
English Channel||United Kingdom of Great Britain and Northern Ireland (the)||2010-07-06||51.78||1.878,GID_1742,1,1,1,1,1,1,1,0,VERIFIED_NO_CONFLICT
English Channel||United Kingdom of Great Britain and Northern Ireland (the)||2010-07-06||51.848||1.653,GID_1743,1,1,1,1,1,1,1,0,VERIFIED_NO_CONFLICT
English Channel||United Kingdom of Great Britain and Northern Ireland (the)||2010-07-06||51.875||1.481,GID_1744,1,1,1,1,1,1,1,0,VERIFIED_NO_CONFLICT
English Channel||United Kingdom of Great Britain and Northern Ireland (the)||2017-04-22||50.823||0.862,GID_2173,1,1,1,1,1,1,1,0,VERIFIED_NO_CONFLICT
English Channel||United Kingdom of Great Britain and Northern Ireland (the)||2017-04-23||50.662||0.434,GID_2174,1,1,1,1,1,1,1,0,VERIFIED_NO_CONFLICT
English Channel||United Kingdom of Great Britain and Northern Ireland (the)||2017-04-23||50.699||0.161,GID_2175,1,1,1,1,1,1,1,0,VERIFIED_NO_CONFLICT
English Channel||United Kingdom of Great Britain and Northern Ireland (the)||2017-04-24||50.375||-1.102,GID_2178,1,1,1,1,1,1,1,0,VERIFIED_NO_CONFLICT
English Channel||United Kingdom of Great Britain and Northern Ireland (the)||2017-04-24||50.539||-0.667,GID_2176,1,1,1,1,1,1,1,0,VERIFIED_NO_CONFLICT
English Channel||United Kingdom of Great Britain and Northern Ireland (the)||2017-04-24||50.541||-0.986,GID_2177,1,1,1,1,1,1,1,0,VERIFIED_NO_CONFLICT
English Channel||United Kingdom of Great Britain and Northern Ireland (the)||2017-04-25||49.746||-1.073,GID_2179,1,1,1,1,1,1,1,0,VERIFIED_NO_CONFLICT
Erhai||China||2011-09-10||25.671||100.24,GID_3213,1,1,1,1,1,1,1,0,VERIFIED_NO_CONFLICT
Erhai||China||2011-09-10||25.698||100.227,GID_3212,1,1,1,1,1,1,1,0,VERIFIED_NO_CONFLICT
Erhai||China||2011-09-10||25.726||100.214,GID_3211,1,1,1,1,1,1,1,0,VERIFIED_NO_CONFLICT
Erhai||China||2011-09-10||25.782||100.198,GID_3210,1,1,1,1,1,1,1,0,VERIFIED_NO_CONFLICT
Erhai||China||2011-09-11||25.813||100.199,GID_3209,1,1,1,1,1,1,1,0,VERIFIED_NO_CONFLICT
Erhai||China||2011-09-11||25.82||100.17,GID_3208,1,1,1,1,1,1,1,0,VERIFIED_NO_CONFLICT
Erhai||China||2011-09-11||25.846||100.184,GID_3207,1,1,1,1,1,1,1,0,VERIFIED_NO_CONFLICT
Erhai||China||2011-09-11||25.869||100.18,GID_3206,1,1,1,1,1,1,1,0,VERIFIED_NO_CONFLICT
Erhai||China||2011-09-11||25.883||100.149,GID_3204,1,1,1,1,1,1,1,0,VERIFIED_NO_CONFLICT
Erhai||China||2011-09-11||25.889||100.194,GID_3205,1,1,1,1,1,1,1,0,VERIFIED_NO_CONFLICT
Erhai||China||2011-09-11||25.903||100.155,GID_3202,1,1,1,1,1,1,1,0,VERIFIED_NO_CONFLICT
Erhai||China||2011-09-11||25.924||100.134,GID_3198,1,1,1,1,1,1,1,0,VERIFIED_NO_CONFLICT
Erhai||China||2011-09-11||25.924||100.175,GID_3201,1,1,1,1,1,1,1,0,VERIFIED_NO_CONFLICT
Erhai||China||2011-09-11||25.93||100.12,GID_3199,1,1,1,1,1,1,1,0,VERIFIED_NO_CONFLICT
Erhai||China||2011-09-11||25.943||100.15,GID_3200,1,1,1,1,1,1,1,0,VERIFIED_NO_CONFLICT
Erhai||China||2011-09-11||25.9||100.17,GID_3203,1,1,1,1,1,1,1,0,VERIFIED_NO_CONFLICT
Erhai||China||2012-07-30||25.618||100.244,GID_3234,1,1,1,1,1,1,1,0,VERIFIED_NO_CONFLICT
Erhai||China||2012-07-30||25.643||100.235,GID_3233,1,1,1,1,1,1,1,0,VERIFIED_NO_CONFLICT
Erhai||China||2012-07-30||25.647||100.264,GID_3232,1,1,1,1,1,1,1,0,VERIFIED_NO_CONFLICT
Erhai||China||2012-07-30||25.671||100.24,GID_3231,1,1,1,1,1,1,1,0,VERIFIED_NO_CONFLICT
Erhai||China||2012-07-30||25.698||100.227,GID_3230,1,1,1,1,1,1,1,0,VERIFIED_NO_CONFLICT
Erhai||China||2012-07-30||25.726||100.214,GID_3229,1,1,1,1,1,1,1,0,VERIFIED_NO_CONFLICT
Erhai||China||2012-07-30||25.753||100.181,GID_3228,1,1,1,1,1,1,1,0,VERIFIED_NO_CONFLICT
Erhai||China||2012-07-30||25.782||100.198,GID_3227,1,1,1,1,1,1,1,0,VERIFIED_NO_CONFLICT
Erhai||China||2012-07-30||25.789||100.169,GID_3226,1,1,1,1,1,1,1,0,VERIFIED_NO_CONFLICT
Erhai||China||2012-07-30||25.813||100.199,GID_3225,1,1,1,1,1,1,1,0,VERIFIED_NO_CONFLICT
Erhai||China||2012-07-30||25.82||100.17,GID_3224,1,1,1,1,1,1,1,0,VERIFIED_NO_CONFLICT
Erhai||China||2012-07-30||25.846||100.184,GID_3223,1,1,1,1,1,1,1,0,VERIFIED_NO_CONFLICT
Erhai||China||2012-07-30||25.869||100.18,GID_3222,1,1,1,1,1,1,1,0,VERIFIED_NO_CONFLICT
Erhai||China||2012-07-30||25.883||100.149,GID_3220,1,1,1,1,1,1,1,0,VERIFIED_NO_CONFLICT
Erhai||China||2012-07-30||25.889||100.194,GID_3221,1,1,1,1,1,1,1,0,VERIFIED_NO_CONFLICT
Erhai||China||2012-07-30||25.903||100.155,GID_3218,1,1,1,1,1,1,1,0,VERIFIED_NO_CONFLICT
Erhai||China||2012-07-30||25.924||100.134,GID_3214,1,1,1,1,1,1,1,0,VERIFIED_NO_CONFLICT
Erhai||China||2012-07-30||25.924||100.175,GID_3217,1,1,1,1,1,1,1,0,VERIFIED_NO_CONFLICT
Erhai||China||2012-07-30||25.93||100.12,GID_3215,1,1,1,1,1,1,1,0,VERIFIED_NO_CONFLICT
Erhai||China||2012-07-30||25.943||100.15,GID_3216,1,1,1,1,1,1,1,0,VERIFIED_NO_CONFLICT
Erhai||China||2012-07-30||25.9||100.17,GID_3219,1,1,1,1,1,1,1,0,VERIFIED_NO_CONFLICT
Fence Lake||United States of America (the)||2014-06-17||45.937||-89.826,GID_1391,1,1,1,1,1,1,1,0,VERIFIED_NO_CONFLICT
Fence Lake||United States of America (the)||2014-06-17||45.952||-89.852,GID_1390,1,1,1,1,1,1,1,0,VERIFIED_NO_CONFLICT
Fence Lake||United States of America (the)||2014-06-17||45.955||-89.835,GID_1389,1,1,1,1,1,1,1,0,VERIFIED_NO_CONFLICT
"Fork Branch, DE||United States of America (the)||2004-07-23||39.183||-75.548",GID_4414,1,1,1,1,1,1,1,0,VERIFIED_NO_CONFLICT
Fox Lake||United States of America (the)||2014-07-28||43.584||-88.934,GID_1422,1,1,1,1,1,1,1,0,VERIFIED_NO_CONFLICT
Fox Lake||United States of America (the)||2014-07-28||43.589||-88.905,GID_1424,1,1,1,1,1,1,1,0,VERIFIED_NO_CONFLICT
Fox Lake||United States of America (the)||2014-07-28||43.593||-88.92,GID_1423,1,1,1,1,1,1,1,0,VERIFIED_NO_CONFLICT
Fox River||United States of America (the)||2019-07-24||44.537||-88.006,GID_1365,1,1,1,1,1,1,1,0,VERIFIED_NO_CONFLICT
Francis||United States of America (the)||2018-08-30||44.211||-93.694,GID_3842,1,1,1,1,1,1,1,0,VERIFIED_NO_CONFLICT
Fremont Lake #01||United States of America (the)||2008-07-02||41.45||-96.561,GID_1156,1,1,1,1,1,1,1,0,VERIFIED_NO_CONFLICT
Fremont Lake #01||United States of America (the)||2008-07-14||41.45||-96.561,GID_1165,1,1,1,1,1,1,1,0,VERIFIED_NO_CONFLICT
Fremont Lake #01||United States of America (the)||2008-07-30||41.45||-96.561,GID_1179,1,1,1,1,1,1,1,0,VERIFIED_NO_CONFLICT
Fremont Lake #01||United States of America (the)||2008-08-13||41.45||-96.561,GID_1195,1,1,1,1,1,1,1,0,VERIFIED_NO_CONFLICT
Fremont Lake #01||United States of America (the)||2008-08-27||41.45||-96.561,GID_1203,1,1,1,1,1,1,1,0,VERIFIED_NO_CONFLICT
Fremont Lake #01||United States of America (the)||2008-09-19||41.45||-96.561,GID_1212,1,1,1,1,1,1,1,0,VERIFIED_NO_CONFLICT
Fremont Lake #01||United States of America (the)||2008-09-26||41.45||-96.561,GID_1221,1,1,1,1,1,1,1,0,VERIFIED_NO_CONFLICT
Fremont Lake #01||United States of America (the)||2008-10-09||41.45||-96.561,GID_1230,1,1,1,1,1,1,1,0,VERIFIED_NO_CONFLICT
Fremont Lake #01||United States of America (the)||2008-10-24||41.45||-96.561,GID_1239,1,1,1,1,1,1,1,0,VERIFIED_NO_CONFLICT
Fremont Lake #01||United States of America (the)||2008-11-19||41.45||-96.561,GID_1248,1,1,1,1,1,1,1,0,VERIFIED_NO_CONFLICT
Fremont Lake #01||United States of America (the)||2009-04-20||41.45||-96.561,GID_1260,1,1,1,1,1,1,1,0,VERIFIED_NO_CONFLICT
Fremont Lake #01||United States of America (the)||2009-05-04||41.45||-96.561,GID_1269,1,1,1,1,1,1,1,0,VERIFIED_NO_CONFLICT
Fremont Lake #01||United States of America (the)||2009-05-21||41.45||-96.561,GID_1278,1,1,1,1,1,1,1,0,VERIFIED_NO_CONFLICT
Fremont Lake #01||United States of America (the)||2009-06-01||41.45||-96.561,GID_1287,1,1,1,1,1,1,1,0,VERIFIED_NO_CONFLICT
Fremont Lake #01||United States of America (the)||2009-06-15||41.45||-96.561,GID_1297,1,1,1,1,1,1,1,0,VERIFIED_NO_CONFLICT
Fremont Lake #01||United States of America (the)||2009-07-06||41.45||-96.561,GID_1306,1,1,1,1,1,1,1,0,VERIFIED_NO_CONFLICT
Fremont Lake #01||United States of America (the)||2009-07-20||41.45||-96.561,GID_1315,1,1,1,1,1,1,1,0,VERIFIED_NO_CONFLICT
Fremont Lake #02||United States of America (the)||2008-07-02||41.45||-96.564,GID_1157,1,1,1,1,1,1,1,0,VERIFIED_NO_CONFLICT
Fremont Lake #02||United States of America (the)||2008-07-14||41.45||-96.564,GID_1166,1,1,1,1,1,1,1,0,VERIFIED_NO_CONFLICT
Fremont Lake #02||United States of America (the)||2008-07-30||41.45||-96.564,GID_1180,1,1,1,1,1,1,1,0,VERIFIED_NO_CONFLICT
Fremont Lake #02||United States of America (the)||2008-08-13||41.45||-96.564,GID_1196,1,1,1,1,1,1,1,0,VERIFIED_NO_CONFLICT
Fremont Lake #02||United States of America (the)||2008-08-27||41.45||-96.564,GID_1204,1,1,1,1,1,1,1,0,VERIFIED_NO_CONFLICT
Fremont Lake #02||United States of America (the)||2008-09-19||41.45||-96.564,GID_1213,1,1,1,1,1,1,1,0,VERIFIED_NO_CONFLICT
Fremont Lake #02||United States of America (the)||2008-09-26||41.45||-96.564,GID_1222,1,1,1,1,1,1,1,0,VERIFIED_NO_CONFLICT
Fremont Lake #02||United States of America (the)||2008-10-09||41.45||-96.564,GID_1231,1,1,1,1,1,1,1,0,VERIFIED_NO_CONFLICT
Fremont Lake #02||United States of America (the)||2008-10-24||41.45||-96.564,GID_1240,1,1,1,1,1,1,1,0,VERIFIED_NO_CONFLICT
Fremont Lake #02||United States of America (the)||2008-11-19||41.45||-96.564,GID_1249,1,1,1,1,1,1,1,0,VERIFIED_NO_CONFLICT
Fremont Lake #02||United States of America (the)||2009-04-20||41.45||-96.564,GID_1261,1,1,1,1,1,1,1,0,VERIFIED_NO_CONFLICT
Fremont Lake #02||United States of America (the)||2009-05-04||41.45||-96.564,GID_1270,1,1,1,1,1,1,1,0,VERIFIED_NO_CONFLICT
Fremont Lake #02||United States of America (the)||2009-05-21||41.45||-96.564,GID_1279,1,1,1,1,1,1,1,0,VERIFIED_NO_CONFLICT
Fremont Lake #02||United States of America (the)||2009-06-01||41.45||-96.564,GID_1288,1,1,1,1,1,1,1,0,VERIFIED_NO_CONFLICT
Fremont Lake #02||United States of America (the)||2009-06-15||41.45||-96.564,GID_1298,1,1,1,1,1,1,1,0,VERIFIED_NO_CONFLICT
Fremont Lake #02||United States of America (the)||2009-07-06||41.45||-96.564,GID_1307,1,1,1,1,1,1,1,0,VERIFIED_NO_CONFLICT
Fremont Lake #02||United States of America (the)||2009-07-20||41.45||-96.564,GID_1316,1,1,1,1,1,1,1,0,VERIFIED_NO_CONFLICT
Fremont Lake #03||United States of America (the)||2008-07-02||41.451||-96.57,GID_1158,1,1,1,1,1,1,1,0,VERIFIED_NO_CONFLICT
Fremont Lake #03||United States of America (the)||2008-07-14||41.451||-96.57,GID_1167,1,1,1,1,1,1,1,0,VERIFIED_NO_CONFLICT
Fremont Lake #03||United States of America (the)||2008-07-30||41.451||-96.57,GID_1181,1,1,1,1,1,1,1,0,VERIFIED_NO_CONFLICT
Fremont Lake #03||United States of America (the)||2008-08-13||41.451||-96.57,GID_1197,1,1,1,1,1,1,1,0,VERIFIED_NO_CONFLICT
Fremont Lake #03||United States of America (the)||2008-08-27||41.451||-96.57,GID_1205,1,1,1,1,1,1,1,0,VERIFIED_NO_CONFLICT
Fremont Lake #03||United States of America (the)||2008-09-19||41.451||-96.57,GID_1214,1,1,1,1,1,1,1,0,VERIFIED_NO_CONFLICT
Fremont Lake #03||United States of America (the)||2008-09-26||41.451||-96.57,GID_1223,1,1,1,1,1,1,1,0,VERIFIED_NO_CONFLICT
Fremont Lake #03||United States of America (the)||2008-10-09||41.451||-96.57,GID_1232,1,1,1,1,1,1,1,0,VERIFIED_NO_CONFLICT
Fremont Lake #03||United States of America (the)||2008-10-24||41.451||-96.57,GID_1241,1,1,1,1,1,1,1,0,VERIFIED_NO_CONFLICT
Fremont Lake #03||United States of America (the)||2008-11-19||41.451||-96.57,GID_1250,1,1,1,1,1,1,1,0,VERIFIED_NO_CONFLICT
Fremont Lake #03||United States of America (the)||2009-04-20||41.451||-96.57,GID_1262,1,1,1,1,1,1,1,0,VERIFIED_NO_CONFLICT
Fremont Lake #03||United States of America (the)||2009-05-04||41.451||-96.57,GID_1271,1,1,1,1,1,1,1,0,VERIFIED_NO_CONFLICT
Fremont Lake #03||United States of America (the)||2009-05-21||41.451||-96.57,GID_1280,1,1,1,1,1,1,1,0,VERIFIED_NO_CONFLICT
Fremont Lake #03||United States of America (the)||2009-06-01||41.451||-96.57,GID_1289,1,1,1,1,1,1,1,0,VERIFIED_NO_CONFLICT
Fremont Lake #03||United States of America (the)||2009-06-15||41.451||-96.57,GID_1299,1,1,1,1,1,1,1,0,VERIFIED_NO_CONFLICT
Fremont Lake #03||United States of America (the)||2009-07-06||41.451||-96.57,GID_1308,1,1,1,1,1,1,1,0,VERIFIED_NO_CONFLICT
Fremont Lake #03||United States of America (the)||2009-07-20||41.451||-96.57,GID_1317,1,1,1,1,1,1,1,0,VERIFIED_NO_CONFLICT
Fremont Lake #04||United States of America (the)||2008-07-02||41.451||-96.577,GID_1159,1,1,1,1,1,1,1,0,VERIFIED_NO_CONFLICT
Fremont Lake #04||United States of America (the)||2008-07-14||41.451||-96.577,GID_1168,1,1,1,1,1,1,1,0,VERIFIED_NO_CONFLICT
Fremont Lake #04||United States of America (the)||2008-07-30||41.451||-96.577,GID_1182,1,1,1,1,1,1,1,0,VERIFIED_NO_CONFLICT
Fremont Lake #04||United States of America (the)||2008-08-13||41.451||-96.577,GID_1199,1,1,1,1,1,1,1,0,VERIFIED_NO_CONFLICT
Fremont Lake #04||United States of America (the)||2008-08-27||41.451||-96.577,GID_1206,1,1,1,1,1,1,1,0,VERIFIED_NO_CONFLICT
Fremont Lake #04||United States of America (the)||2008-09-19||41.451||-96.577,GID_1215,1,1,1,1,1,1,1,0,VERIFIED_NO_CONFLICT
Fremont Lake #04||United States of America (the)||2008-09-26||41.451||-96.577,GID_1224,1,1,1,1,1,1,1,0,VERIFIED_NO_CONFLICT
Fremont Lake #04||United States of America (the)||2008-10-09||41.451||-96.577,GID_1233,1,1,1,1,1,1,1,0,VERIFIED_NO_CONFLICT
Fremont Lake #04||United States of America (the)||2008-10-24||41.451||-96.577,GID_1242,1,1,1,1,1,1,1,0,VERIFIED_NO_CONFLICT
Fremont Lake #04||United States of America (the)||2008-11-19||41.451||-96.577,GID_1251,1,1,1,1,1,1,1,0,VERIFIED_NO_CONFLICT
Fremont Lake #04||United States of America (the)||2009-04-20||41.451||-96.577,GID_1263,1,1,1,1,1,1,1,0,VERIFIED_NO_CONFLICT
Fremont Lake #04||United States of America (the)||2009-05-04||41.451||-96.577,GID_1272,1,1,1,1,1,1,1,0,VERIFIED_NO_CONFLICT
Fremont Lake #04||United States of America (the)||2009-05-21||41.451||-96.577,GID_1281,1,1,1,1,1,1,1,0,VERIFIED_NO_CONFLICT
Fremont Lake #04||United States of America (the)||2009-06-01||41.451||-96.577,GID_1290,1,1,1,1,1,1,1,0,VERIFIED_NO_CONFLICT
Fremont Lake #05||United States of America (the)||2008-07-02||41.449||-96.571,GID_1160,1,1,1,1,1,1,1,0,VERIFIED_NO_CONFLICT
Fremont Lake #05||United States of America (the)||2008-07-14||41.449||-96.571,GID_1169,1,1,1,1,1,1,1,0,VERIFIED_NO_CONFLICT
Fremont Lake #05||United States of America (the)||2008-07-30||41.449||-96.571,GID_1183,1,1,1,1,1,1,1,0,VERIFIED_NO_CONFLICT
Fremont Lake #05||United States of America (the)||2008-08-13||41.449||-96.571,GID_1198,1,1,1,1,1,1,1,0,VERIFIED_NO_CONFLICT
Fremont Lake #05||United States of America (the)||2008-08-27||41.449||-96.571,GID_1207,1,1,1,1,1,1,1,0,VERIFIED_NO_CONFLICT
Fremont Lake #05||United States of America (the)||2008-09-19||41.449||-96.571,GID_1216,1,1,1,1,1,1,1,0,VERIFIED_NO_CONFLICT
Fremont Lake #05||United States of America (the)||2008-09-26||41.449||-96.571,GID_1225,1,1,1,1,1,1,1,0,VERIFIED_NO_CONFLICT
Fremont Lake #05||United States of America (the)||2008-10-09||41.449||-96.571,GID_1234,1,1,1,1,1,1,1,0,VERIFIED_NO_CONFLICT
Fremont Lake #05||United States of America (the)||2008-10-24||41.449||-96.571,GID_1243,1,1,1,1,1,1,1,0,VERIFIED_NO_CONFLICT
Fremont Lake #05||United States of America (the)||2008-11-19||41.449||-96.571,GID_1252,1,1,1,1,1,1,1,0,VERIFIED_NO_CONFLICT
Fremont Lake #05||United States of America (the)||2009-04-20||41.449||-96.571,GID_1264,1,1,1,1,1,1,1,0,VERIFIED_NO_CONFLICT
Fremont Lake #05||United States of America (the)||2009-05-04||41.449||-96.571,GID_1273,1,1,1,1,1,1,1,0,VERIFIED_NO_CONFLICT
Fremont Lake #05||United States of America (the)||2009-05-21||41.449||-96.571,GID_1282,1,1,1,1,1,1,1,0,VERIFIED_NO_CONFLICT
Fremont Lake #05||United States of America (the)||2009-06-01||41.449||-96.571,GID_1291,1,1,1,1,1,1,1,0,VERIFIED_NO_CONFLICT
Fremont Lake #05||United States of America (the)||2009-06-15||41.449||-96.571,GID_1300,1,1,1,1,1,1,1,0,VERIFIED_NO_CONFLICT
Fremont Lake #05||United States of America (the)||2009-07-06||41.449||-96.571,GID_1309,1,1,1,1,1,1,1,0,VERIFIED_NO_CONFLICT
Fremont Lake #05||United States of America (the)||2009-07-20||41.449||-96.571,GID_1318,1,1,1,1,1,1,1,0,VERIFIED_NO_CONFLICT
Fremont Lake #07||United States of America (the)||2008-07-02||41.45||-96.58,GID_1164,1,1,1,1,1,1,1,0,VERIFIED_NO_CONFLICT
Fremont Lake #07||United States of America (the)||2008-07-14||41.45||-96.58,GID_1173,1,1,1,1,1,1,1,0,VERIFIED_NO_CONFLICT
Fremont Lake #07||United States of America (the)||2008-07-30||41.45||-96.58,GID_1187,1,1,1,1,1,1,1,0,VERIFIED_NO_CONFLICT
Fremont Lake #07||United States of America (the)||2008-08-27||41.45||-96.58,GID_1211,1,1,1,1,1,1,1,0,VERIFIED_NO_CONFLICT
Fremont Lake #07||United States of America (the)||2008-09-19||41.45||-96.58,GID_1220,1,1,1,1,1,1,1,0,VERIFIED_NO_CONFLICT
Fremont Lake #07||United States of America (the)||2008-09-26||41.45||-96.58,GID_1229,1,1,1,1,1,1,1,0,VERIFIED_NO_CONFLICT
Fremont Lake #07||United States of America (the)||2008-10-09||41.45||-96.58,GID_1238,1,1,1,1,1,1,1,0,VERIFIED_NO_CONFLICT
Fremont Lake #07||United States of America (the)||2008-10-24||41.45||-96.58,GID_1244,1,1,1,1,1,1,1,0,VERIFIED_NO_CONFLICT
Fremont Lake #07||United States of America (the)||2008-11-19||41.45||-96.58,GID_1253,1,1,1,1,1,1,1,0,VERIFIED_NO_CONFLICT
Fremont Lake #07||United States of America (the)||2009-04-20||41.45||-96.58,GID_1265,1,1,1,1,1,1,1,0,VERIFIED_NO_CONFLICT
Fremont Lake #07||United States of America (the)||2009-05-04||41.45||-96.58,GID_1274,1,1,1,1,1,1,1,0,VERIFIED_NO_CONFLICT
Fremont Lake #07||United States of America (the)||2009-05-21||41.45||-96.58,GID_1283,1,1,1,1,1,1,1,0,VERIFIED_NO_CONFLICT
Fremont Lake #07||United States of America (the)||2009-06-01||41.45||-96.58,GID_1292,1,1,1,1,1,1,1,0,VERIFIED_NO_CONFLICT
Fremont Lake #07||United States of America (the)||2009-06-15||41.45||-96.58,GID_1301,1,1,1,1,1,1,1,0,VERIFIED_NO_CONFLICT
Fremont Lake #07||United States of America (the)||2009-07-06||41.45||-96.58,GID_1310,1,1,1,1,1,1,1,0,VERIFIED_NO_CONFLICT
Fremont Lake #07||United States of America (the)||2009-07-20||41.45||-96.58,GID_1319,1,1,1,1,1,1,1,0,VERIFIED_NO_CONFLICT
Fremont Lake #16||United States of America (the)||2008-07-02||41.442||-96.558,GID_1163,1,1,1,1,1,1,1,0,VERIFIED_NO_CONFLICT
Fremont Lake #16||United States of America (the)||2008-07-14||41.442||-96.558,GID_1170,1,1,1,1,1,1,1,0,VERIFIED_NO_CONFLICT
Fremont Lake #16||United States of America (the)||2008-07-30||41.442||-96.558,GID_1184,1,1,1,1,1,1,1,0,VERIFIED_NO_CONFLICT
Fremont Lake #16||United States of America (the)||2008-08-13||41.442||-96.558,GID_1200,1,1,1,1,1,1,1,0,VERIFIED_NO_CONFLICT
Fremont Lake #16||United States of America (the)||2008-08-27||41.442||-96.558,GID_1208,1,1,1,1,1,1,1,0,VERIFIED_NO_CONFLICT
Fremont Lake #16||United States of America (the)||2008-09-19||41.442||-96.558,GID_1217,1,1,1,1,1,1,1,0,VERIFIED_NO_CONFLICT
Fremont Lake #16||United States of America (the)||2008-09-26||41.442||-96.558,GID_1226,1,1,1,1,1,1,1,0,VERIFIED_NO_CONFLICT
Fremont Lake #16||United States of America (the)||2008-10-09||41.442||-96.558,GID_1235,1,1,1,1,1,1,1,0,VERIFIED_NO_CONFLICT
Fremont Lake #16||United States of America (the)||2008-10-24||41.442||-96.558,GID_1245,1,1,1,1,1,1,1,0,VERIFIED_NO_CONFLICT
Fremont Lake #16||United States of America (the)||2008-11-19||41.442||-96.558,GID_1254,1,1,1,1,1,1,1,0,VERIFIED_NO_CONFLICT
Fremont Lake #16||United States of America (the)||2009-04-20||41.442||-96.558,GID_1259,1,1,1,1,1,1,1,0,VERIFIED_NO_CONFLICT
Fremont Lake #16||United States of America (the)||2009-05-04||41.442||-96.558,GID_1268,1,1,1,1,1,1,1,0,VERIFIED_NO_CONFLICT
Fremont Lake #16||United States of America (the)||2009-05-21||41.442||-96.558,GID_1277,1,1,1,1,1,1,1,0,VERIFIED_NO_CONFLICT
Fremont Lake #16||United States of America (the)||2009-06-01||41.442||-96.558,GID_1286,1,1,1,1,1,1,1,0,VERIFIED_NO_CONFLICT
Fremont Lake #16||United States of America (the)||2009-06-15||41.442||-96.558,GID_1296,1,1,1,1,1,1,1,0,VERIFIED_NO_CONFLICT
Fremont Lake #16||United States of America (the)||2009-07-06||41.442||-96.558,GID_1305,1,1,1,1,1,1,1,0,VERIFIED_NO_CONFLICT
Fremont Lake #16||United States of America (the)||2009-07-20||41.442||-96.558,GID_1314,1,1,1,1,1,1,1,0,VERIFIED_NO_CONFLICT
Fremont Lake #17||United States of America (the)||2008-07-02||41.439||-96.546,GID_1162,1,1,1,1,1,1,1,0,VERIFIED_NO_CONFLICT
Fremont Lake #17||United States of America (the)||2008-07-14||41.439||-96.546,GID_1171,1,1,1,1,1,1,1,0,VERIFIED_NO_CONFLICT
Fremont Lake #17||United States of America (the)||2008-07-30||41.439||-96.546,GID_1185,1,1,1,1,1,1,1,0,VERIFIED_NO_CONFLICT
Fremont Lake #17||United States of America (the)||2008-08-13||41.439||-96.546,GID_1201,1,1,1,1,1,1,1,0,VERIFIED_NO_CONFLICT
Fremont Lake #17||United States of America (the)||2008-08-27||41.439||-96.546,GID_1209,1,1,1,1,1,1,1,0,VERIFIED_NO_CONFLICT
Fremont Lake #17||United States of America (the)||2008-09-19||41.439||-96.546,GID_1218,1,1,1,1,1,1,1,0,VERIFIED_NO_CONFLICT
Fremont Lake #17||United States of America (the)||2008-09-26||41.439||-96.546,GID_1227,1,1,1,1,1,1,1,0,VERIFIED_NO_CONFLICT
Fremont Lake #17||United States of America (the)||2008-10-09||41.439||-96.546,GID_1236,1,1,1,1,1,1,1,0,VERIFIED_NO_CONFLICT
Fremont Lake #17||United States of America (the)||2008-10-24||41.439||-96.546,GID_1246,1,1,1,1,1,1,1,0,VERIFIED_NO_CONFLICT
Fremont Lake #17||United States of America (the)||2008-11-19||41.439||-96.546,GID_1255,1,1,1,1,1,1,1,0,VERIFIED_NO_CONFLICT
Fremont Lake #17||United States of America (the)||2009-04-20||41.439||-96.546,GID_1258,1,1,1,1,1,1,1,0,VERIFIED_NO_CONFLICT
Fremont Lake #17||United States of America (the)||2009-05-04||41.439||-96.546,GID_1267,1,1,1,1,1,1,1,0,VERIFIED_NO_CONFLICT
Fremont Lake #17||United States of America (the)||2009-05-21||41.439||-96.546,GID_1276,1,1,1,1,1,1,1,0,VERIFIED_NO_CONFLICT
Fremont Lake #17||United States of America (the)||2009-06-01||41.439||-96.546,GID_1285,1,1,1,1,1,1,1,0,VERIFIED_NO_CONFLICT
Fremont Lake #17||United States of America (the)||2009-06-15||41.439||-96.546,GID_1295,1,1,1,1,1,1,1,0,VERIFIED_NO_CONFLICT
Fremont Lake #17||United States of America (the)||2009-07-06||41.439||-96.546,GID_1304,1,1,1,1,1,1,1,0,VERIFIED_NO_CONFLICT
Fremont Lake #17||United States of America (the)||2009-07-20||41.439||-96.546,GID_1313,1,1,1,1,1,1,1,0,VERIFIED_NO_CONFLICT
Fremont Lake #18||United States of America (the)||2008-07-02||41.438||-96.541,GID_1161,1,1,1,1,1,1,1,0,VERIFIED_NO_CONFLICT
Fremont Lake #18||United States of America (the)||2008-07-14||41.438||-96.541,GID_1172,1,1,1,1,1,1,1,0,VERIFIED_NO_CONFLICT
Fremont Lake #18||United States of America (the)||2008-07-30||41.438||-96.541,GID_1186,1,1,1,1,1,1,1,0,VERIFIED_NO_CONFLICT
Fremont Lake #18||United States of America (the)||2008-08-13||41.438||-96.541,GID_1202,1,1,1,1,1,1,1,0,VERIFIED_NO_CONFLICT
Fremont Lake #20||United States of America (the)||2008-08-27||41.437||-96.549,GID_1210,1,1,1,1,1,1,1,0,VERIFIED_NO_CONFLICT
Fremont Lake #20||United States of America (the)||2008-09-19||41.437||-96.549,GID_1219,1,1,1,1,1,1,1,0,VERIFIED_NO_CONFLICT
Fremont Lake #20||United States of America (the)||2008-09-26||41.437||-96.549,GID_1228,1,1,1,1,1,1,1,0,VERIFIED_NO_CONFLICT
Fremont Lake #20||United States of America (the)||2008-10-09||41.437||-96.549,GID_1237,1,1,1,1,1,1,1,0,VERIFIED_NO_CONFLICT
Fremont Lake #20||United States of America (the)||2008-10-24||41.437||-96.549,GID_1247,1,1,1,1,1,1,1,0,VERIFIED_NO_CONFLICT
Fremont Lake #20||United States of America (the)||2008-11-19||41.437||-96.549,GID_1256,1,1,1,1,1,1,1,0,VERIFIED_NO_CONFLICT
Fremont Lake #20||United States of America (the)||2009-04-20||41.437||-96.549,GID_1257,1,1,1,1,1,1,1,0,VERIFIED_NO_CONFLICT
Fremont Lake #20||United States of America (the)||2009-05-04||41.437||-96.549,GID_1266,1,1,1,1,1,1,1,0,VERIFIED_NO_CONFLICT
Fremont Lake #20||United States of America (the)||2009-05-21||41.437||-96.549,GID_1275,1,1,1,1,1,1,1,0,VERIFIED_NO_CONFLICT
Fremont Lake #20||United States of America (the)||2009-06-01||41.437||-96.549,GID_1284,1,1,1,1,1,1,1,0,VERIFIED_NO_CONFLICT
Fremont Lake #20||United States of America (the)||2009-06-15||41.437||-96.549,GID_1293,1,1,1,1,1,1,1,0,VERIFIED_NO_CONFLICT
Fremont Lake #20||United States of America (the)||2009-07-06||41.437||-96.549,GID_1302,1,1,1,1,1,1,1,0,VERIFIED_NO_CONFLICT
Fremont Lake #20||United States of America (the)||2009-07-20||41.437||-96.549,GID_1311,1,1,1,1,1,1,1,0,VERIFIED_NO_CONFLICT
Garda||Italy||2015-07-17||45.495||10.601,GID_878,1,1,1,1,1,1,1,0,VERIFIED_NO_CONFLICT
Garda||Italy||2015-07-27||45.5||10.528,GID_883,1,1,1,1,1,1,1,0,VERIFIED_NO_CONFLICT
Garda||Italy||2016-06-08||45.496||10.589,GID_847,1,1,1,1,1,1,1,0,VERIFIED_NO_CONFLICT
Garda||Italy||2016-06-08||45.499||10.59,GID_848,1,1,1,1,1,1,1,0,VERIFIED_NO_CONFLICT
Garda||Italy||2016-06-21||45.493||10.533,GID_964,1,1,1,1,1,1,1,0,VERIFIED_NO_CONFLICT
Garda||Italy||2016-06-21||45.505||10.546,GID_962,1,1,1,1,1,1,1,0,VERIFIED_NO_CONFLICT
Garda||Italy||2016-06-28||45.497||10.562,GID_957,1,1,1,1,1,1,1,0,VERIFIED_NO_CONFLICT
Garda||Italy||2016-06-28||45.504||10.537,GID_959,1,1,1,1,1,1,1,0,VERIFIED_NO_CONFLICT
Garda||Italy||2016-07-01||45.488||10.641,GID_850,1,1,1,1,1,1,1,0,VERIFIED_NO_CONFLICT
Garda||Italy||2016-07-01||45.501||10.647,GID_849,1,1,1,1,1,1,1,0,VERIFIED_NO_CONFLICT
Garda||Italy||2016-07-01||45.503||10.616,GID_851,1,1,1,1,1,1,1,0,VERIFIED_NO_CONFLICT
Garda||Italy||2016-07-01||45.53||10.61,GID_954;GID_955,1,1,1,1,1,1,1,0,VERIFIED_NO_CONFLICT
Garda||Italy||2017-03-08||45.831||10.841,GID_853,1,1,1,1,1,1,1,0,VERIFIED_NO_CONFLICT
Garda||Italy||2017-03-08||45.846||10.846,GID_852,1,1,1,1,1,1,1,0,VERIFIED_NO_CONFLICT
Garda||Italy||2017-03-08||45.866||10.848,GID_854,1,1,1,1,1,1,1,0,VERIFIED_NO_CONFLICT
Garda||Italy||2017-06-07||45.09||10.46,GID_944;GID_945;GID_946,1,1,1,1,1,1,1,0,VERIFIED_NO_CONFLICT
Garda||Italy||2017-06-08||45.527||10.728,GID_941,1,1,1,1,1,1,1,0,VERIFIED_NO_CONFLICT
Garda||Italy||2017-06-08||45.536||10.614,GID_938,1,1,1,1,1,1,1,0,VERIFIED_NO_CONFLICT
Garda||Italy||2017-06-08||45.549||10.666,GID_939,1,1,1,1,1,1,1,0,VERIFIED_NO_CONFLICT
Garda||Italy||2017-06-08||45.55||10.666,GID_940,1,1,1,1,1,1,1,0,VERIFIED_NO_CONFLICT
Garda||Italy||2017-08-02||45.496||10.542,GID_930,1,1,1,1,1,1,1,0,VERIFIED_NO_CONFLICT
Garda||Italy||2017-08-07||45.494||10.53,GID_929,1,1,1,1,1,1,1,0,VERIFIED_NO_CONFLICT
Garda||Italy||2017-08-07||45.501||10.531,GID_855,1,1,1,1,1,1,1,0,VERIFIED_NO_CONFLICT
Garda||Italy||2017-08-07||45.504||10.54,GID_927,1,1,1,1,1,1,1,0,VERIFIED_NO_CONFLICT
Garda||Italy||2017-09-21||45.478||10.604,GID_861;GID_926,1,1,1,1,1,1,1,0,VERIFIED_NO_CONFLICT
Garda||Italy||2017-09-21||45.482||10.598,GID_862;GID_924;GID_925,1,1,1,1,1,1,1,0,VERIFIED_NO_CONFLICT
Garda||Italy||2017-09-21||45.487||10.62,GID_864;GID_922,1,1,1,1,1,1,1,0,VERIFIED_NO_CONFLICT
Garda||Italy||2017-09-21||45.498||10.613,GID_863;GID_923,1,1,1,1,1,1,1,0,VERIFIED_NO_CONFLICT
Garda||Italy||2017-09-21||45.551||10.666,GID_921,1,1,1,1,1,1,1,0,VERIFIED_NO_CONFLICT
Garda||Italy||2019-07-23||45.492||10.576,GID_1095,1,1,1,1,1,1,1,0,VERIFIED_NO_CONFLICT
Garda||Italy||2019-07-23||45.508||10.655,GID_1097,1,1,1,1,1,1,1,0,VERIFIED_NO_CONFLICT
Garda||Italy||2019-07-23||45.52||10.602,GID_1096,1,1,1,1,1,1,1,0,VERIFIED_NO_CONFLICT
Garda||Italy||2019-10-04||45.47||10.639,GID_1128,1,1,1,1,1,1,1,0,VERIFIED_NO_CONFLICT
Garda||Italy||2019-10-04||45.505||10.626,GID_1127,1,1,1,1,1,1,1,0,VERIFIED_NO_CONFLICT
Garda||Italy||2019-10-04||45.526||10.599,GID_1126,1,1,1,1,1,1,1,0,VERIFIED_NO_CONFLICT
Garda||Italy||2020-09-10||45.492||10.534,GID_1132,1,1,1,1,1,1,1,0,VERIFIED_NO_CONFLICT
Garda||Italy||2020-09-10||45.501||10.539,GID_1133,1,1,1,1,1,1,1,0,VERIFIED_NO_CONFLICT
Geist Reservoir||United States of America (the)||2010-04-12||39.908||-85.982,GID_2652,1,1,1,1,1,1,1,0,VERIFIED_NO_CONFLICT
Geist Reservoir||United States of America (the)||2010-04-12||39.909||-85.985,GID_2654,1,1,1,1,1,1,1,0,VERIFIED_NO_CONFLICT
Geist Reservoir||United States of America (the)||2010-04-12||39.916||-85.975,GID_2651,1,1,1,1,1,1,1,0,VERIFIED_NO_CONFLICT
Geist Reservoir||United States of America (the)||2010-04-12||39.917||-85.978,GID_2650,1,1,1,1,1,1,1,0,VERIFIED_NO_CONFLICT
Geist Reservoir||United States of America (the)||2010-04-12||39.91||-85.978,GID_2653,1,1,1,1,1,1,1,0,VERIFIED_NO_CONFLICT
Geist Reservoir||United States of America (the)||2010-04-12||39.923||-85.978,GID_2648,1,1,1,1,1,1,1,0,VERIFIED_NO_CONFLICT
Geist Reservoir||United States of America (the)||2010-04-12||39.924||-85.96,GID_2646,1,1,1,1,1,1,1,0,VERIFIED_NO_CONFLICT
Geist Reservoir||United States of America (the)||2010-04-12||39.926||-85.942,GID_2643,1,1,1,1,1,1,1,0,VERIFIED_NO_CONFLICT
Geist Reservoir||United States of America (the)||2010-04-12||39.926||-85.968,GID_2647,1,1,1,1,1,1,1,0,VERIFIED_NO_CONFLICT
Geist Reservoir||United States of America (the)||2010-04-12||39.927||-85.949,GID_2644,1,1,1,1,1,1,1,0,VERIFIED_NO_CONFLICT
Geist Reservoir||United States of America (the)||2010-04-12||39.928||-85.961,GID_2645,1,1,1,1,1,1,1,0,VERIFIED_NO_CONFLICT
Geist Reservoir||United States of America (the)||2010-04-12||39.92||-85.972,GID_2649,1,1,1,1,1,1,1,0,VERIFIED_NO_CONFLICT
Geist Reservoir||United States of America (the)||2010-04-12||39.933||-85.939,GID_2641,1,1,1,1,1,1,1,0,VERIFIED_NO_CONFLICT
Geist Reservoir||United States of America (the)||2010-04-12||39.937||-85.939,GID_2640,1,1,1,1,1,1,1,0,VERIFIED_NO_CONFLICT
Geist Reservoir||United States of America (the)||2010-04-12||39.93||-85.939,GID_2642,1,1,1,1,1,1,1,0,VERIFIED_NO_CONFLICT
Geist Reservoir||United States of America (the)||2010-04-12||39.944||-85.934,GID_2638,1,1,1,1,1,1,1,0,VERIFIED_NO_CONFLICT
Geist Reservoir||United States of America (the)||2010-04-12||39.947||-85.931,GID_2637,1,1,1,1,1,1,1,0,VERIFIED_NO_CONFLICT
Geist Reservoir||United States of America (the)||2010-04-12||39.951||-85.919,GID_2635,1,1,1,1,1,1,1,0,VERIFIED_NO_CONFLICT
Geist Reservoir||United States of America (the)||2010-04-12||39.95||-85.925,GID_2636,1,1,1,1,1,1,1,0,VERIFIED_NO_CONFLICT
Geist Reservoir||United States of America (the)||2010-07-14||39.912||-85.969,GID_2671,1,1,1,1,1,1,1,0,VERIFIED_NO_CONFLICT
Geist Reservoir||United States of America (the)||2010-07-14||39.913||-85.98,GID_2672,1,1,1,1,1,1,1,0,VERIFIED_NO_CONFLICT
Geist Reservoir||United States of America (the)||2010-07-14||39.916||-85.978,GID_2670,1,1,1,1,1,1,1,0,VERIFIED_NO_CONFLICT
Geist Reservoir||United States of America (the)||2010-07-14||39.91||-85.98,GID_2673,1,1,1,1,1,1,1,0,VERIFIED_NO_CONFLICT
Geist Reservoir||United States of America (the)||2010-07-14||39.91||-85.984,GID_2674,1,1,1,1,1,1,1,0,VERIFIED_NO_CONFLICT
Geist Reservoir||United States of America (the)||2010-07-14||39.924||-85.942,GID_2663,1,1,1,1,1,1,1,0,VERIFIED_NO_CONFLICT
Geist Reservoir||United States of America (the)||2010-07-14||39.924||-85.949,GID_2664,1,1,1,1,1,1,1,0,VERIFIED_NO_CONFLICT
Geist Reservoir||United States of America (the)||2010-07-14||39.924||-85.959,GID_2666,1,1,1,1,1,1,1,0,VERIFIED_NO_CONFLICT
Geist Reservoir||United States of America (the)||2010-07-14||39.928||-85.939,GID_2662,1,1,1,1,1,1,1,0,VERIFIED_NO_CONFLICT
Geist Reservoir||United States of America (the)||2010-07-14||39.928||-85.965,GID_2667,1,1,1,1,1,1,1,0,VERIFIED_NO_CONFLICT
Geist Reservoir||United States of America (the)||2010-07-14||39.92||-85.974,GID_2669,1,1,1,1,1,1,1,0,VERIFIED_NO_CONFLICT
Geist Reservoir||United States of America (the)||2010-07-14||39.934||-85.937,GID_2661,1,1,1,1,1,1,1,0,VERIFIED_NO_CONFLICT
Geist Reservoir||United States of America (the)||2010-07-14||39.938||-85.941,GID_2660,1,1,1,1,1,1,1,0,VERIFIED_NO_CONFLICT
Geist Reservoir||United States of America (the)||2010-07-14||39.93||-85.958,GID_2665,1,1,1,1,1,1,1,0,VERIFIED_NO_CONFLICT
Geist Reservoir||United States of America (the)||2010-07-14||39.942||-85.937,GID_2659,1,1,1,1,1,1,1,0,VERIFIED_NO_CONFLICT
Geist Reservoir||United States of America (the)||2010-07-14||39.945||-85.934,GID_2658,1,1,1,1,1,1,1,0,VERIFIED_NO_CONFLICT
Geist Reservoir||United States of America (the)||2010-07-14||39.951||-85.919,GID_2655,1,1,1,1,1,1,1,0,VERIFIED_NO_CONFLICT
Geist Reservoir||United States of America (the)||2010-07-14||39.95||-85.924,GID_2656,1,1,1,1,1,1,1,0,VERIFIED_NO_CONFLICT
Geist Reservoir||United States of America (the)||2010-07-14||40.015||-85.97,GID_2668,1,1,1,1,1,1,1,0,VERIFIED_NO_CONFLICT
Geist Reservoir||United States of America (the)||2010-10-14||39.913||-85.97,GID_2691,1,1,1,1,1,1,1,0,VERIFIED_NO_CONFLICT
Geist Reservoir||United States of America (the)||2010-10-14||39.917||-85.977,GID_2690,1,1,1,1,1,1,1,0,VERIFIED_NO_CONFLICT
Geist Reservoir||United States of America (the)||2010-10-14||39.91||-85.983,GID_2692,1,1,1,1,1,1,1,0,VERIFIED_NO_CONFLICT
Geist Reservoir||United States of America (the)||2010-10-14||39.923||-85.947,GID_2684,1,1,1,1,1,1,1,0,VERIFIED_NO_CONFLICT
Geist Reservoir||United States of America (the)||2010-10-14||39.923||-85.96,GID_2686,1,1,1,1,1,1,1,0,VERIFIED_NO_CONFLICT
Geist Reservoir||United States of America (the)||2010-10-14||39.925||-85.971,GID_2688,1,1,1,1,1,1,1,0,VERIFIED_NO_CONFLICT
Geist Reservoir||United States of America (the)||2010-10-14||39.926||-85.94,GID_2683,1,1,1,1,1,1,1,0,VERIFIED_NO_CONFLICT
Geist Reservoir||United States of America (the)||2010-10-14||39.927||-85.966,GID_2687,1,1,1,1,1,1,1,0,VERIFIED_NO_CONFLICT
Geist Reservoir||United States of America (the)||2010-10-14||39.928||-85.953,GID_2685,1,1,1,1,1,1,1,0,VERIFIED_NO_CONFLICT
Geist Reservoir||United States of America (the)||2010-10-14||39.92||-85.972,GID_2689,1,1,1,1,1,1,1,0,VERIFIED_NO_CONFLICT
Geist Reservoir||United States of America (the)||2010-10-14||39.931||-86.039,GID_2682,1,1,1,1,1,1,1,0,VERIFIED_NO_CONFLICT
Geist Reservoir||United States of America (the)||2010-10-14||39.933||-85.938,GID_2681,1,1,1,1,1,1,1,0,VERIFIED_NO_CONFLICT
Geist Reservoir||United States of America (the)||2010-10-14||39.937||-85.94,GID_2680,1,1,1,1,1,1,1,0,VERIFIED_NO_CONFLICT
Geist Reservoir||United States of America (the)||2010-10-14||39.942||-85.937,GID_2679,1,1,1,1,1,1,1,0,VERIFIED_NO_CONFLICT
Geist Reservoir||United States of America (the)||2010-10-14||39.945||-85.934,GID_2678,1,1,1,1,1,1,1,0,VERIFIED_NO_CONFLICT
Geist Reservoir||United States of America (the)||2010-10-14||39.948||-85.929,GID_2677,1,1,1,1,1,1,1,0,VERIFIED_NO_CONFLICT
Geist Reservoir||United States of America (the)||2010-10-14||39.951||-85.919,GID_2675,1,1,1,1,1,1,1,0,VERIFIED_NO_CONFLICT
Geist Reservoir||United States of America (the)||2010-10-14||39.95||-85.924,GID_2676,1,1,1,1,1,1,1,0,VERIFIED_NO_CONFLICT
Geneva Lake||United States of America (the)||2014-05-18||42.568||-88.5,GID_1380,1,1,1,1,1,1,1,0,VERIFIED_NO_CONFLICT
Geneva Lake||United States of America (the)||2014-05-18||42.56||-88.542,GID_1379,1,1,1,1,1,1,1,0,VERIFIED_NO_CONFLICT
Geneva Lake||United States of America (the)||2014-05-18||42.571||-88.453,GID_1381,1,1,1,1,1,1,1,0,VERIFIED_NO_CONFLICT
Geneva Lake||United States of America (the)||2014-07-21||42.559||-88.54,GID_1416,1,1,1,1,1,1,1,0,VERIFIED_NO_CONFLICT
Geneva Lake||United States of America (the)||2014-07-21||42.566||-88.504,GID_1417,1,1,1,1,1,1,1,0,VERIFIED_NO_CONFLICT
Geneva Lake||United States of America (the)||2014-07-21||42.571||-88.456,GID_1418,1,1,1,1,1,1,1,0,VERIFIED_NO_CONFLICT
Geneva Lake||United States of America (the)||2014-09-23||42.566||-88.503,GID_1454,1,1,1,1,1,1,1,0,VERIFIED_NO_CONFLICT
Geneva Lake||United States of America (the)||2014-09-23||42.569||-88.466,GID_1455,1,1,1,1,1,1,1,0,VERIFIED_NO_CONFLICT
Geneva Lake||United States of America (the)||2014-09-23||42.56||-88.541,GID_1453,1,1,1,1,1,1,1,0,VERIFIED_NO_CONFLICT
Geneva Lake||United States of America (the)||2015-07-08||42.561||-88.545,GID_1468,1,1,1,1,1,1,1,0,VERIFIED_NO_CONFLICT
Geneva Lake||United States of America (the)||2015-07-08||42.569||-88.509,GID_1469,1,1,1,1,1,1,1,0,VERIFIED_NO_CONFLICT
Geneva Lake||United States of America (the)||2015-07-08||42.573||-88.46,GID_1470,1,1,1,1,1,1,1,0,VERIFIED_NO_CONFLICT
Gironde River||France||2012-03-12||45.063||-0.63,GID_1813;GID_1814;GID_1815;GID_1816,1,1,1,1,1,1,1,0,VERIFIED_NO_CONFLICT
Gironde River||France||2012-03-13||45.516||-0.951,GID_1817;GID_1818;GID_1819;GID_1820;GID_1821;GID_1822,1,1,1,1,1,1,1,0,VERIFIED_NO_CONFLICT
Gironde River||France||2012-03-14||45.199||-0.729,GID_1823;GID_1824,1,1,1,1,1,1,1,0,VERIFIED_NO_CONFLICT
Gironde River||France||2012-03-16||44.637||-1.234,GID_1825,1,1,1,1,1,1,1,0,VERIFIED_NO_CONFLICT
Gironde River||France||2012-04-11||45.202||-0.73,GID_1831;GID_1832;GID_1833,1,1,1,1,1,1,1,0,VERIFIED_NO_CONFLICT
Gironde River||France||2012-04-12||45.369||-0.8,GID_1834;GID_1835;GID_1836;GID_1837;GID_1838,1,1,1,1,1,1,1,0,VERIFIED_NO_CONFLICT
Gironde River||France||2012-04-13||45.515||-0.949,GID_1839;GID_1840;GID_1841;GID_1842;GID_1843;GID_1844;GID_1845,1,1,1,1,1,1,1,0,VERIFIED_NO_CONFLICT
Gironde River||France||2012-04-14||45.063||-0.629,GID_1846;GID_1847;GID_1848;GID_1849,1,1,1,1,1,1,1,0,VERIFIED_NO_CONFLICT
"Grand Bay, MS||United States of America (the)||2003-10-08||30.351||-88.351",GID_4991,1,1,1,1,1,1,1,0,VERIFIED_NO_CONFLICT
"Grand Bay, MS||United States of America (the)||2003-10-08||30.379||-88.354",GID_4992,1,1,1,1,1,1,1,0,VERIFIED_NO_CONFLICT
"Great Pee Dee River, SC||United States of America (the)||2011-07-21||33.353||-79.272",GID_4508,1,1,1,1,1,1,1,0,VERIFIED_NO_CONFLICT
Green Lake||United States of America (the)||2014-07-28||43.793||-89.052,GID_1420,1,1,1,1,1,1,1,0,VERIFIED_NO_CONFLICT
Green Lake||United States of America (the)||2014-07-28||43.81||-88.998,GID_1419,1,1,1,1,1,1,1,0,VERIFIED_NO_CONFLICT
Green Lake||United States of America (the)||2014-07-28||43.826||-88.966,GID_1421,1,1,1,1,1,1,1,0,VERIFIED_NO_CONFLICT
Green Lake||United States of America (the)||2015-07-15||43.793||-89.052,GID_1472,1,1,1,1,1,1,1,0,VERIFIED_NO_CONFLICT
Green Lake||United States of America (the)||2015-07-15||43.81||-89.003,GID_1471,1,1,1,1,1,1,1,0,VERIFIED_NO_CONFLICT
Green Lake||United States of America (the)||2015-07-15||43.826||-88.966,GID_1473,1,1,1,1,1,1,1,0,VERIFIED_NO_CONFLICT
Grevelingen||Netherlands (the)||2013-08-29||51.777||3.867,GID_7266,1,1,1,1,1,1,1,0,VERIFIED_NO_CONFLICT
Guiana||France||2009-10-12||4.844||-51.285,GID_1689,1,1,1,1,1,1,1,0,VERIFIED_NO_CONFLICT
Guiana||France||2009-10-12||4.864||-52.232,GID_1688,1,1,1,1,1,1,1,0,VERIFIED_NO_CONFLICT
Guiana||France||2009-10-12||4.881||-52.196,GID_1687,1,1,1,1,1,1,1,0,VERIFIED_NO_CONFLICT
Guiana||France||2009-10-12||4.982||-52.18,GID_1685,1,1,1,1,1,1,1,0,VERIFIED_NO_CONFLICT
Guiana||France||2009-10-12||5.065||-52.173,GID_1686,1,1,1,1,1,1,1,0,VERIFIED_NO_CONFLICT
Guiana||France||2009-10-13||4.678||-51.94,GID_1692,1,1,1,1,1,1,1,0,VERIFIED_NO_CONFLICT
Guiana||France||2009-10-13||4.708||-51.964,GID_1693,1,1,1,1,1,1,1,0,VERIFIED_NO_CONFLICT
Guiana||France||2009-10-13||4.743||-51.963,GID_1694,1,1,1,1,1,1,1,0,VERIFIED_NO_CONFLICT
Guiana||France||2009-10-13||4.815||-51.944,GID_1691,1,1,1,1,1,1,1,0,VERIFIED_NO_CONFLICT
Guiana||France||2009-10-13||4.851||-51.917,GID_1690,1,1,1,1,1,1,1,0,VERIFIED_NO_CONFLICT
Guiana||France||2009-10-14||5.195||-52.618,GID_1697,1,1,1,1,1,1,1,0,VERIFIED_NO_CONFLICT
Guiana||France||2009-10-14||5.213||-52.609,GID_1698,1,1,1,1,1,1,1,0,VERIFIED_NO_CONFLICT
Guiana||France||2009-10-14||5.248||-52.601,GID_1699,1,1,1,1,1,1,1,0,VERIFIED_NO_CONFLICT
Guiana||France||2009-10-14||5.275||-52.598,GID_1700,1,1,1,1,1,1,1,0,VERIFIED_NO_CONFLICT
Guiana||France||2009-10-14||5.304||-52.582,GID_1701,1,1,1,1,1,1,1,0,VERIFIED_NO_CONFLICT
Guiana||France||2009-10-15||5.533||-53.007,GID_1702,1,1,1,1,1,1,1,0,VERIFIED_NO_CONFLICT
Guiana||France||2009-10-15||5.615||-52.999,GID_1703,1,1,1,1,1,1,1,0,VERIFIED_NO_CONFLICT
Guiana||France||2009-10-15||5.667||-53.01,GID_1704,1,1,1,1,1,1,1,0,VERIFIED_NO_CONFLICT
Guiana||France||2009-10-15||5.774||-53.344,GID_1705,1,1,1,1,1,1,1,0,VERIFIED_NO_CONFLICT
Guiana||France||2009-10-16||5.781||-53.952,GID_1706,1,1,1,1,1,1,1,0,VERIFIED_NO_CONFLICT
Guiana||France||2009-10-16||5.832||-53.893,GID_1707,1,1,1,1,1,1,1,0,VERIFIED_NO_CONFLICT
Guiana||France||2009-10-16||5.897||-53.852,GID_1708,1,1,1,1,1,1,1,0,VERIFIED_NO_CONFLICT
Guiana||France||2009-10-16||5.979||-53.824,GID_1709,1,1,1,1,1,1,1,0,VERIFIED_NO_CONFLICT
Guiana||France||2009-10-17||5.04||-52.309,GID_1713,1,1,1,1,1,1,1,0,VERIFIED_NO_CONFLICT
Guiana||France||2009-10-17||5.107||-52.381,GID_1712,1,1,1,1,1,1,1,0,VERIFIED_NO_CONFLICT
Guiana||France||2009-10-17||5.169||-52.497,GID_1711,1,1,1,1,1,1,1,0,VERIFIED_NO_CONFLICT
Guiana||France||2009-10-17||5.201||-52.577,GID_1710,1,1,1,1,1,1,1,0,VERIFIED_NO_CONFLICT
Guiana||France||2010-10-17||5.263||-52.699,GID_1753,1,1,1,1,1,1,1,0,VERIFIED_NO_CONFLICT
Guiana||France||2010-10-17||5.285||-52.721,GID_1750,1,1,1,1,1,1,1,0,VERIFIED_NO_CONFLICT
Guiana||France||2010-10-17||5.332||-52.715,GID_1751,1,1,1,1,1,1,1,0,VERIFIED_NO_CONFLICT
Guiana||France||2010-10-17||5.337||-52.688,GID_1752,1,1,1,1,1,1,1,0,VERIFIED_NO_CONFLICT
Guiana||France||2010-10-18||5.138||-52.562,GID_1755,1,1,1,1,1,1,1,0,VERIFIED_NO_CONFLICT
Guiana||France||2010-10-18||5.186||-52.523,GID_1754,1,1,1,1,1,1,1,0,VERIFIED_NO_CONFLICT
Guiana||France||2010-10-18||5.225||-52.599,GID_1756,1,1,1,1,1,1,1,0,VERIFIED_NO_CONFLICT
Guiana||France||2010-10-18||5.285||-52.637,GID_1757,1,1,1,1,1,1,1,0,VERIFIED_NO_CONFLICT
Guiana||France||2010-10-19||5.286||-52.725,GID_1758,1,1,1,1,1,1,1,0,VERIFIED_NO_CONFLICT
Guiana||France||2010-10-20||5.214||-52.594,GID_1759,1,1,1,1,1,1,1,0,VERIFIED_NO_CONFLICT
Guiana||France||2010-10-20||5.242||-52.576,GID_1760,1,1,1,1,1,1,1,0,VERIFIED_NO_CONFLICT
Guiana||France||2010-10-20||5.27||-52.556,GID_1761,1,1,1,1,1,1,1,0,VERIFIED_NO_CONFLICT
Guiana||France||2010-10-21||4.909||-52.22,GID_1762,1,1,1,1,1,1,1,0,VERIFIED_NO_CONFLICT
Guiana||France||2010-10-21||4.984||-52.198,GID_1765,1,1,1,1,1,1,1,0,VERIFIED_NO_CONFLICT
Guiana||France||2012-05-28||4.996||-52.245,GID_1853,1,1,1,1,1,1,1,0,VERIFIED_NO_CONFLICT
Guiana||France||2012-05-29||4.814||-52.114,GID_1854,1,1,1,1,1,1,1,0,VERIFIED_NO_CONFLICT
Guiana||France||2012-05-29||nan||nan,GID_1855;GID_1856;GID_1857,1,1,1,1,1,1,1,0,VERIFIED_NO_CONFLICT
Guiana||France||2012-06-02||4.497||-51.94,GID_1867,1,1,1,1,1,1,1,0,VERIFIED_NO_CONFLICT
Guiana||France||2012-06-02||4.574||-51.948,GID_1866,1,1,1,1,1,1,1,0,VERIFIED_NO_CONFLICT
Guiana||France||2012-06-02||4.627||-51.948,GID_1865,1,1,1,1,1,1,1,0,VERIFIED_NO_CONFLICT
Guiana||France||2012-06-02||4.682||-51.951,GID_1864,1,1,1,1,1,1,1,0,VERIFIED_NO_CONFLICT
Guiana||France||2012-06-02||4.716||-51.951,GID_1863,1,1,1,1,1,1,1,0,VERIFIED_NO_CONFLICT
Guiana||France||2012-06-02||4.753||-51.924,GID_1862,1,1,1,1,1,1,1,0,VERIFIED_NO_CONFLICT
Guiana||France||2012-06-02||4.773||-52.032,GID_1860,1,1,1,1,1,1,1,0,VERIFIED_NO_CONFLICT
Guiana||France||2012-06-02||4.791||-51.908,GID_1861,1,1,1,1,1,1,1,0,VERIFIED_NO_CONFLICT
Guiana||France||2012-06-02||nan||nan,GID_1858;GID_1859,1,1,1,1,1,1,1,0,VERIFIED_NO_CONFLICT
Guiana||France||2012-06-03||4.548||-51.743,GID_1874,1,1,1,1,1,1,1,0,VERIFIED_NO_CONFLICT
Guiana||France||2012-06-03||4.565||-51.701,GID_1875,1,1,1,1,1,1,1,0,VERIFIED_NO_CONFLICT
Guiana||France||2012-06-03||4.626||-51.779,GID_1873,1,1,1,1,1,1,1,0,VERIFIED_NO_CONFLICT
Guiana||France||2012-06-03||4.647||-51.756,GID_1872,1,1,1,1,1,1,1,0,VERIFIED_NO_CONFLICT
Guiana||France||2012-06-03||4.667||-51.736,GID_1871,1,1,1,1,1,1,1,0,VERIFIED_NO_CONFLICT
Guiana||France||2012-06-03||4.684||-51.724,GID_1870,1,1,1,1,1,1,1,0,VERIFIED_NO_CONFLICT
Guiana||France||2012-06-03||4.706||-51.821,GID_1869,1,1,1,1,1,1,1,0,VERIFIED_NO_CONFLICT
Guiana||France||2012-06-03||4.751||-51.787,GID_1868,1,1,1,1,1,1,1,0,VERIFIED_NO_CONFLICT
Guiana||France||2012-06-04||4.04||-51.673,GID_1876,1,1,1,1,1,1,1,0,VERIFIED_NO_CONFLICT
Guiana||France||2012-06-04||4.232||-51.624,GID_1878,1,1,1,1,1,1,1,0,VERIFIED_NO_CONFLICT
Guiana||France||2012-06-04||4.543||-51.741,GID_1880,1,1,1,1,1,1,1,0,VERIFIED_NO_CONFLICT
Guiana||France||2012-06-04||4.571||-51.693,GID_1879,1,1,1,1,1,1,1,0,VERIFIED_NO_CONFLICT
Guiana||France||2012-06-04||nan||nan,GID_1877,1,1,1,1,1,1,1,0,VERIFIED_NO_CONFLICT
Guiana||France||2012-06-05||4.752||-52.323,GID_1887,1,1,1,1,1,1,1,0,VERIFIED_NO_CONFLICT
Guiana||France||2012-06-05||4.859||-52.246,GID_1885,1,1,1,1,1,1,1,0,VERIFIED_NO_CONFLICT
Guiana||France||2012-06-05||4.887||-52.218,GID_1884,1,1,1,1,1,1,1,0,VERIFIED_NO_CONFLICT
Guiana||France||2012-06-05||4.915||-52.194,GID_1883,1,1,1,1,1,1,1,0,VERIFIED_NO_CONFLICT
Guiana||France||2012-06-05||4.971||-52.156,GID_1882,1,1,1,1,1,1,1,0,VERIFIED_NO_CONFLICT
Guiana||France||2012-06-05||4.987||-52.143,GID_1881,1,1,1,1,1,1,1,0,VERIFIED_NO_CONFLICT
Guiana||France||2012-06-05||nan||nan,GID_1886,1,1,1,1,1,1,1,0,VERIFIED_NO_CONFLICT
Guiana||France||2014-06-16||nan||nan,GID_1942,1,1,1,1,1,1,1,0,VERIFIED_NO_CONFLICT
Guiana||France||2014-06-17||nan||nan,GID_1943;GID_1944;GID_1945,1,1,1,1,1,1,1,0,VERIFIED_NO_CONFLICT
Guiana||France||2014-06-18||nan||nan,GID_1947;GID_1948;GID_1949;GID_1950;GID_1952;GID_1953;GID_1954;GID_1955;GID_1956,1,1,1,1,1,1,1,0,VERIFIED_NO_CONFLICT
Guiana||France||2014-06-19||nan||nan,GID_1960;GID_1961;GID_1962;GID_1963;GID_1965;GID_1966,1,1,1,1,1,1,1,0,VERIFIED_NO_CONFLICT
Guiana||France||2014-06-21||nan||nan,GID_1975;GID_1976;GID_1977;GID_1978;GID_1979;GID_1980;GID_1981;GID_1982;GID_1983;GID_1984;GID_1985,1,1,1,1,1,1,1,0,VERIFIED_NO_CONFLICT
Guiana||France||2014-09-17||4.848||-52.257,GID_2042,1,1,1,1,1,1,1,0,VERIFIED_NO_CONFLICT
Guiana||France||2014-09-17||4.89||-52.224,GID_2043,1,1,1,1,1,1,1,0,VERIFIED_NO_CONFLICT
Guiana||France||2014-09-17||4.943||-52.182,GID_2044,1,1,1,1,1,1,1,0,VERIFIED_NO_CONFLICT
Guiana||France||2014-09-17||4.986||-52.148,GID_2045,1,1,1,1,1,1,1,0,VERIFIED_NO_CONFLICT
Guiana||France||2014-09-17||5.029||-52.115,GID_2046,1,1,1,1,1,1,1,0,VERIFIED_NO_CONFLICT
Guiana||France||2014-09-17||5.138||-52.03,GID_2047,1,1,1,1,1,1,1,0,VERIFIED_NO_CONFLICT
Guiana||France||2014-10-17||4.848||-52.257,GID_2048,1,1,1,1,1,1,1,0,VERIFIED_NO_CONFLICT
Guiana||France||2014-10-17||4.89||-52.224,GID_2049,1,1,1,1,1,1,1,0,VERIFIED_NO_CONFLICT
Guiana||France||2014-10-17||4.943||-52.182,GID_2050,1,1,1,1,1,1,1,0,VERIFIED_NO_CONFLICT
Guiana||France||2014-10-17||5.029||-52.115,GID_2051,1,1,1,1,1,1,1,0,VERIFIED_NO_CONFLICT
Guiana||France||2014-10-17||5.081||-52.074,GID_2052,1,1,1,1,1,1,1,0,VERIFIED_NO_CONFLICT
Guiana||France||2014-10-17||5.138||-52.03,GID_2053,1,1,1,1,1,1,1,0,VERIFIED_NO_CONFLICT
Guiana||France||2014-12-16||4.848||-52.257,GID_2057,1,1,1,1,1,1,1,0,VERIFIED_NO_CONFLICT
Guiana||France||2014-12-16||4.89||-52.224,GID_2058,1,1,1,1,1,1,1,0,VERIFIED_NO_CONFLICT
Guiana||France||2014-12-16||4.943||-52.182,GID_2059,1,1,1,1,1,1,1,0,VERIFIED_NO_CONFLICT
Guiana||France||2014-12-16||4.986||-52.148,GID_2060,1,1,1,1,1,1,1,0,VERIFIED_NO_CONFLICT
Guiana||France||2014-12-16||5.029||-52.115,GID_2061,1,1,1,1,1,1,1,0,VERIFIED_NO_CONFLICT
Guiana||France||2015-01-16||4.848||-52.257,GID_2062,1,1,1,1,1,1,1,0,VERIFIED_NO_CONFLICT
Guiana||France||2015-01-16||4.89||-52.224,GID_2063,1,1,1,1,1,1,1,0,VERIFIED_NO_CONFLICT
Guiana||France||2015-01-16||4.943||-52.182,GID_2064,1,1,1,1,1,1,1,0,VERIFIED_NO_CONFLICT
Guiana||France||2015-01-16||5.029||-52.115,GID_2065,1,1,1,1,1,1,1,0,VERIFIED_NO_CONFLICT
Guiana||France||2015-03-24||4.89||-52.224,GID_2069,1,1,1,1,1,1,1,0,VERIFIED_NO_CONFLICT
Guiana||France||2015-03-24||4.943||-52.182,GID_2068,1,1,1,1,1,1,1,0,VERIFIED_NO_CONFLICT
Guiana||France||2015-03-24||4.986||-52.148,GID_2067,1,1,1,1,1,1,1,0,VERIFIED_NO_CONFLICT
Guiana||France||2015-03-24||5.029||-52.115,GID_2066,1,1,1,1,1,1,1,0,VERIFIED_NO_CONFLICT
Guiana||France||2015-06-12||4.848||-52.257,GID_2086,1,1,1,1,1,1,1,0,VERIFIED_NO_CONFLICT
Guiana||France||2015-06-12||4.943||-52.182,GID_2087,1,1,1,1,1,1,1,0,VERIFIED_NO_CONFLICT
Guiana||France||2015-06-12||4.986||-52.148,GID_2088,1,1,1,1,1,1,1,0,VERIFIED_NO_CONFLICT
Guiana||France||2015-06-12||5.029||-52.115,GID_2089,1,1,1,1,1,1,1,0,VERIFIED_NO_CONFLICT
Guiana||France||2015-06-12||5.081||-52.074,GID_2090,1,1,1,1,1,1,1,0,VERIFIED_NO_CONFLICT
Guiana||France||2015-07-10||4.848||-52.257,GID_2091,1,1,1,1,1,1,1,0,VERIFIED_NO_CONFLICT
Guiana||France||2015-07-10||4.89||-52.224,GID_2092,1,1,1,1,1,1,1,0,VERIFIED_NO_CONFLICT
Guiana||France||2015-07-10||4.943||-52.182,GID_2093,1,1,1,1,1,1,1,0,VERIFIED_NO_CONFLICT
Guiana||France||2015-07-10||4.986||-52.148,GID_2094,1,1,1,1,1,1,1,0,VERIFIED_NO_CONFLICT
Guiana||France||2015-07-10||5.029||-52.115,GID_2095,1,1,1,1,1,1,1,0,VERIFIED_NO_CONFLICT
Guiana||France||2015-07-10||5.081||-52.074,GID_2096,1,1,1,1,1,1,1,0,VERIFIED_NO_CONFLICT
Guiana||France||2015-07-10||5.138||-52.03,GID_2097,1,1,1,1,1,1,1,0,VERIFIED_NO_CONFLICT
Guiana||France||2015-08-25||4.848||-52.257,GID_2098,1,1,1,1,1,1,1,0,VERIFIED_NO_CONFLICT
Guiana||France||2015-08-25||4.89||-52.224,GID_2099,1,1,1,1,1,1,1,0,VERIFIED_NO_CONFLICT
Guiana||France||2015-08-25||4.943||-52.182,GID_2100,1,1,1,1,1,1,1,0,VERIFIED_NO_CONFLICT
Guiana||France||2015-08-25||4.986||-52.148,GID_2101,1,1,1,1,1,1,1,0,VERIFIED_NO_CONFLICT
Guiana||France||2015-08-25||5.029||-52.115,GID_2102,1,1,1,1,1,1,1,0,VERIFIED_NO_CONFLICT
Guiana||France||2015-08-25||5.081||-52.074,GID_2103,1,1,1,1,1,1,1,0,VERIFIED_NO_CONFLICT
Guiana||France||2015-08-25||5.138||-52.03,GID_2104,1,1,1,1,1,1,1,0,VERIFIED_NO_CONFLICT
Guiana||France||2015-09-17||4.848||-52.257,GID_2111,1,1,1,1,1,1,1,0,VERIFIED_NO_CONFLICT
Guiana||France||2015-09-17||4.89||-52.224,GID_2110,1,1,1,1,1,1,1,0,VERIFIED_NO_CONFLICT
Guiana||France||2015-09-17||4.943||-52.182,GID_2109,1,1,1,1,1,1,1,0,VERIFIED_NO_CONFLICT
Guiana||France||2015-09-17||4.986||-52.148,GID_2108,1,1,1,1,1,1,1,0,VERIFIED_NO_CONFLICT
Guiana||France||2015-09-17||5.029||-52.115,GID_2107,1,1,1,1,1,1,1,0,VERIFIED_NO_CONFLICT
Guiana||France||2015-09-17||5.081||-52.074,GID_2106,1,1,1,1,1,1,1,0,VERIFIED_NO_CONFLICT
Guiana||France||2015-09-17||5.138||-52.03,GID_2105,1,1,1,1,1,1,1,0,VERIFIED_NO_CONFLICT
Guiana||France||2016-06-21||nan||nan,GID_2112,1,1,1,1,1,1,1,0,VERIFIED_NO_CONFLICT
Guiana||France||2016-06-22||4.936||-52.188,GID_2114,1,1,1,1,1,1,1,0,VERIFIED_NO_CONFLICT
Guiana||France||2016-06-22||5.062||-52.112,GID_2113,1,1,1,1,1,1,1,0,VERIFIED_NO_CONFLICT
Guiana||France||2016-06-24||4.745||-52.327,GID_2122,1,1,1,1,1,1,1,0,VERIFIED_NO_CONFLICT
Guiana||France||2016-06-24||4.764||-52.315,GID_2123,1,1,1,1,1,1,1,0,VERIFIED_NO_CONFLICT
Guiana||France||2016-06-24||4.843||-52.287,GID_2124,1,1,1,1,1,1,1,0,VERIFIED_NO_CONFLICT
Guiana||France||2016-06-24||4.848||-52.257,GID_2125,1,1,1,1,1,1,1,0,VERIFIED_NO_CONFLICT
Guiana||France||2016-06-24||4.849||-52.282,GID_2130,1,1,1,1,1,1,1,0,VERIFIED_NO_CONFLICT
Guiana||France||2016-06-24||4.897||-52.214,GID_2127,1,1,1,1,1,1,1,0,VERIFIED_NO_CONFLICT
Guiana||France||2016-06-24||4.89||-52.19,GID_2126,1,1,1,1,1,1,1,0,VERIFIED_NO_CONFLICT
Guiana||France||2016-06-24||4.901||-52.219,GID_2128,1,1,1,1,1,1,1,0,VERIFIED_NO_CONFLICT
Guiana||France||2016-06-24||4.909||-52.228,GID_2129,1,1,1,1,1,1,1,0,VERIFIED_NO_CONFLICT
Guiana||France||2016-10-19||4.905||-52.206,GID_2140,1,1,1,1,1,1,1,0,VERIFIED_NO_CONFLICT
Guiana||France||2016-10-19||4.937||-52.218,GID_2139,1,1,1,1,1,1,1,0,VERIFIED_NO_CONFLICT
Guiana||France||2016-10-19||4.964||-52.15,GID_2133,1,1,1,1,1,1,1,0,VERIFIED_NO_CONFLICT
Guiana||France||2016-10-19||4.967||-52.191,GID_2137,1,1,1,1,1,1,1,0,VERIFIED_NO_CONFLICT
Guiana||France||2016-10-19||4.96||-52.202,GID_2138,1,1,1,1,1,1,1,0,VERIFIED_NO_CONFLICT
Guiana||France||2016-10-19||4.973||-52.172,GID_2136,1,1,1,1,1,1,1,0,VERIFIED_NO_CONFLICT
Guiana||France||2016-10-19||4.976||-52.163,GID_2135,1,1,1,1,1,1,1,0,VERIFIED_NO_CONFLICT
Guiana||France||2016-10-19||5.002||-52.14,GID_2134,1,1,1,1,1,1,1,0,VERIFIED_NO_CONFLICT
Guiana||France||2016-11-04||4.868||-52.136,GID_2143,1,1,1,1,1,1,1,0,VERIFIED_NO_CONFLICT
Guiana||France||2016-11-04||4.871||-52.134,GID_2141,1,1,1,1,1,1,1,0,VERIFIED_NO_CONFLICT
Guiana||France||2016-11-04||4.871||-52.168,GID_2144,1,1,1,1,1,1,1,0,VERIFIED_NO_CONFLICT
Guiana||France||2016-11-04||4.872||-52.129,GID_2142,1,1,1,1,1,1,1,0,VERIFIED_NO_CONFLICT
Guiana||France||2016-11-04||4.874||-52.177,GID_2145,1,1,1,1,1,1,1,0,VERIFIED_NO_CONFLICT
Guiana||France||2016-11-27||4.872||-52.103,GID_2149,1,1,1,1,1,1,1,0,VERIFIED_NO_CONFLICT
Guiana||France||2016-11-27||4.888||-52.218,GID_2150,1,1,1,1,1,1,1,0,VERIFIED_NO_CONFLICT
Guiana||France||2016-11-27||4.928||-52.071,GID_2148,1,1,1,1,1,1,1,0,VERIFIED_NO_CONFLICT
Guiana||France||2016-11-27||4.93||-52.063,GID_2146,1,1,1,1,1,1,1,0,VERIFIED_NO_CONFLICT
Guiana||France||2016-11-27||4.959||-52.033,GID_2147,1,1,1,1,1,1,1,0,VERIFIED_NO_CONFLICT
Guiana||France||2016-11-28||4.943||-52.249,GID_2152,1,1,1,1,1,1,1,0,VERIFIED_NO_CONFLICT
Guiana||France||2016-11-28||4.985||-52.279,GID_2151,1,1,1,1,1,1,1,0,VERIFIED_NO_CONFLICT
Guiana||France||2016-11-29||4.866||-52.236,GID_2158,1,1,1,1,1,1,1,0,VERIFIED_NO_CONFLICT
Guiana||France||2016-11-29||4.897||-52.204,GID_2157,1,1,1,1,1,1,1,0,VERIFIED_NO_CONFLICT
Guiana||France||2016-11-29||4.912||-52.212,GID_2156,1,1,1,1,1,1,1,0,VERIFIED_NO_CONFLICT
Guiana||France||2016-11-29||4.946||-52.219,GID_2155,1,1,1,1,1,1,1,0,VERIFIED_NO_CONFLICT
Guiana||France||2016-11-29||4.961||-52.191,GID_2154,1,1,1,1,1,1,1,0,VERIFIED_NO_CONFLICT
Guiana||France||2016-11-29||4.96||-52.158,GID_2153,1,1,1,1,1,1,1,0,VERIFIED_NO_CONFLICT
Guiana||France||2016-12-01||4.878||-52.19,GID_2160,1,1,1,1,1,1,1,0,VERIFIED_NO_CONFLICT
Guiana||France||2016-12-01||4.89||-52.209,GID_2161,1,1,1,1,1,1,1,0,VERIFIED_NO_CONFLICT
Guiana||France||2016-12-01||4.904||-52.195,GID_2163,1,1,1,1,1,1,1,0,VERIFIED_NO_CONFLICT
Guiana||France||2016-12-01||4.904||-52.212,GID_2162,1,1,1,1,1,1,1,0,VERIFIED_NO_CONFLICT
Guiana||France||2016-12-01||4.92||-52.127,GID_2159,1,1,1,1,1,1,1,0,VERIFIED_NO_CONFLICT
Guiana||France||2016-12-02||4.849||-52.268,GID_2164,1,1,1,1,1,1,1,0,VERIFIED_NO_CONFLICT
Guiana||France||2016-12-02||4.854||-52.246,GID_2169,1,1,1,1,1,1,1,0,VERIFIED_NO_CONFLICT
Guiana||France||2016-12-02||4.882||-52.176,GID_2165,1,1,1,1,1,1,1,0,VERIFIED_NO_CONFLICT
Guiana||France||2016-12-02||4.888||-52.211,GID_2168,1,1,1,1,1,1,1,0,VERIFIED_NO_CONFLICT
Guiana||France||2016-12-02||4.889||-52.193,GID_2167,1,1,1,1,1,1,1,0,VERIFIED_NO_CONFLICT
Guiana||France||2016-12-02||4.906||-52.199,GID_2166,1,1,1,1,1,1,1,0,VERIFIED_NO_CONFLICT
Guiana||France||2017-07-01||5.078||-52.058,GID_2197,1,1,1,1,1,1,1,0,VERIFIED_NO_CONFLICT
Guiana||France||2017-07-01||5.172||-52.023,GID_2198,1,1,1,1,1,1,1,0,VERIFIED_NO_CONFLICT
Guiana||France||2017-07-02||4.85||-52.257,GID_2202,1,1,1,1,1,1,1,0,VERIFIED_NO_CONFLICT
Guiana||France||2017-07-02||4.933||-52.175,GID_2201,1,1,1,1,1,1,1,0,VERIFIED_NO_CONFLICT
Guiana||France||2017-07-02||nan||nan,GID_2200,1,1,1,1,1,1,1,0,VERIFIED_NO_CONFLICT
Guiana||France||2017-07-03||4.848||-52.264,GID_2203,1,1,1,1,1,1,1,0,VERIFIED_NO_CONFLICT
Guiana||France||2017-07-03||4.888||-52.232,GID_2204,1,1,1,1,1,1,1,0,VERIFIED_NO_CONFLICT
Guiana||France||2017-07-05||5.027||-52.303,GID_2205,1,1,1,1,1,1,1,0,VERIFIED_NO_CONFLICT
Guiana||France||2017-07-06||4.992||-52.315,GID_2209,1,1,1,1,1,1,1,0,VERIFIED_NO_CONFLICT
Guiana||France||2017-07-06||5.009||-52.199,GID_2207,1,1,1,1,1,1,1,0,VERIFIED_NO_CONFLICT
Guiana||France||2017-07-06||5.034||-52.135,GID_2206,1,1,1,1,1,1,1,0,VERIFIED_NO_CONFLICT
Guiana||France||2017-07-06||5.048||-52.306,GID_2208,1,1,1,1,1,1,1,0,VERIFIED_NO_CONFLICT
Guiana||France||2017-11-07||4.765||-52.026,GID_2212,1,1,1,1,1,1,1,0,VERIFIED_NO_CONFLICT
Guiana||France||2017-11-07||4.898||-52.217,GID_2215,1,1,1,1,1,1,1,0,VERIFIED_NO_CONFLICT
Guiana||France||2017-11-07||4.972||-52.165,GID_2214,1,1,1,1,1,1,1,0,VERIFIED_NO_CONFLICT
Guiana||France||2017-11-07||5.047||-52.108,GID_2213,1,1,1,1,1,1,1,0,VERIFIED_NO_CONFLICT
Guiana||France||2017-11-08||5.142||-52.375,GID_2216,1,1,1,1,1,1,1,0,VERIFIED_NO_CONFLICT
Guiana||France||2017-11-08||5.214||-52.607,GID_2217,1,1,1,1,1,1,1,0,VERIFIED_NO_CONFLICT
Guiana||France||2017-11-09||5.338||-52.788,GID_2218,1,1,1,1,1,1,1,0,VERIFIED_NO_CONFLICT
Guiana||France||2017-11-09||5.468||-52.962,GID_2219,1,1,1,1,1,1,1,0,VERIFIED_NO_CONFLICT
Guiana||France||2017-11-09||5.496||-53.025,GID_2221,1,1,1,1,1,1,1,0,VERIFIED_NO_CONFLICT
Guiana||France||2017-11-09||5.497||-52.944,GID_2220,1,1,1,1,1,1,1,0,VERIFIED_NO_CONFLICT
"Gulf of Mexcio, FL||United States of America (the)||2011-07-07||26.703||-82.283",GID_4889,1,1,1,1,1,1,1,0,VERIFIED_NO_CONFLICT
"Gulf of Mexcio, FL||United States of America (the)||2011-07-07||26.736||-82.193",GID_4886,1,1,1,1,1,1,1,0,VERIFIED_NO_CONFLICT
"Gulf of Mexcio, FL||United States of America (the)||2013-05-25||37.755||-77.901",GID_4500,1,1,1,1,1,1,1,0,VERIFIED_NO_CONFLICT
"Gulf of Mexico, TX||United States of America (the)||2008-07-14||27.844||-97.038",GID_5103,1,1,1,1,1,1,1,0,VERIFIED_NO_CONFLICT
Gulf of Tonkin||Viet Nam||2011-11-07||20.881||107.022,GID_1767,1,1,1,1,1,1,1,0,VERIFIED_NO_CONFLICT
Gulf of Tonkin||Viet Nam||2011-11-07||20.903||107.032,GID_1766,1,1,1,1,1,1,1,0,VERIFIED_NO_CONFLICT
Gulf of Tonkin||Viet Nam||2011-11-08||20.834||107.071,GID_1769,1,1,1,1,1,1,1,0,VERIFIED_NO_CONFLICT
Gulf of Tonkin||Viet Nam||2011-11-08||20.835||107.054,GID_1770,1,1,1,1,1,1,1,0,VERIFIED_NO_CONFLICT
Gulf of Tonkin||Viet Nam||2011-11-08||20.855||107.063,GID_1768,1,1,1,1,1,1,1,0,VERIFIED_NO_CONFLICT
Gulf of Tonkin||Viet Nam||2011-11-08||20.888||107.045,GID_1771,1,1,1,1,1,1,1,0,VERIFIED_NO_CONFLICT
Gulf of Tonkin||Viet Nam||2011-11-09||20.815||107.133,GID_1773,1,1,1,1,1,1,1,0,VERIFIED_NO_CONFLICT
Gulf of Tonkin||Viet Nam||2011-11-09||20.816||107.103,GID_1772,1,1,1,1,1,1,1,0,VERIFIED_NO_CONFLICT
Gulf of Tonkin||Viet Nam||2011-11-09||20.824||107.084,GID_1774,1,1,1,1,1,1,1,0,VERIFIED_NO_CONFLICT
Gulf of Tonkin||Viet Nam||2011-11-09||20.834||107.063,GID_1775,1,1,1,1,1,1,1,0,VERIFIED_NO_CONFLICT
Gulf of Tonkin||Viet Nam||2011-11-09||20.859||107.041,GID_1776,1,1,1,1,1,1,1,0,VERIFIED_NO_CONFLICT
Gulf of Tonkin||Viet Nam||2011-11-10||20.944||107.072,GID_1777,1,1,1,1,1,1,1,0,VERIFIED_NO_CONFLICT
Gulf of Tonkin||Viet Nam||2011-11-10||20.952||107.054,GID_1779,1,1,1,1,1,1,1,0,VERIFIED_NO_CONFLICT
Gulf of Tonkin||Viet Nam||2011-11-10||20.97||107.07,GID_1778,1,1,1,1,1,1,1,0,VERIFIED_NO_CONFLICT
Gulf of Tonkin||Viet Nam||2011-11-12||20.201||106.642,GID_1784,1,1,1,1,1,1,1,0,VERIFIED_NO_CONFLICT
Gulf of Tonkin||Viet Nam||2011-11-12||20.231||106.628,GID_1785,1,1,1,1,1,1,1,0,VERIFIED_NO_CONFLICT
Gulf of Tonkin||Viet Nam||2011-11-12||20.241||106.656,GID_1783,1,1,1,1,1,1,1,0,VERIFIED_NO_CONFLICT
Gulf of Tonkin||Viet Nam||2011-11-12||20.315||106.68,GID_1782,1,1,1,1,1,1,1,0,VERIFIED_NO_CONFLICT
Gulf of Tonkin||Viet Nam||2011-11-12||20.386||106.708,GID_1781,1,1,1,1,1,1,1,0,VERIFIED_NO_CONFLICT
Gulf of Tonkin||Viet Nam||2011-11-12||20.594||107.006,GID_1780,1,1,1,1,1,1,1,0,VERIFIED_NO_CONFLICT
Gulf of Tonkin||Viet Nam||2011-11-14||20.711||106.87,GID_1789,1,1,1,1,1,1,1,0,VERIFIED_NO_CONFLICT
Gulf of Tonkin||Viet Nam||2011-11-14||20.727||106.813,GID_1787,1,1,1,1,1,1,1,0,VERIFIED_NO_CONFLICT
Gulf of Tonkin||Viet Nam||2011-11-14||20.731||106.906,GID_1788,1,1,1,1,1,1,1,0,VERIFIED_NO_CONFLICT
Gulf of Tonkin||Viet Nam||2011-11-14||20.7||106.832,GID_1786,1,1,1,1,1,1,1,0,VERIFIED_NO_CONFLICT
Gulf of Tonkin||Viet Nam||2011-11-15||20.763||106.857,GID_1790,1,1,1,1,1,1,1,0,VERIFIED_NO_CONFLICT
Gulf of Tonkin||Viet Nam||2011-11-15||20.781||106.848,GID_1791,1,1,1,1,1,1,1,0,VERIFIED_NO_CONFLICT
Gulf of Tonkin||Viet Nam||2011-11-15||20.81||106.838,GID_1792,1,1,1,1,1,1,1,0,VERIFIED_NO_CONFLICT
Gulf of Tonkin||Viet Nam||2012-10-15||20.857||107.052,GID_1889,1,1,1,1,1,1,1,0,VERIFIED_NO_CONFLICT
Gulf of Tonkin||Viet Nam||2012-10-15||20.902||107.059,GID_1888,1,1,1,1,1,1,1,0,VERIFIED_NO_CONFLICT
Gulf of Tonkin||Viet Nam||2012-10-16||20.762||107.146,GID_1890,1,1,1,1,1,1,1,0,VERIFIED_NO_CONFLICT
Gulf of Tonkin||Viet Nam||2012-10-16||20.781||107.171,GID_1891,1,1,1,1,1,1,1,0,VERIFIED_NO_CONFLICT
Gulf of Tonkin||Viet Nam||2012-10-16||20.833||107.136,GID_1893,1,1,1,1,1,1,1,0,VERIFIED_NO_CONFLICT
Gulf of Tonkin||Viet Nam||2012-10-16||20.844||107.193,GID_1892,1,1,1,1,1,1,1,0,VERIFIED_NO_CONFLICT
Gulf of Tonkin||Viet Nam||2012-10-16||20.898||107.129,GID_1894,1,1,1,1,1,1,1,0,VERIFIED_NO_CONFLICT
Gulf of Tonkin||Viet Nam||2012-10-17||20.845||107.242,GID_1897,1,1,1,1,1,1,1,0,VERIFIED_NO_CONFLICT
Gulf of Tonkin||Viet Nam||2012-10-17||20.894||107.172,GID_1896,1,1,1,1,1,1,1,0,VERIFIED_NO_CONFLICT
Gulf of Tonkin||Viet Nam||2012-10-17||20.91||107.258,GID_1898,1,1,1,1,1,1,1,0,VERIFIED_NO_CONFLICT
Gulf of Tonkin||Viet Nam||2012-10-17||20.932||107.176,GID_1895,1,1,1,1,1,1,1,0,VERIFIED_NO_CONFLICT
Gulf of Tonkin||Viet Nam||2012-10-17||20.976||107.281,GID_1899,1,1,1,1,1,1,1,0,VERIFIED_NO_CONFLICT
Gulf of Tonkin||Viet Nam||2012-10-18||20.976||107.281,GID_1900;GID_1901,1,1,1,1,1,1,1,0,VERIFIED_NO_CONFLICT
Gulf of Tonkin||Viet Nam||2013-05-15||20.845||107.242,GID_1904,1,1,1,1,1,1,1,0,VERIFIED_NO_CONFLICT
Gulf of Tonkin||Viet Nam||2013-05-15||20.894||107.172,GID_1903,1,1,1,1,1,1,1,0,VERIFIED_NO_CONFLICT
Gulf of Tonkin||Viet Nam||2013-05-15||20.91||107.258,GID_1905,1,1,1,1,1,1,1,0,VERIFIED_NO_CONFLICT
Gulf of Tonkin||Viet Nam||2013-05-15||20.932||107.176,GID_1902,1,1,1,1,1,1,1,0,VERIFIED_NO_CONFLICT
Gulf of Tonkin||Viet Nam||2013-05-15||20.976||107.281,GID_1906,1,1,1,1,1,1,1,0,VERIFIED_NO_CONFLICT
Gulf of Tonkin||Viet Nam||2013-05-16||20.976||107.281,GID_1907;GID_1908,1,1,1,1,1,1,1,0,VERIFIED_NO_CONFLICT
Gulf of Tonkin||Viet Nam||2013-05-17||20.781||107.171,GID_1909,1,1,1,1,1,1,1,0,VERIFIED_NO_CONFLICT
Gulf of Tonkin||Viet Nam||2013-05-18||20.966||107.065,GID_1910;GID_1911,1,1,1,1,1,1,1,0,VERIFIED_NO_CONFLICT
Gulf of Tonkin||Viet Nam||2013-05-19||20.966||107.065,GID_1912,1,1,1,1,1,1,1,0,VERIFIED_NO_CONFLICT
Gulf of Tonkin||Viet Nam||2013-06-29||20.812||106.837,GID_1913,1,1,1,1,1,1,1,0,VERIFIED_NO_CONFLICT
Gulf of Tonkin||Viet Nam||2013-06-29||20.832||106.82,GID_1914,1,1,1,1,1,1,1,0,VERIFIED_NO_CONFLICT
Gulf of Tonkin||Viet Nam||2013-06-29||20.835||106.79,GID_1915,1,1,1,1,1,1,1,0,VERIFIED_NO_CONFLICT
Gulf of Tonkin||Viet Nam||2013-06-30||20.835||106.79,GID_1916;GID_1923,1,1,1,1,1,1,1,0,VERIFIED_NO_CONFLICT
Gulf of Tonkin||Viet Nam||2013-06-30||20.855||106.762,GID_1917,1,1,1,1,1,1,1,0,VERIFIED_NO_CONFLICT
Gulf of Tonkin||Viet Nam||2013-06-30||20.858||106.739,GID_1922,1,1,1,1,1,1,1,0,VERIFIED_NO_CONFLICT
Gulf of Tonkin||Viet Nam||2013-06-30||20.85||106.757,GID_1920;GID_1921,1,1,1,1,1,1,1,0,VERIFIED_NO_CONFLICT
Gulf of Tonkin||Viet Nam||2013-06-30||20.864||106.757,GID_1918,1,1,1,1,1,1,1,0,VERIFIED_NO_CONFLICT
Gulf of Tonkin||Viet Nam||2013-06-30||20.881||106.753,GID_1919,1,1,1,1,1,1,1,0,VERIFIED_NO_CONFLICT
Gulf of Tonkin||Viet Nam||2013-07-01||20.814||106.909,GID_1925,1,1,1,1,1,1,1,0,VERIFIED_NO_CONFLICT
Gulf of Tonkin||Viet Nam||2013-07-01||20.815||106.842,GID_1928,1,1,1,1,1,1,1,0,VERIFIED_NO_CONFLICT
Gulf of Tonkin||Viet Nam||2013-07-01||20.819||106.877,GID_1927,1,1,1,1,1,1,1,0,VERIFIED_NO_CONFLICT
Gulf of Tonkin||Viet Nam||2013-07-01||20.821||106.89,GID_1926,1,1,1,1,1,1,1,0,VERIFIED_NO_CONFLICT
Gulf of Tonkin||Viet Nam||2013-07-01||20.822||106.828,GID_1929,1,1,1,1,1,1,1,0,VERIFIED_NO_CONFLICT
Gulf of Tonkin||Viet Nam||2013-07-01||20.82||106.906,GID_1924,1,1,1,1,1,1,1,0,VERIFIED_NO_CONFLICT
Gulf of Tonkin||Viet Nam||2013-07-05||20.791||106.916,GID_1930,1,1,1,1,1,1,1,0,VERIFIED_NO_CONFLICT
Gulf of Tonkin||Viet Nam||2013-07-05||20.814||106.9,GID_1931,1,1,1,1,1,1,1,0,VERIFIED_NO_CONFLICT
Gulf of Tonkin||Viet Nam||2013-07-05||20.832||106.896,GID_1932,1,1,1,1,1,1,1,0,VERIFIED_NO_CONFLICT
Gulf of Tonkin||Viet Nam||2013-07-05||20.856||106.92,GID_1933,1,1,1,1,1,1,1,0,VERIFIED_NO_CONFLICT
Gulf of Tonkin||Viet Nam||2013-07-06||20.825||106.828,GID_1940,1,1,1,1,1,1,1,0,VERIFIED_NO_CONFLICT
Gulf of Tonkin||Viet Nam||2013-07-06||20.834||106.896,GID_1938;GID_1939,1,1,1,1,1,1,1,0,VERIFIED_NO_CONFLICT
Gulf of Tonkin||Viet Nam||2013-07-06||20.848||107.068,GID_1934,1,1,1,1,1,1,1,0,VERIFIED_NO_CONFLICT
Gulf of Tonkin||Viet Nam||2013-07-06||20.859||106.756,GID_1941,1,1,1,1,1,1,1,0,VERIFIED_NO_CONFLICT
Gulf of Tonkin||Viet Nam||2013-07-06||20.876||107.068,GID_1935,1,1,1,1,1,1,1,0,VERIFIED_NO_CONFLICT
Gulf of Tonkin||Viet Nam||2013-07-06||20.887||107.029,GID_1936,1,1,1,1,1,1,1,0,VERIFIED_NO_CONFLICT
Gulf of Tonkin||Viet Nam||2013-07-06||20.898||106.977,GID_1937,1,1,1,1,1,1,1,0,VERIFIED_NO_CONFLICT
Gulf of Tonkin||Viet Nam||2014-07-05||20.79||106.922,GID_2014,1,1,1,1,1,1,1,0,VERIFIED_NO_CONFLICT
Gulf of Tonkin||Viet Nam||2014-07-05||20.816||106.903,GID_2013,1,1,1,1,1,1,1,0,VERIFIED_NO_CONFLICT
Gulf of Tonkin||Viet Nam||2014-07-06||20.412||106.956,GID_2019,1,1,1,1,1,1,1,0,VERIFIED_NO_CONFLICT
Gulf of Tonkin||Viet Nam||2014-07-06||20.478||106.9,GID_2018,1,1,1,1,1,1,1,0,VERIFIED_NO_CONFLICT
Gulf of Tonkin||Viet Nam||2014-07-06||20.541||106.843,GID_2017,1,1,1,1,1,1,1,0,VERIFIED_NO_CONFLICT
Gulf of Tonkin||Viet Nam||2014-07-06||20.57||106.818,GID_2016,1,1,1,1,1,1,1,0,VERIFIED_NO_CONFLICT
Gulf of Tonkin||Viet Nam||2014-07-06||20.598||106.807,GID_2015,1,1,1,1,1,1,1,0,VERIFIED_NO_CONFLICT
Gulf of Tonkin||Viet Nam||2014-07-07||20.216||106.638,GID_2023,1,1,1,1,1,1,1,0,VERIFIED_NO_CONFLICT
Gulf of Tonkin||Viet Nam||2014-07-07||20.216||106.673,GID_2022,1,1,1,1,1,1,1,0,VERIFIED_NO_CONFLICT
Gulf of Tonkin||Viet Nam||2014-07-07||20.255||106.646,GID_2024,1,1,1,1,1,1,1,0,VERIFIED_NO_CONFLICT
Gulf of Tonkin||Viet Nam||2014-07-08||20.436||106.76,GID_2026,1,1,1,1,1,1,1,0,VERIFIED_NO_CONFLICT
Gulf of Tonkin||Viet Nam||2014-07-08||20.475||106.798,GID_2027,1,1,1,1,1,1,1,0,VERIFIED_NO_CONFLICT
Gulf of Tonkin||Viet Nam||2014-07-08||20.49||106.848,GID_2028,1,1,1,1,1,1,1,0,VERIFIED_NO_CONFLICT
Gulf of Tonkin||Viet Nam||2014-07-09||20.573||106.996,GID_2030,1,1,1,1,1,1,1,0,VERIFIED_NO_CONFLICT
Gulf of Tonkin||Viet Nam||2014-07-09||20.574||106.958,GID_2029,1,1,1,1,1,1,1,0,VERIFIED_NO_CONFLICT
Gulf of Tonkin||Viet Nam||2014-07-09||20.61||107.091,GID_2031,1,1,1,1,1,1,1,0,VERIFIED_NO_CONFLICT
Gulf of Tonkin||Viet Nam||2014-07-10||20.78||107.182,GID_2032,1,1,1,1,1,1,1,0,VERIFIED_NO_CONFLICT
Gulf of Tonkin||Viet Nam||2014-07-10||20.817||107.133,GID_2033,1,1,1,1,1,1,1,0,VERIFIED_NO_CONFLICT
Gulf of Tonkin||Viet Nam||2014-07-10||20.848||107.107,GID_2034,1,1,1,1,1,1,1,0,VERIFIED_NO_CONFLICT
Gulf of Tonkin||Viet Nam||2014-07-10||20.872||107.089,GID_2035,1,1,1,1,1,1,1,0,VERIFIED_NO_CONFLICT
Gulf of Tonkin||Viet Nam||2014-07-12||20.793||106.919,GID_2036,1,1,1,1,1,1,1,0,VERIFIED_NO_CONFLICT
"Ha Long Bay, Quang Ninh Province||Viet Nam||2017-05-28||20.859||107.119",GID_3321,1,1,1,1,1,1,1,0,VERIFIED_NO_CONFLICT
"Ha Long Bay, Quang Ninh Province||Viet Nam||2017-05-28||20.859||107.166",GID_3330,1,1,1,1,1,1,1,0,VERIFIED_NO_CONFLICT
"Ha Long Bay, Quang Ninh Province||Viet Nam||2017-05-28||20.873||107.094",GID_3320,1,1,1,1,1,1,1,0,VERIFIED_NO_CONFLICT
"Ha Long Bay, Quang Ninh Province||Viet Nam||2017-05-28||20.883||107.152",GID_3322,1,1,1,1,1,1,1,0,VERIFIED_NO_CONFLICT
"Ha Long Bay, Quang Ninh Province||Viet Nam||2017-05-28||20.885||107.067",GID_3319,1,1,1,1,1,1,1,0,VERIFIED_NO_CONFLICT
"Ha Long Bay, Quang Ninh Province||Viet Nam||2017-05-28||20.892||107.036",GID_3318,1,1,1,1,1,1,1,0,VERIFIED_NO_CONFLICT
"Ha Long Bay, Quang Ninh Province||Viet Nam||2017-05-28||20.906||107.191",GID_3329,1,1,1,1,1,1,1,0,VERIFIED_NO_CONFLICT
"Ha Long Bay, Quang Ninh Province||Viet Nam||2017-05-28||20.913||107.139",GID_3316;GID_3317,1,1,1,1,1,1,1,0,VERIFIED_NO_CONFLICT
"Ha Long Bay, Quang Ninh Province||Viet Nam||2017-05-28||20.914||106.998",GID_3312,1,1,1,1,1,1,1,0,VERIFIED_NO_CONFLICT
"Ha Long Bay, Quang Ninh Province||Viet Nam||2017-05-28||20.914||107.036",GID_3313,1,1,1,1,1,1,1,0,VERIFIED_NO_CONFLICT
"Ha Long Bay, Quang Ninh Province||Viet Nam||2017-05-28||20.914||107.069",GID_3314,1,1,1,1,1,1,1,0,VERIFIED_NO_CONFLICT
"Ha Long Bay, Quang Ninh Province||Viet Nam||2017-05-28||20.914||107.106",GID_3315,1,1,1,1,1,1,1,0,VERIFIED_NO_CONFLICT
"Ha Long Bay, Quang Ninh Province||Viet Nam||2017-05-28||20.923||107.168",GID_3328,1,1,1,1,1,1,1,0,VERIFIED_NO_CONFLICT
"Ha Long Bay, Quang Ninh Province||Viet Nam||2017-05-28||20.926||107.123",GID_3326,1,1,1,1,1,1,1,0,VERIFIED_NO_CONFLICT
"Ha Long Bay, Quang Ninh Province||Viet Nam||2017-05-28||20.931||107.051",GID_3324,1,1,1,1,1,1,1,0,VERIFIED_NO_CONFLICT
"Ha Long Bay, Quang Ninh Province||Viet Nam||2017-05-28||20.932||107.088",GID_3325,1,1,1,1,1,1,1,0,VERIFIED_NO_CONFLICT
"Ha Long Bay, Quang Ninh Province||Viet Nam||2017-05-28||20.934||107.017",GID_3323,1,1,1,1,1,1,1,0,VERIFIED_NO_CONFLICT
"Ha Long Bay, Quang Ninh Province||Viet Nam||2017-05-28||20.945||107.049",GID_3331,1,1,1,1,1,1,1,0,VERIFIED_NO_CONFLICT
"Ha Long Bay, Quang Ninh Province||Viet Nam||2017-05-28||20.954||107.063",GID_3327,1,1,1,1,1,1,1,0,VERIFIED_NO_CONFLICT
Haringvliet||Netherlands (the)||2013-08-29||51.822||4.04,GID_7265,1,1,1,1,1,1,1,0,VERIFIED_NO_CONFLICT
Hartbeespoort||South Africa||2010-10-09||-25.748||27.864,GID_7399,1,1,1,1,1,1,1,0,VERIFIED_NO_CONFLICT
Hartbeespoort||South Africa||2010-10-09||-25.755||27.836,GID_7392,1,1,1,1,1,1,1,0,VERIFIED_NO_CONFLICT
Hartbeespoort||South Africa||2010-10-11||-25.748||27.864,GID_7400,1,1,1,1,1,1,1,0,VERIFIED_NO_CONFLICT
Hartbeespoort||South Africa||2010-10-11||-25.755||27.836,GID_7393,1,1,1,1,1,1,1,0,VERIFIED_NO_CONFLICT
Hartbeespoort||South Africa||2010-10-12||-25.748||27.864,GID_7401,1,1,1,1,1,1,1,0,VERIFIED_NO_CONFLICT
Hartbeespoort||South Africa||2010-10-12||-25.755||27.836,GID_7394,1,1,1,1,1,1,1,0,VERIFIED_NO_CONFLICT
Hartbeespoort||South Africa||2010-10-15||-25.748||27.864,GID_7402,1,1,1,1,1,1,1,0,VERIFIED_NO_CONFLICT
Hartbeespoort||South Africa||2010-10-15||-25.755||27.836,GID_7395,1,1,1,1,1,1,1,0,VERIFIED_NO_CONFLICT
Hartbeespoort||South Africa||2010-10-18||-25.748||27.864,GID_7403,1,1,1,1,1,1,1,0,VERIFIED_NO_CONFLICT
Hartbeespoort||South Africa||2010-10-18||-25.755||27.836,GID_7396,1,1,1,1,1,1,1,0,VERIFIED_NO_CONFLICT
Hartbeespoort||South Africa||2010-10-19||-25.748||27.864,GID_7404,1,1,1,1,1,1,1,0,VERIFIED_NO_CONFLICT
Hartbeespoort||South Africa||2010-10-20||-25.748||27.864,GID_7405,1,1,1,1,1,1,1,0,VERIFIED_NO_CONFLICT
Hartbeespoort||South Africa||2010-10-20||-25.755||27.836,GID_7397,1,1,1,1,1,1,1,0,VERIFIED_NO_CONFLICT
Hartbeespoort||South Africa||2010-10-21||-25.748||27.864,GID_7406,1,1,1,1,1,1,1,0,VERIFIED_NO_CONFLICT
Hartbeespoort||South Africa||2010-10-21||-25.755||27.836,GID_7398,1,1,1,1,1,1,1,0,VERIFIED_NO_CONFLICT
Hartbeespoort||South Africa||2017-03-29||-25.755||27.836,GID_7377,1,1,1,1,1,1,1,0,VERIFIED_NO_CONFLICT
Hauroko||New Zealand||2020-02-07||-45.997||167.33,GID_2436,1,1,1,1,1,1,1,0,VERIFIED_NO_CONFLICT
Hawke Bay||New Zealand||2020-11-17||-39.125||177.198,GID_2493,1,1,1,1,1,1,1,0,VERIFIED_NO_CONFLICT
Hawke Bay||New Zealand||2020-11-17||-39.125||177.199,GID_2492,1,1,1,1,1,1,1,0,VERIFIED_NO_CONFLICT
Hawke Bay||New Zealand||2020-11-17||-39.131||177.2,GID_2491,1,1,1,1,1,1,1,0,VERIFIED_NO_CONFLICT
Hawke Bay||New Zealand||2020-11-17||-39.134||177.202,GID_2490,1,1,1,1,1,1,1,0,VERIFIED_NO_CONFLICT
Hawke Bay||New Zealand||2020-11-17||-39.565||176.937,GID_2496,1,1,1,1,1,1,1,0,VERIFIED_NO_CONFLICT
Hawke Bay||New Zealand||2020-11-17||-39.565||176.94,GID_2497,1,1,1,1,1,1,1,0,VERIFIED_NO_CONFLICT
Hawke Bay||New Zealand||2020-11-17||-39.567||176.935,GID_2495,1,1,1,1,1,1,1,0,VERIFIED_NO_CONFLICT
Hawke Bay||New Zealand||2020-11-17||-39.568||176.932,GID_2494,1,1,1,1,1,1,1,0,VERIFIED_NO_CONFLICT
Hawke Bay||New Zealand||2020-11-17||-39.592||176.955,GID_2501,1,1,1,1,1,1,1,0,VERIFIED_NO_CONFLICT
Hawke Bay||New Zealand||2020-11-17||-39.592||176.958,GID_2502,1,1,1,1,1,1,1,0,VERIFIED_NO_CONFLICT
Hawke Bay||New Zealand||2020-11-17||-39.592||176.961,GID_2503,1,1,1,1,1,1,1,0,VERIFIED_NO_CONFLICT
Hawke Bay||New Zealand||2020-11-17||-39.592||176.964,GID_2504,1,1,1,1,1,1,1,0,VERIFIED_NO_CONFLICT
Hawke Bay||New Zealand||2020-11-17||-39.593||176.945,GID_2498,1,1,1,1,1,1,1,0,VERIFIED_NO_CONFLICT
Hawke Bay||New Zealand||2020-11-17||-39.593||176.948,GID_2499,1,1,1,1,1,1,1,0,VERIFIED_NO_CONFLICT
Hawke Bay||New Zealand||2020-11-17||-39.593||176.952,GID_2500,1,1,1,1,1,1,1,0,VERIFIED_NO_CONFLICT
Hawke Bay||New Zealand||2021-01-11||-39.061||177.751,GID_2507,1,1,1,1,1,1,1,0,VERIFIED_NO_CONFLICT
Hawke Bay||New Zealand||2021-01-11||-39.068||177.836,GID_2508,1,1,1,1,1,1,1,0,VERIFIED_NO_CONFLICT
Hawke Bay||New Zealand||2021-01-11||-39.071||177.433,GID_2506,1,1,1,1,1,1,1,0,VERIFIED_NO_CONFLICT
Hawke Bay||New Zealand||2021-01-11||-39.118||177.236,GID_2505,1,1,1,1,1,1,1,0,VERIFIED_NO_CONFLICT
Hawke Bay||New Zealand||2021-09-15||-39.071||177.433,GID_2512,1,1,1,1,1,1,1,0,VERIFIED_NO_CONFLICT
Hawke Bay||New Zealand||2021-09-15||-39.118||177.236,GID_2511,1,1,1,1,1,1,1,0,VERIFIED_NO_CONFLICT
Hawke Bay||New Zealand||2021-09-15||-39.383||176.954,GID_2510,1,1,1,1,1,1,1,0,VERIFIED_NO_CONFLICT
Hawke Bay||New Zealand||2021-09-15||-39.472||176.89,GID_2509,1,1,1,1,1,1,1,0,VERIFIED_NO_CONFLICT
Hawke Bay||New Zealand||2021-09-15||-39.484||176.931,GID_2514,1,1,1,1,1,1,1,0,VERIFIED_NO_CONFLICT
Hawke Bay||New Zealand||2021-09-15||-39.565||176.94,GID_2513,1,1,1,1,1,1,1,0,VERIFIED_NO_CONFLICT
Hawke Bay||New Zealand||2021-09-20||-39.075||177.404,GID_2521,1,1,1,1,1,1,1,0,VERIFIED_NO_CONFLICT
Hawke Bay||New Zealand||2021-09-20||-39.079||177.404,GID_2522,1,1,1,1,1,1,1,0,VERIFIED_NO_CONFLICT
Hawke Bay||New Zealand||2021-09-20||-39.084||177.396,GID_2523,1,1,1,1,1,1,1,0,VERIFIED_NO_CONFLICT
Hawke Bay||New Zealand||2021-09-20||-39.087||177.395,GID_2524,1,1,1,1,1,1,1,0,VERIFIED_NO_CONFLICT
Hawke Bay||New Zealand||2021-09-20||-39.091||177.395,GID_2525,1,1,1,1,1,1,1,0,VERIFIED_NO_CONFLICT
Hawke Bay||New Zealand||2021-09-20||-39.096||177.394,GID_2526,1,1,1,1,1,1,1,0,VERIFIED_NO_CONFLICT
Hawke Bay||New Zealand||2021-09-20||-39.105||177.392,GID_2527,1,1,1,1,1,1,1,0,VERIFIED_NO_CONFLICT
Hawke Bay||New Zealand||2021-09-20||-39.134||177.189,GID_2516,1,1,1,1,1,1,1,0,VERIFIED_NO_CONFLICT
Hawke Bay||New Zealand||2021-09-20||-39.136||177.187,GID_2517,1,1,1,1,1,1,1,0,VERIFIED_NO_CONFLICT
Hawke Bay||New Zealand||2021-09-20||-39.13||177.191,GID_2515,1,1,1,1,1,1,1,0,VERIFIED_NO_CONFLICT
Hawke Bay||New Zealand||2021-09-20||-39.144||177.194,GID_2519,1,1,1,1,1,1,1,0,VERIFIED_NO_CONFLICT
Hawke Bay||New Zealand||2021-09-20||-39.14||177.19,GID_2518,1,1,1,1,1,1,1,0,VERIFIED_NO_CONFLICT
Hawke Bay||New Zealand||2021-09-20||-39.151||177.2,GID_2520,1,1,1,1,1,1,1,0,VERIFIED_NO_CONFLICT
Hawke Bay||New Zealand||2021-09-20||-39.253||177.283,GID_2528,1,1,1,1,1,1,1,0,VERIFIED_NO_CONFLICT
Hawke Bay||New Zealand||2021-09-20||-39.57||176.931,GID_2533,1,1,1,1,1,1,1,0,VERIFIED_NO_CONFLICT
Hawke Bay||New Zealand||2021-09-20||-39.57||176.937,GID_2534,1,1,1,1,1,1,1,0,VERIFIED_NO_CONFLICT
Hawke Bay||New Zealand||2021-09-20||-39.597||176.947,GID_2529,1,1,1,1,1,1,1,0,VERIFIED_NO_CONFLICT
Hawke Bay||New Zealand||2021-09-20||-39.598||176.95,GID_2530,1,1,1,1,1,1,1,0,VERIFIED_NO_CONFLICT
Hawke Bay||New Zealand||2021-09-20||-39.598||176.954,GID_2531,1,1,1,1,1,1,1,0,VERIFIED_NO_CONFLICT
Hawke Bay||New Zealand||2021-09-20||-39.6||176.958,GID_2532,1,1,1,1,1,1,1,0,VERIFIED_NO_CONFLICT
Hawke Bay||New Zealand||2021-11-09||-39.071||177.41,GID_2536,1,1,1,1,1,1,1,0,VERIFIED_NO_CONFLICT
Hawke Bay||New Zealand||2021-11-09||-39.073||177.399,GID_2537,1,1,1,1,1,1,1,0,VERIFIED_NO_CONFLICT
Hawke Bay||New Zealand||2021-11-09||-39.077||177.399,GID_2538,1,1,1,1,1,1,1,0,VERIFIED_NO_CONFLICT
Hawke Bay||New Zealand||2021-11-09||-39.07||177.404,GID_2535,1,1,1,1,1,1,1,0,VERIFIED_NO_CONFLICT
Hawke Bay||New Zealand||2021-11-09||-39.082||177.401,GID_2539,1,1,1,1,1,1,1,0,VERIFIED_NO_CONFLICT
Hawke Bay||New Zealand||2021-11-09||-39.086||177.399,GID_2540,1,1,1,1,1,1,1,0,VERIFIED_NO_CONFLICT
Hawke Bay||New Zealand||2021-11-09||-39.128||177.195,GID_2541,1,1,1,1,1,1,1,0,VERIFIED_NO_CONFLICT
Hawke Bay||New Zealand||2021-11-09||-39.134||177.198,GID_2543,1,1,1,1,1,1,1,0,VERIFIED_NO_CONFLICT
Hawke Bay||New Zealand||2021-11-09||-39.137||177.199,GID_2544,1,1,1,1,1,1,1,0,VERIFIED_NO_CONFLICT
Hawke Bay||New Zealand||2021-11-09||-39.13||177.197,GID_2542,1,1,1,1,1,1,1,0,VERIFIED_NO_CONFLICT
Hawke Bay||New Zealand||2021-11-09||-39.141||177.2,GID_2545,1,1,1,1,1,1,1,0,VERIFIED_NO_CONFLICT
Hawke Bay||New Zealand||2021-11-09||-39.145||177.2,GID_2546,1,1,1,1,1,1,1,0,VERIFIED_NO_CONFLICT
Hawke Bay||New Zealand||2021-11-09||-39.151||177.2,GID_2547,1,1,1,1,1,1,1,0,VERIFIED_NO_CONFLICT
Hawke Bay||New Zealand||2021-11-09||-39.159||177.202,GID_2548,1,1,1,1,1,1,1,0,VERIFIED_NO_CONFLICT
Hawke Bay||New Zealand||2021-11-09||-39.292||177.134,GID_2549,1,1,1,1,1,1,1,0,VERIFIED_NO_CONFLICT
Hawke Bay||New Zealand||2021-11-09||-39.563||176.951,GID_2554,1,1,1,1,1,1,1,0,VERIFIED_NO_CONFLICT
Hawke Bay||New Zealand||2021-11-09||-39.566||176.938,GID_2552,1,1,1,1,1,1,1,0,VERIFIED_NO_CONFLICT
Hawke Bay||New Zealand||2021-11-09||-39.566||176.94,GID_2553,1,1,1,1,1,1,1,0,VERIFIED_NO_CONFLICT
Hawke Bay||New Zealand||2021-11-09||-39.567||176.935,GID_2551,1,1,1,1,1,1,1,0,VERIFIED_NO_CONFLICT
Hawke Bay||New Zealand||2021-11-09||-39.568||176.933,GID_2550,1,1,1,1,1,1,1,0,VERIFIED_NO_CONFLICT
Hibara||Japan||2018-06-02||37.654||140.054,GID_3141,1,1,1,1,1,1,1,0,VERIFIED_NO_CONFLICT
Hibara||Japan||2018-06-02||37.681||140.057,GID_3140,1,1,1,1,1,1,1,0,VERIFIED_NO_CONFLICT
Hibara||Japan||2018-06-02||37.704||140.057,GID_3139,1,1,1,1,1,1,1,0,VERIFIED_NO_CONFLICT
Hibara||Japan||2018-06-02||37.721||140.051,GID_3138,1,1,1,1,1,1,1,0,VERIFIED_NO_CONFLICT
High Rock Lake||United States of America (the)||2021-07-07||35.654||-80.317,GID_7467,1,1,1,1,1,1,1,0,VERIFIED_NO_CONFLICT
High Rock Lake||United States of America (the)||2021-07-07||35.666||-80.305,GID_7466,1,1,1,1,1,1,1,0,VERIFIED_NO_CONFLICT
High Rock Lake||United States of America (the)||2021-07-07||35.689||-80.333,GID_7464,1,1,1,1,1,1,1,0,VERIFIED_NO_CONFLICT
High Rock Lake||United States of America (the)||2021-07-22||35.627||-80.262,GID_7473,1,1,1,1,1,1,1,0,VERIFIED_NO_CONFLICT
High Rock Lake||United States of America (the)||2021-07-22||35.62||-80.252,GID_7474,1,1,1,1,1,1,1,0,VERIFIED_NO_CONFLICT
High Rock Lake||United States of America (the)||2021-07-22||35.634||-80.281,GID_7472,1,1,1,1,1,1,1,0,VERIFIED_NO_CONFLICT
High Rock Lake||United States of America (the)||2021-07-22||35.646||-80.298,GID_7471,1,1,1,1,1,1,1,0,VERIFIED_NO_CONFLICT
High Rock Lake||United States of America (the)||2021-07-22||35.654||-80.318,GID_7475,1,1,1,1,1,1,1,0,VERIFIED_NO_CONFLICT
High Rock Lake||United States of America (the)||2021-07-22||35.666||-80.31,GID_7470,1,1,1,1,1,1,1,0,VERIFIED_NO_CONFLICT
High Rock Lake||United States of America (the)||2021-07-22||35.66||-80.328,GID_7476,1,1,1,1,1,1,1,0,VERIFIED_NO_CONFLICT
High Rock Lake||United States of America (the)||2021-07-22||35.66||-80.335,GID_7477,1,1,1,1,1,1,1,0,VERIFIED_NO_CONFLICT
High Rock Lake||United States of America (the)||2021-07-22||35.674||-80.327,GID_7469,1,1,1,1,1,1,1,0,VERIFIED_NO_CONFLICT
High Rock Lake||United States of America (the)||2021-07-22||35.688||-80.332,GID_7468,1,1,1,1,1,1,1,0,VERIFIED_NO_CONFLICT
High Rock Lake||United States of America (the)||2021-08-11||35.605||-80.237,GID_7483,1,1,1,1,1,1,1,0,VERIFIED_NO_CONFLICT
High Rock Lake||United States of America (the)||2021-08-11||35.629||-80.258,GID_7482,1,1,1,1,1,1,1,0,VERIFIED_NO_CONFLICT
High Rock Lake||United States of America (the)||2021-08-11||35.635||-80.282,GID_7481,1,1,1,1,1,1,1,0,VERIFIED_NO_CONFLICT
High Rock Lake||United States of America (the)||2021-08-11||35.642||-80.255,GID_7484,1,1,1,1,1,1,1,0,VERIFIED_NO_CONFLICT
High Rock Lake||United States of America (the)||2021-08-11||35.643||-80.293,GID_7480,1,1,1,1,1,1,1,0,VERIFIED_NO_CONFLICT
High Rock Lake||United States of America (the)||2021-08-11||35.656||-80.303,GID_7479,1,1,1,1,1,1,1,0,VERIFIED_NO_CONFLICT
High Rock Lake||United States of America (the)||2021-08-11||35.675||-80.324,GID_7478,1,1,1,1,1,1,1,0,VERIFIED_NO_CONFLICT
High Rock Lake||United States of America (the)||2021-10-15||35.619||-80.248,GID_7491,1,1,1,1,1,1,1,0,VERIFIED_NO_CONFLICT
High Rock Lake||United States of America (the)||2021-10-15||35.621||-80.315,GID_7492,1,1,1,1,1,1,1,0,VERIFIED_NO_CONFLICT
High Rock Lake||United States of America (the)||2021-10-15||35.625||-80.257,GID_7490,1,1,1,1,1,1,1,0,VERIFIED_NO_CONFLICT
High Rock Lake||United States of America (the)||2021-10-15||35.633||-80.284,GID_7489,1,1,1,1,1,1,1,0,VERIFIED_NO_CONFLICT
High Rock Lake||United States of America (the)||2021-10-15||35.646||-80.3,GID_7488,1,1,1,1,1,1,1,0,VERIFIED_NO_CONFLICT
High Rock Lake||United States of America (the)||2021-10-15||35.654||-80.319,GID_7493,1,1,1,1,1,1,1,0,VERIFIED_NO_CONFLICT
High Rock Lake||United States of America (the)||2021-10-15||35.672||-80.32,GID_7487,1,1,1,1,1,1,1,0,VERIFIED_NO_CONFLICT
High Rock Lake||United States of America (the)||2021-10-15||35.675||-80.326,GID_7486,1,1,1,1,1,1,1,0,VERIFIED_NO_CONFLICT
High Rock Lake||United States of America (the)||2021-10-15||35.68||-80.331,GID_7485,1,1,1,1,1,1,1,0,VERIFIED_NO_CONFLICT
High Rock Lake||United States of America (the)||2021-11-19||35.617||-80.246,GID_7500,1,1,1,1,1,1,1,0,VERIFIED_NO_CONFLICT
High Rock Lake||United States of America (the)||2021-11-19||35.628||-80.262,GID_7499,1,1,1,1,1,1,1,0,VERIFIED_NO_CONFLICT
High Rock Lake||United States of America (the)||2021-11-19||35.635||-80.282,GID_7498,1,1,1,1,1,1,1,0,VERIFIED_NO_CONFLICT
High Rock Lake||United States of America (the)||2021-11-19||35.644||-80.296,GID_7497,1,1,1,1,1,1,1,0,VERIFIED_NO_CONFLICT
High Rock Lake||United States of America (the)||2021-11-19||35.654||-80.319,GID_7501,1,1,1,1,1,1,1,0,VERIFIED_NO_CONFLICT
High Rock Lake||United States of America (the)||2021-11-19||35.655||-80.323,GID_7502,1,1,1,1,1,1,1,0,VERIFIED_NO_CONFLICT
High Rock Lake||United States of America (the)||2021-11-19||35.664||-80.308,GID_7496,1,1,1,1,1,1,1,0,VERIFIED_NO_CONFLICT
High Rock Lake||United States of America (the)||2021-11-19||35.672||-80.322,GID_7495,1,1,1,1,1,1,1,0,VERIFIED_NO_CONFLICT
High Rock Lake||United States of America (the)||2021-11-19||35.675||-80.328,GID_7494,1,1,1,1,1,1,1,0,VERIFIED_NO_CONFLICT
High Rock Lake||United States of America (the)||2022-06-02||35.615||-80.246,GID_7518,1,1,1,1,1,1,1,0,VERIFIED_NO_CONFLICT
High Rock Lake||United States of America (the)||2022-06-02||35.627||-80.258,GID_7517,1,1,1,1,1,1,1,0,VERIFIED_NO_CONFLICT
High Rock Lake||United States of America (the)||2022-06-02||35.633||-80.285,GID_7516,1,1,1,1,1,1,1,0,VERIFIED_NO_CONFLICT
High Rock Lake||United States of America (the)||2022-06-02||35.646||-80.296,GID_7515,1,1,1,1,1,1,1,0,VERIFIED_NO_CONFLICT
High Rock Lake||United States of America (the)||2022-06-02||35.654||-80.317,GID_7519,1,1,1,1,1,1,1,0,VERIFIED_NO_CONFLICT
High Rock Lake||United States of America (the)||2022-06-02||35.661||-80.338,GID_7521,1,1,1,1,1,1,1,0,VERIFIED_NO_CONFLICT
High Rock Lake||United States of America (the)||2022-06-02||35.665||-80.306,GID_7514,1,1,1,1,1,1,1,0,VERIFIED_NO_CONFLICT
High Rock Lake||United States of America (the)||2022-06-02||35.66||-80.328,GID_7520,1,1,1,1,1,1,1,0,VERIFIED_NO_CONFLICT
High Rock Lake||United States of America (the)||2022-06-02||35.676||-80.328,GID_7513,1,1,1,1,1,1,1,0,VERIFIED_NO_CONFLICT
High Rock Lake||United States of America (the)||2022-06-02||35.684||-80.335,GID_7512,1,1,1,1,1,1,1,0,VERIFIED_NO_CONFLICT
High Rock Lake||United States of America (the)||2022-07-12||35.628||-80.261,GID_7527,1,1,1,1,1,1,1,0,VERIFIED_NO_CONFLICT
High Rock Lake||United States of America (the)||2022-07-12||35.641||-80.294,GID_7526,1,1,1,1,1,1,1,0,VERIFIED_NO_CONFLICT
High Rock Lake||United States of America (the)||2022-07-12||35.647||-80.296,GID_7525,1,1,1,1,1,1,1,0,VERIFIED_NO_CONFLICT
High Rock Lake||United States of America (the)||2022-07-12||35.654||-80.317,GID_7528,1,1,1,1,1,1,1,0,VERIFIED_NO_CONFLICT
High Rock Lake||United States of America (the)||2022-07-12||35.661||-80.338,GID_7530,1,1,1,1,1,1,1,0,VERIFIED_NO_CONFLICT
High Rock Lake||United States of America (the)||2022-07-12||35.666||-80.306,GID_7524,1,1,1,1,1,1,1,0,VERIFIED_NO_CONFLICT
High Rock Lake||United States of America (the)||2022-07-12||35.66||-80.327,GID_7529,1,1,1,1,1,1,1,0,VERIFIED_NO_CONFLICT
High Rock Lake||United States of America (the)||2022-07-12||35.676||-80.327,GID_7523,1,1,1,1,1,1,1,0,VERIFIED_NO_CONFLICT
High Rock Lake||United States of America (the)||2022-07-12||35.687||-80.333,GID_7522,1,1,1,1,1,1,1,0,VERIFIED_NO_CONFLICT
High Rock Lake||United States of America (the)||2022-08-31||35.612||-80.244,GID_7537,1,1,1,1,1,1,1,0,VERIFIED_NO_CONFLICT
High Rock Lake||United States of America (the)||2022-08-31||35.624||-80.258,GID_7536,1,1,1,1,1,1,1,0,VERIFIED_NO_CONFLICT
High Rock Lake||United States of America (the)||2022-08-31||35.635||-80.285,GID_7535,1,1,1,1,1,1,1,0,VERIFIED_NO_CONFLICT
High Rock Lake||United States of America (the)||2022-08-31||35.646||-80.296,GID_7534,1,1,1,1,1,1,1,0,VERIFIED_NO_CONFLICT
High Rock Lake||United States of America (the)||2022-08-31||35.653||-80.318,GID_7538,1,1,1,1,1,1,1,0,VERIFIED_NO_CONFLICT
High Rock Lake||United States of America (the)||2022-08-31||35.664||-80.306,GID_7533,1,1,1,1,1,1,1,0,VERIFIED_NO_CONFLICT
High Rock Lake||United States of America (the)||2022-08-31||35.66||-80.328,GID_7539,1,1,1,1,1,1,1,0,VERIFIED_NO_CONFLICT
High Rock Lake||United States of America (the)||2022-08-31||35.674||-80.326,GID_7532,1,1,1,1,1,1,1,0,VERIFIED_NO_CONFLICT
High Rock Lake||United States of America (the)||2022-08-31||35.687||-80.333,GID_7531,1,1,1,1,1,1,1,0,VERIFIED_NO_CONFLICT
High Rock Lake||United States of America (the)||2022-09-15||35.616||-80.247,GID_7546,1,1,1,1,1,1,1,0,VERIFIED_NO_CONFLICT
High Rock Lake||United States of America (the)||2022-09-15||35.624||-80.258,GID_7545,1,1,1,1,1,1,1,0,VERIFIED_NO_CONFLICT
High Rock Lake||United States of America (the)||2022-09-15||35.634||-80.286,GID_7544,1,1,1,1,1,1,1,0,VERIFIED_NO_CONFLICT
High Rock Lake||United States of America (the)||2022-09-15||35.646||-80.297,GID_7543,1,1,1,1,1,1,1,0,VERIFIED_NO_CONFLICT
High Rock Lake||United States of America (the)||2022-09-15||35.653||-80.318,GID_7547,1,1,1,1,1,1,1,0,VERIFIED_NO_CONFLICT
High Rock Lake||United States of America (the)||2022-09-15||35.659||-80.327,GID_7548,1,1,1,1,1,1,1,0,VERIFIED_NO_CONFLICT
High Rock Lake||United States of America (the)||2022-09-15||35.659||-80.337,GID_7549,1,1,1,1,1,1,1,0,VERIFIED_NO_CONFLICT
High Rock Lake||United States of America (the)||2022-09-15||35.665||-80.307,GID_7542,1,1,1,1,1,1,1,0,VERIFIED_NO_CONFLICT
High Rock Lake||United States of America (the)||2022-09-15||35.675||-80.328,GID_7541,1,1,1,1,1,1,1,0,VERIFIED_NO_CONFLICT
High Rock Lake||United States of America (the)||2022-09-15||35.686||-80.336,GID_7540,1,1,1,1,1,1,1,0,VERIFIED_NO_CONFLICT
High Rock Lake||United States of America (the)||2022-10-05||35.612||-80.243,GID_7556,1,1,1,1,1,1,1,0,VERIFIED_NO_CONFLICT
High Rock Lake||United States of America (the)||2022-10-05||35.625||-80.255,GID_7555,1,1,1,1,1,1,1,0,VERIFIED_NO_CONFLICT
High Rock Lake||United States of America (the)||2022-10-05||35.632||-80.28,GID_7554,1,1,1,1,1,1,1,0,VERIFIED_NO_CONFLICT
High Rock Lake||United States of America (the)||2022-10-05||35.645||-80.295,GID_7553,1,1,1,1,1,1,1,0,VERIFIED_NO_CONFLICT
High Rock Lake||United States of America (the)||2022-10-05||35.654||-80.317,GID_7557,1,1,1,1,1,1,1,0,VERIFIED_NO_CONFLICT
High Rock Lake||United States of America (the)||2022-10-05||35.665||-80.306,GID_7552,1,1,1,1,1,1,1,0,VERIFIED_NO_CONFLICT
High Rock Lake||United States of America (the)||2022-10-05||35.66||-80.328,GID_7558,1,1,1,1,1,1,1,0,VERIFIED_NO_CONFLICT
High Rock Lake||United States of America (the)||2022-10-05||35.66||-80.338,GID_7559,1,1,1,1,1,1,1,0,VERIFIED_NO_CONFLICT
High Rock Lake||United States of America (the)||2022-10-05||35.675||-80.327,GID_7551,1,1,1,1,1,1,1,0,VERIFIED_NO_CONFLICT
High Rock Lake||United States of America (the)||2022-10-05||35.685||-80.336,GID_7550,1,1,1,1,1,1,1,0,VERIFIED_NO_CONFLICT
Hilversums Kanaal||Netherlands (the)||1990-08-28||52.233||5.067,GID_604,1,1,1,1,1,1,1,0,VERIFIED_NO_CONFLICT
Ibitinga Reservoir||Brazil||2014-02-06||-21.761||-48.982,GID_314,1,1,1,1,1,1,1,0,VERIFIED_NO_CONFLICT
Ibitinga Reservoir||Brazil||2014-02-06||-21.814||-48.991,GID_315,1,1,1,1,1,1,1,0,VERIFIED_NO_CONFLICT
Ibitinga Reservoir||Brazil||2014-02-06||-21.851||-48.941,GID_316,1,1,1,1,1,1,1,0,VERIFIED_NO_CONFLICT
Ibitinga Reservoir||Brazil||2014-02-06||-21.911||-48.892,GID_317,1,1,1,1,1,1,1,0,VERIFIED_NO_CONFLICT
Ibitinga Reservoir||Brazil||2014-03-26||-21.761||-48.982,GID_318,1,1,1,1,1,1,1,0,VERIFIED_NO_CONFLICT
Ibitinga Reservoir||Brazil||2014-03-26||-21.814||-48.991,GID_319,1,1,1,1,1,1,1,0,VERIFIED_NO_CONFLICT
Ibitinga Reservoir||Brazil||2014-03-26||-21.851||-48.941,GID_320,1,1,1,1,1,1,1,0,VERIFIED_NO_CONFLICT
Ibitinga Reservoir||Brazil||2014-03-26||-21.911||-48.892,GID_321,1,1,1,1,1,1,1,0,VERIFIED_NO_CONFLICT
Ibitinga Reservoir||Brazil||2014-05-13||-21.761||-48.982,GID_322,1,1,1,1,1,1,1,0,VERIFIED_NO_CONFLICT
Ibitinga Reservoir||Brazil||2014-05-13||-21.814||-48.991,GID_323,1,1,1,1,1,1,1,0,VERIFIED_NO_CONFLICT
Ibitinga Reservoir||Brazil||2014-05-13||-21.851||-48.941,GID_324,1,1,1,1,1,1,1,0,VERIFIED_NO_CONFLICT
Ibitinga Reservoir||Brazil||2014-05-13||-21.911||-48.892,GID_325,1,1,1,1,1,1,1,0,VERIFIED_NO_CONFLICT
Ibitinga Reservoir||Brazil||2014-07-16||-21.761||-48.982,GID_326,1,1,1,1,1,1,1,0,VERIFIED_NO_CONFLICT
Ibitinga Reservoir||Brazil||2014-07-16||-21.814||-48.991,GID_327,1,1,1,1,1,1,1,0,VERIFIED_NO_CONFLICT
Ibitinga Reservoir||Brazil||2014-07-16||-21.851||-48.941,GID_328,1,1,1,1,1,1,1,0,VERIFIED_NO_CONFLICT
Ibitinga Reservoir||Brazil||2014-07-16||-21.911||-48.892,GID_329,1,1,1,1,1,1,1,0,VERIFIED_NO_CONFLICT
Ibitinga Reservoir||Brazil||2014-09-18||-21.761||-48.982,GID_330,1,1,1,1,1,1,1,0,VERIFIED_NO_CONFLICT
Ibitinga Reservoir||Brazil||2014-09-18||-21.814||-48.991,GID_331,1,1,1,1,1,1,1,0,VERIFIED_NO_CONFLICT
Ibitinga Reservoir||Brazil||2014-09-18||-21.851||-48.941,GID_332,1,1,1,1,1,1,1,0,VERIFIED_NO_CONFLICT
Ibitinga Reservoir||Brazil||2014-09-18||-21.911||-48.892,GID_333,1,1,1,1,1,1,1,0,VERIFIED_NO_CONFLICT
Ibitinga Reservoir||Brazil||2018-08-12||-21.761||-48.985,GID_334,1,1,1,1,1,1,1,0,VERIFIED_NO_CONFLICT
Ibitinga Reservoir||Brazil||2018-08-12||-21.784||-48.963,GID_335,1,1,1,1,1,1,1,0,VERIFIED_NO_CONFLICT
Ibitinga Reservoir||Brazil||2018-08-12||-21.814||-48.992,GID_336,1,1,1,1,1,1,1,0,VERIFIED_NO_CONFLICT
Ibitinga Reservoir||Brazil||2018-08-12||-21.845||-48.966,GID_337,1,1,1,1,1,1,1,0,VERIFIED_NO_CONFLICT
Ibitinga Reservoir||Brazil||2018-08-13||-21.851||-48.941,GID_338,1,1,1,1,1,1,1,0,VERIFIED_NO_CONFLICT
Ibitinga Reservoir||Brazil||2018-08-13||-21.869||-48.902,GID_340,1,1,1,1,1,1,1,0,VERIFIED_NO_CONFLICT
Ibitinga Reservoir||Brazil||2018-08-13||-21.889||-48.9,GID_341,1,1,1,1,1,1,1,0,VERIFIED_NO_CONFLICT
Ibitinga Reservoir||Brazil||2018-08-13||-21.91||-48.892,GID_339,1,1,1,1,1,1,1,0,VERIFIED_NO_CONFLICT
Ijmeer Durgerdam||Netherlands (the)||2013-08-27||52.377||4.991,GID_7256,1,1,1,1,1,1,1,0,VERIFIED_NO_CONFLICT
Ijsselmeer De Oude Zeug||Netherlands (the)||2013-08-26||52.859||5.103,GID_7254,1,1,1,1,1,1,1,0,VERIFIED_NO_CONFLICT
"Intracoastal Waterway, FL||United States of America (the)||2011-07-08||27.102||-82.443",GID_4890,1,1,1,1,1,1,1,0,VERIFIED_NO_CONFLICT
"Intracoastal Waterway, GA||United States of America (the)||2011-07-13||31.464||-81.324",GID_4777,1,1,1,1,1,1,1,0,VERIFIED_NO_CONFLICT
"Intracoastal Waterway, GA||United States of America (the)||2011-07-13||31.515||-81.3",GID_4759,1,1,1,1,1,1,1,0,VERIFIED_NO_CONFLICT
"Intracoastal Waterway, GA||United States of America (the)||2011-07-13||31.5||-81.324",GID_4776,1,1,1,1,1,1,1,0,VERIFIED_NO_CONFLICT
"Intracoastal Waterway, GA||United States of America (the)||2011-07-28||31.501||-81.323",GID_4775,1,1,1,1,1,1,1,0,VERIFIED_NO_CONFLICT
"Intracoastal Waterway, GA||United States of America (the)||2011-07-28||31.543||-81.208",GID_4694,1,1,1,1,1,1,1,0,VERIFIED_NO_CONFLICT
"Intracoastal Waterway, GA||United States of America (the)||2011-07-28||31.544||-81.249",GID_4711,1,1,1,1,1,1,1,0,VERIFIED_NO_CONFLICT
"Intracoastal Waterway, TX||United States of America (the)||2008-07-16||28.135||-96.912",GID_5092,1,1,1,1,1,1,1,0,VERIFIED_NO_CONFLICT
"Intracoastal Waterway, TX||United States of America (the)||2008-07-16||28.164||-96.879",GID_5091,1,1,1,1,1,1,1,0,VERIFIED_NO_CONFLICT
Iseo||Italy||2016-07-08||45.671||10.014,GID_842,1,1,1,1,1,1,1,0,VERIFIED_NO_CONFLICT
Iseo||Italy||2016-07-08||45.671||10.02,GID_843,1,1,1,1,1,1,1,0,VERIFIED_NO_CONFLICT
Iseo||Italy||2016-07-08||45.679||10.067,GID_844,1,1,1,1,1,1,1,0,VERIFIED_NO_CONFLICT
Iseo||Italy||2016-07-08||45.706||10.065,GID_845,1,1,1,1,1,1,1,0,VERIFIED_NO_CONFLICT
Iseo||Italy||2016-07-08||45.729||10.067,GID_846,1,1,1,1,1,1,1,0,VERIFIED_NO_CONFLICT
Iseo||Italy||2016-09-26||45.668||10.006,GID_838,1,1,1,1,1,1,1,0,VERIFIED_NO_CONFLICT
Iseo||Italy||2016-09-26||45.671||9.978,GID_837,1,1,1,1,1,1,1,0,VERIFIED_NO_CONFLICT
Iseo||Italy||2016-09-26||45.682||10.053,GID_836,1,1,1,1,1,1,1,0,VERIFIED_NO_CONFLICT
Iseo||Italy||2016-09-26||45.704||10.065,GID_834,1,1,1,1,1,1,1,0,VERIFIED_NO_CONFLICT
Iseo||Italy||2016-09-26||45.728||10.076,GID_835,1,1,1,1,1,1,1,0,VERIFIED_NO_CONFLICT
Iseo||Italy||2017-07-26||45.668||9.991,GID_840,1,1,1,1,1,1,1,0,VERIFIED_NO_CONFLICT
Iseo||Italy||2017-07-26||45.671||10.045,GID_841,1,1,1,1,1,1,1,0,VERIFIED_NO_CONFLICT
Iseo||Italy||2017-07-26||45.672||9.975,GID_839,1,1,1,1,1,1,1,0,VERIFIED_NO_CONFLICT
Iseo||Italy||2019-07-24||45.672||10.044,GID_1098,1,1,1,1,1,1,1,0,VERIFIED_NO_CONFLICT
Iseo||Italy||2019-07-24||45.723||10.066,GID_1099,1,1,1,1,1,1,1,0,VERIFIED_NO_CONFLICT
Iseo||Italy||2019-07-24||45.767||10.056,GID_1100,1,1,1,1,1,1,1,0,VERIFIED_NO_CONFLICT
Iseo||Italy||2019-07-24||45.807||10.083,GID_1101,1,1,1,1,1,1,1,0,VERIFIED_NO_CONFLICT
Iznájar||Spain||2007-07-04||37.278||-4.337,GID_4170,1,1,1,1,1,1,1,0,VERIFIED_NO_CONFLICT
Iznájar||Spain||2007-07-04||37.281||-4.374,GID_4173,1,1,1,1,1,1,1,0,VERIFIED_NO_CONFLICT
Iznájar||Spain||2007-07-04||37.282||-4.342,GID_4166,1,1,1,1,1,1,1,0,VERIFIED_NO_CONFLICT
Iznájar||Spain||2007-07-04||37.284||-4.37,GID_4171,1,1,1,1,1,1,1,0,VERIFIED_NO_CONFLICT
Iznájar||Spain||2007-07-04||37.28||-4.341,GID_4168,1,1,1,1,1,1,1,0,VERIFIED_NO_CONFLICT
Iznájar||Spain||2007-07-04||37.28||-4.365,GID_4175,1,1,1,1,1,1,1,0,VERIFIED_NO_CONFLICT
"James River, VA||United States of America (the)||2011-08-12||36.948||-76.452",GID_4457,1,1,1,1,1,1,1,0,VERIFIED_NO_CONFLICT
"James River, VA||United States of America (the)||2011-08-12||36.971||-76.469",GID_4459,1,1,1,1,1,1,1,0,VERIFIED_NO_CONFLICT
"James River, VA||United States of America (the)||2011-08-12||37.016||-76.472",GID_4461,1,1,1,1,1,1,1,0,VERIFIED_NO_CONFLICT
"James River, VA||United States of America (the)||2011-08-13||36.975||-76.328",GID_4445,1,1,1,1,1,1,1,0,VERIFIED_NO_CONFLICT
"James River, VA||United States of America (the)||2011-08-13||36.978||-76.451",GID_4456,1,1,1,1,1,1,1,0,VERIFIED_NO_CONFLICT
"James River, VA||United States of America (the)||2011-08-13||37.011||-76.473",GID_4463,1,1,1,1,1,1,1,0,VERIFIED_NO_CONFLICT
"James River, VA||United States of America (the)||2011-08-13||37.014||-76.482",GID_4467,1,1,1,1,1,1,1,0,VERIFIED_NO_CONFLICT
"James River, VA||United States of America (the)||2011-08-13||37.015||-76.481",GID_4466,1,1,1,1,1,1,1,0,VERIFIED_NO_CONFLICT
"Knitting Mill Creek, VA||United States of America (the)||2011-08-12||36.886||-76.294",GID_4438,1,1,1,1,1,1,1,0,VERIFIED_NO_CONFLICT
Lac Courte Oreilles||United States of America (the)||2014-07-10||45.891||-91.463,GID_1407,1,1,1,1,1,1,1,0,VERIFIED_NO_CONFLICT
Lac Courte Oreilles||United States of America (the)||2014-07-10||45.898||-91.397,GID_1409,1,1,1,1,1,1,1,0,VERIFIED_NO_CONFLICT
Lac Courte Oreilles||United States of America (the)||2014-07-10||45.89||-91.441,GID_1408,1,1,1,1,1,1,1,0,VERIFIED_NO_CONFLICT
Lac Vieux Desert||United States of America (the)||2014-06-25||46.128||-89.141,GID_1394,1,1,1,1,1,1,1,0,VERIFIED_NO_CONFLICT
Lac Vieux Desert||United States of America (the)||2014-06-25||46.131||-89.09,GID_1393,1,1,1,1,1,1,1,0,VERIFIED_NO_CONFLICT
Lac Vieux Desert||United States of America (the)||2014-06-25||46.13||-89.125,GID_1392,1,1,1,1,1,1,1,0,VERIFIED_NO_CONFLICT
Lac Vieux Desert||United States of America (the)||2016-06-28||46.126||-89.116,GID_1534,1,1,1,1,1,1,1,0,VERIFIED_NO_CONFLICT
Lac Vieux Desert||United States of America (the)||2016-06-28||46.129||-89.089,GID_1536,1,1,1,1,1,1,1,0,VERIFIED_NO_CONFLICT
Lac Vieux Desert||United States of America (the)||2016-06-28||46.13||-89.134,GID_1535,1,1,1,1,1,1,1,0,VERIFIED_NO_CONFLICT
"Lafayette River, VA||United States of America (the)||2011-08-12||36.888||-76.277",GID_4435,1,1,1,1,1,1,1,0,VERIFIED_NO_CONFLICT
"Lafayette River, VA||United States of America (the)||2011-08-12||36.906||-76.302",GID_4440,1,1,1,1,1,1,1,0,VERIFIED_NO_CONFLICT
"Lafayette River, VA||United States of America (the)||2011-08-12||36.907||-76.314",GID_4444,1,1,1,1,1,1,1,0,VERIFIED_NO_CONFLICT
"Lafayette River, VA||United States of America (the)||2011-08-13||36.907||-76.309",GID_4442,1,1,1,1,1,1,1,0,VERIFIED_NO_CONFLICT
Lake Ahijarv||Estonia||2017-08-03||57.713||26.502,GID_113,1,1,1,1,1,1,1,0,VERIFIED_NO_CONFLICT
Lake Ahijarv||Estonia||2018-05-22||57.713||26.501,GID_161,1,1,1,1,1,1,1,0,VERIFIED_NO_CONFLICT
Lake Arapuni||New Zealand||2017-11-17||-38.116||175.624,GID_2351,1,1,1,1,1,1,1,0,VERIFIED_NO_CONFLICT
Lake Arapuni||New Zealand||2017-11-17||-38.13||175.631,GID_2352,1,1,1,1,1,1,1,0,VERIFIED_NO_CONFLICT
Lake Areare||New Zealand||2017-05-08||-37.668||175.2,GID_2322,1,1,1,1,1,1,1,0,VERIFIED_NO_CONFLICT
Lake Areare||New Zealand||2017-05-08||-37.668||175.202,GID_2323,1,1,1,1,1,1,1,0,VERIFIED_NO_CONFLICT
Lake Areare||New Zealand||2020-10-12||-37.669||175.201,GID_2466,1,1,1,1,1,1,1,0,VERIFIED_NO_CONFLICT
Lake Aviemore||New Zealand||2018-02-11||-44.621||170.305,GID_2401,1,1,1,1,1,1,1,0,VERIFIED_NO_CONFLICT
Lake Benmore||New Zealand||2018-02-11||-44.389||170.226,GID_2400,1,1,1,1,1,1,1,0,VERIFIED_NO_CONFLICT
Lake Benmore||New Zealand||2018-02-11||-44.41||170.223,GID_2399,1,1,1,1,1,1,1,0,VERIFIED_NO_CONFLICT
Lake Biel||Switzerland||2015-07-09||47.068||7.17,GID_6706,1,1,1,1,1,1,1,0,VERIFIED_NO_CONFLICT
Lake Biel||Switzerland||2015-07-09||47.069||7.179,GID_6707,1,1,1,1,1,1,1,0,VERIFIED_NO_CONFLICT
Lake Biel||Switzerland||2015-07-09||47.118||7.207,GID_6705,1,1,1,1,1,1,1,0,VERIFIED_NO_CONFLICT
Lake Biel||Switzerland||2015-07-09||47.127||7.227,GID_6704,1,1,1,1,1,1,1,0,VERIFIED_NO_CONFLICT
Lake Bonney||Australia||2020-10-21||-34.204||140.432,GID_201,1,1,1,1,1,1,1,0,VERIFIED_NO_CONFLICT
Lake Bonney||Australia||2020-10-22||-34.217||140.452,GID_203,1,1,1,1,1,1,1,0,VERIFIED_NO_CONFLICT
Lake Bonney||Australia||2020-10-22||-34.242||140.454,GID_205,1,1,1,1,1,1,1,0,VERIFIED_NO_CONFLICT
Lake Bonney||Australia||2021-02-09||-34.203||140.432,GID_202,1,1,1,1,1,1,1,0,VERIFIED_NO_CONFLICT
Lake Bonney||Australia||2021-02-09||-34.217||140.451,GID_204,1,1,1,1,1,1,1,0,VERIFIED_NO_CONFLICT
Lake Bonney||Australia||2021-02-10||-34.242||140.455,GID_206,1,1,1,1,1,1,1,0,VERIFIED_NO_CONFLICT
Lake Boruja Mała||Poland||2006-10-10||54.088||17.423,GID_7693,1,1,1,1,1,1,1,0,VERIFIED_NO_CONFLICT
Lake Boruja Mała||Poland||2006-11-11||54.088||17.423,GID_7694,1,1,1,1,1,1,1,0,VERIFIED_NO_CONFLICT
Lake Boruja Mała||Poland||2006-12-12||54.088||17.423,GID_7695,1,1,1,1,1,1,1,0,VERIFIED_NO_CONFLICT
Lake Boruja Mała||Poland||2007-03-03||54.088||17.423,GID_7696,1,1,1,1,1,1,1,0,VERIFIED_NO_CONFLICT
Lake Boruja Mała||Poland||2007-04-04||54.088||17.423,GID_7697,1,1,1,1,1,1,1,0,VERIFIED_NO_CONFLICT
Lake Boruja Mała||Poland||2007-05-05||54.088||17.423,GID_7698,1,1,1,1,1,1,1,0,VERIFIED_NO_CONFLICT
Lake Boruja Mała||Poland||2009-04-04||54.088||17.423,GID_7699,1,1,1,1,1,1,1,0,VERIFIED_NO_CONFLICT
Lake Boruja Mała||Poland||2009-06-06||54.088||17.423,GID_7700,1,1,1,1,1,1,1,0,VERIFIED_NO_CONFLICT
Lake Boruja Mała||Poland||2009-07-07||54.088||17.423,GID_7701,1,1,1,1,1,1,1,0,VERIFIED_NO_CONFLICT
Lake Boruja Mała||Poland||2009-08-08||54.088||17.423,GID_7702,1,1,1,1,1,1,1,0,VERIFIED_NO_CONFLICT
Lake Boruja Mała||Poland||2009-10-10||54.088||17.423,GID_7703,1,1,1,1,1,1,1,0,VERIFIED_NO_CONFLICT
Lake Boruja Mała||Poland||2010-05-05||54.088||17.423,GID_7704,1,1,1,1,1,1,1,0,VERIFIED_NO_CONFLICT
Lake Boruja Mała||Poland||2010-07-07||54.088||17.423,GID_7705,1,1,1,1,1,1,1,0,VERIFIED_NO_CONFLICT
Lake Brunner||New Zealand||2018-01-22||-42.637||171.446,GID_2387,1,1,1,1,1,1,1,0,VERIFIED_NO_CONFLICT
Lake Brunner||New Zealand||2020-02-11||-42.591||171.464,GID_2444,1,1,1,1,1,1,1,0,VERIFIED_NO_CONFLICT
Lake Brunner||New Zealand||2020-02-11||-42.619||171.495,GID_2443,1,1,1,1,1,1,1,0,VERIFIED_NO_CONFLICT
Lake Brunner||New Zealand||2020-02-11||-42.631||171.445,GID_2442,1,1,1,1,1,1,1,0,VERIFIED_NO_CONFLICT
Lake Burley Griffin||Australia||2020-12-18||-35.288||149.098,GID_292,1,1,1,1,1,1,1,0,VERIFIED_NO_CONFLICT
Lake Burley Griffin||Australia||2020-12-18||-35.296||149.102,GID_291,1,1,1,1,1,1,1,0,VERIFIED_NO_CONFLICT
Lake B||New Zealand||2020-10-11||-37.679||175.248,GID_2464,1,1,1,1,1,1,1,0,VERIFIED_NO_CONFLICT
Lake Chetac||United States of America (the)||2014-07-09||45.703||-91.506,GID_1406,1,1,1,1,1,1,1,0,VERIFIED_NO_CONFLICT
Lake Chetac||United States of America (the)||2014-07-09||45.712||-91.502,GID_1405,1,1,1,1,1,1,1,0,VERIFIED_NO_CONFLICT
Lake Chetac||United States of America (the)||2014-07-09||45.725||-91.483,GID_1404,1,1,1,1,1,1,1,0,VERIFIED_NO_CONFLICT
Lake Chippewa||United States of America (the)||2014-07-10||45.929||-91.222,GID_1412,1,1,1,1,1,1,1,0,VERIFIED_NO_CONFLICT
Lake Chippewa||United States of America (the)||2014-07-10||45.935||-91.16,GID_1410,1,1,1,1,1,1,1,0,VERIFIED_NO_CONFLICT
Lake Chippewa||United States of America (the)||2014-07-10||45.962||-91.17,GID_1411,1,1,1,1,1,1,1,0,VERIFIED_NO_CONFLICT
Lake Chippewa||United States of America (the)||2015-08-15||45.929||-91.222,GID_1509,1,1,1,1,1,1,1,0,VERIFIED_NO_CONFLICT
Lake Chippewa||United States of America (the)||2015-08-15||45.935||-91.16,GID_1507,1,1,1,1,1,1,1,0,VERIFIED_NO_CONFLICT
Lake Chippewa||United States of America (the)||2015-08-15||45.962||-91.17,GID_1508,1,1,1,1,1,1,1,0,VERIFIED_NO_CONFLICT
Lake Chotkowskie||Poland||2007-03-03||54.151||17.357,GID_7585,1,1,1,1,1,1,1,0,VERIFIED_NO_CONFLICT
Lake Chotkowskie||Poland||2007-04-04||54.151||17.357,GID_7586,1,1,1,1,1,1,1,0,VERIFIED_NO_CONFLICT
Lake Chotkowskie||Poland||2007-05-05||54.151||17.357,GID_7587,1,1,1,1,1,1,1,0,VERIFIED_NO_CONFLICT
Lake Chotkowskie||Poland||2007-06-06||54.151||17.357,GID_7588,1,1,1,1,1,1,1,0,VERIFIED_NO_CONFLICT
Lake Chotkowskie||Poland||2007-07-07||54.151||17.357,GID_7589,1,1,1,1,1,1,1,0,VERIFIED_NO_CONFLICT
Lake Chotkowskie||Poland||2007-08-08||54.151||17.357,GID_7590,1,1,1,1,1,1,1,0,VERIFIED_NO_CONFLICT
Lake Chotkowskie||Poland||2007-09-09||54.151||17.357,GID_7591,1,1,1,1,1,1,1,0,VERIFIED_NO_CONFLICT
Lake Chotkowskie||Poland||2007-10-10||54.151||17.357,GID_7592,1,1,1,1,1,1,1,0,VERIFIED_NO_CONFLICT
Lake Chotkowskie||Poland||2007-12-12||54.151||17.357,GID_7593,1,1,1,1,1,1,1,0,VERIFIED_NO_CONFLICT
Lake Chotkowskie||Poland||2008-02-02||54.151||17.357,GID_7594,1,1,1,1,1,1,1,0,VERIFIED_NO_CONFLICT
Lake Chotkowskie||Poland||2008-03-03||54.151||17.357,GID_7595,1,1,1,1,1,1,1,0,VERIFIED_NO_CONFLICT
Lake Chotkowskie||Poland||2008-04-04||54.151||17.357,GID_7596,1,1,1,1,1,1,1,0,VERIFIED_NO_CONFLICT
Lake Chotkowskie||Poland||2008-05-05||54.151||17.357,GID_7597,1,1,1,1,1,1,1,0,VERIFIED_NO_CONFLICT
Lake Chotkowskie||Poland||2008-06-06||54.151||17.357,GID_7598,1,1,1,1,1,1,1,0,VERIFIED_NO_CONFLICT
Lake Chotkowskie||Poland||2009-04-04||54.151||17.357,GID_7599,1,1,1,1,1,1,1,0,VERIFIED_NO_CONFLICT
Lake Chotkowskie||Poland||2009-05-05||54.151||17.357,GID_7600,1,1,1,1,1,1,1,0,VERIFIED_NO_CONFLICT
Lake Chotkowskie||Poland||2009-06-06||54.151||17.357,GID_7601,1,1,1,1,1,1,1,0,VERIFIED_NO_CONFLICT
Lake Chotkowskie||Poland||2009-07-07||54.151||17.357,GID_7602,1,1,1,1,1,1,1,0,VERIFIED_NO_CONFLICT
Lake Chotkowskie||Poland||2009-08-08||54.151||17.357,GID_7603,1,1,1,1,1,1,1,0,VERIFIED_NO_CONFLICT
Lake Chotkowskie||Poland||2009-09-09||54.151||17.357,GID_7604,1,1,1,1,1,1,1,0,VERIFIED_NO_CONFLICT
Lake Chotkowskie||Poland||2009-10-10||54.151||17.357,GID_7605,1,1,1,1,1,1,1,0,VERIFIED_NO_CONFLICT
Lake Chotkowskie||Poland||2009-11-11||54.151||17.357,GID_7606,1,1,1,1,1,1,1,0,VERIFIED_NO_CONFLICT
Lake Constance||Germany||2020-09-02||47.571||9.522,GID_749,1,1,1,1,1,1,1,0,VERIFIED_NO_CONFLICT
Lake Constance||Germany||2020-09-02||47.57||9.485,GID_750,1,1,1,1,1,1,1,0,VERIFIED_NO_CONFLICT
Lake Constance||Germany||2020-09-02||47.582||9.503,GID_752,1,1,1,1,1,1,1,0,VERIFIED_NO_CONFLICT
Lake Constance||Germany||2020-09-02||47.595||9.484,GID_751,1,1,1,1,1,1,1,0,VERIFIED_NO_CONFLICT
Lake Constance||Germany||2020-09-02||47.596||9.523,GID_748,1,1,1,1,1,1,1,0,VERIFIED_NO_CONFLICT
Lake Constance||Germany||2020-09-03||47.569||9.486,GID_765,1,1,1,1,1,1,1,0,VERIFIED_NO_CONFLICT
Lake Constance||Germany||2020-09-03||47.569||9.52,GID_761,1,1,1,1,1,1,1,0,VERIFIED_NO_CONFLICT
Lake Constance||Germany||2020-09-03||47.57||9.483,GID_764,1,1,1,1,1,1,1,0,VERIFIED_NO_CONFLICT
Lake Constance||Germany||2020-09-03||47.57||9.484,GID_767,1,1,1,1,1,1,1,0,VERIFIED_NO_CONFLICT
Lake Constance||Germany||2020-09-03||47.57||9.522,GID_762,1,1,1,1,1,1,1,0,VERIFIED_NO_CONFLICT
Lake Constance||Germany||2020-09-03||47.57||9.523,GID_758,1,1,1,1,1,1,1,0,VERIFIED_NO_CONFLICT
Lake Constance||Germany||2020-09-03||47.581||9.505,GID_775,1,1,1,1,1,1,1,0,VERIFIED_NO_CONFLICT
Lake Constance||Germany||2020-09-03||47.582||9.503,GID_777,1,1,1,1,1,1,1,0,VERIFIED_NO_CONFLICT
Lake Constance||Germany||2020-09-03||47.583||9.502,GID_774,1,1,1,1,1,1,1,0,VERIFIED_NO_CONFLICT
Lake Constance||Germany||2020-09-03||47.594||9.484,GID_771,1,1,1,1,1,1,1,0,VERIFIED_NO_CONFLICT
Lake Constance||Germany||2020-09-03||47.594||9.521,GID_756,1,1,1,1,1,1,1,0,VERIFIED_NO_CONFLICT
Lake Constance||Germany||2020-09-03||47.594||9.522,GID_757,1,1,1,1,1,1,1,0,VERIFIED_NO_CONFLICT
Lake Constance||Germany||2020-09-03||47.595||9.485,GID_772,1,1,1,1,1,1,1,0,VERIFIED_NO_CONFLICT
Lake Constance||Germany||2020-09-03||47.596||9.486,GID_768,1,1,1,1,1,1,1,0,VERIFIED_NO_CONFLICT
Lake Constance||Germany||2020-09-03||47.596||9.523,GID_753,1,1,1,1,1,1,1,0,VERIFIED_NO_CONFLICT
Lake Czarne||Poland||2008-04-04||54.276||17.439,GID_7574,1,1,1,1,1,1,1,0,VERIFIED_NO_CONFLICT
Lake Czarne||Poland||2008-05-05||54.276||17.439,GID_7575,1,1,1,1,1,1,1,0,VERIFIED_NO_CONFLICT
Lake Czarne||Poland||2008-06-06||54.276||17.439,GID_7576,1,1,1,1,1,1,1,0,VERIFIED_NO_CONFLICT
Lake Czarne||Poland||2008-07-07||54.276||17.439,GID_7577,1,1,1,1,1,1,1,0,VERIFIED_NO_CONFLICT
Lake Czarne||Poland||2009-04-04||54.276||17.439,GID_7578,1,1,1,1,1,1,1,0,VERIFIED_NO_CONFLICT
Lake Czarne||Poland||2009-05-05||54.276||17.439,GID_7579,1,1,1,1,1,1,1,0,VERIFIED_NO_CONFLICT
Lake Czarne||Poland||2009-06-06||54.276||17.439,GID_7580,1,1,1,1,1,1,1,0,VERIFIED_NO_CONFLICT
Lake Czarne||Poland||2009-07-07||54.276||17.439,GID_7581,1,1,1,1,1,1,1,0,VERIFIED_NO_CONFLICT
Lake Czarne||Poland||2009-08-08||54.276||17.439,GID_7582,1,1,1,1,1,1,1,0,VERIFIED_NO_CONFLICT
Lake Czarne||Poland||2009-09-09||54.276||17.439,GID_7583,1,1,1,1,1,1,1,0,VERIFIED_NO_CONFLICT
Lake Czarne||Poland||2009-10-10||54.276||17.439,GID_7584,1,1,1,1,1,1,1,0,VERIFIED_NO_CONFLICT
Lake D (Kainui)||New Zealand||2017-06-08||-37.678||175.234,GID_2326,1,1,1,1,1,1,1,0,VERIFIED_NO_CONFLICT
Lake D (Kainui)||New Zealand||2017-06-09||-37.675||175.233,GID_2327,1,1,1,1,1,1,1,0,VERIFIED_NO_CONFLICT
Lake D (Kainui)||New Zealand||2020-10-11||-37.678||175.232,GID_2465,1,1,1,1,1,1,1,0,VERIFIED_NO_CONFLICT
Lake Dartmouth||Australia||2020-12-15||-36.557||147.606,GID_221,1,1,1,1,1,1,1,0,VERIFIED_NO_CONFLICT
Lake Dartmouth||Australia||2020-12-16||-36.569||147.54,GID_218,1,1,1,1,1,1,1,0,VERIFIED_NO_CONFLICT
Lake Dartmouth||Australia||2020-12-16||-36.602||147.533,GID_219,1,1,1,1,1,1,1,0,VERIFIED_NO_CONFLICT
Lake Dartmouth||Australia||2020-12-17||-36.576||147.574,GID_220,1,1,1,1,1,1,1,0,VERIFIED_NO_CONFLICT
Lake Elistvere||Estonia||2014-09-04||58.571||26.711,GID_37,1,1,1,1,1,1,1,0,VERIFIED_NO_CONFLICT
Lake Elistvere||Estonia||2018-05-11||58.577||26.698,GID_145,1,1,1,1,1,1,1,0,VERIFIED_NO_CONFLICT
Lake Ellesmere (Te Waihora)||New Zealand||2018-02-10||-43.79||172.45,GID_2391,1,1,1,1,1,1,1,0,VERIFIED_NO_CONFLICT
Lake Erie||Canada||2007-09-13||41.841||-82.918,GID_3499,1,1,1,1,1,1,1,0,VERIFIED_NO_CONFLICT
Lake Erie||Canada||2013-08-13||41.468||-82.708,GID_494,1,1,1,1,1,1,1,0,VERIFIED_NO_CONFLICT
Lake Erie||Canada||2013-08-13||41.57||-82.91,GID_493,1,1,1,1,1,1,1,0,VERIFIED_NO_CONFLICT
Lake Erie||Canada||2013-08-13||41.672||-83.17,GID_491,1,1,1,1,1,1,1,0,VERIFIED_NO_CONFLICT
Lake Erie||Canada||2013-08-13||41.698||-83.494,GID_488,1,1,1,1,1,1,1,0,VERIFIED_NO_CONFLICT
Lake Erie||Canada||2013-08-13||41.718||-83.035,GID_492,1,1,1,1,1,1,1,0,VERIFIED_NO_CONFLICT
Lake Erie||Canada||2013-08-13||41.736||-83.373,GID_489,1,1,1,1,1,1,1,0,VERIFIED_NO_CONFLICT
Lake Erie||Canada||2013-08-13||41.754||-83.21,GID_490,1,1,1,1,1,1,1,0,VERIFIED_NO_CONFLICT
Lake Erie||Canada||2013-08-14||41.756||-82.735,GID_495,1,1,1,1,1,1,1,0,VERIFIED_NO_CONFLICT
Lake Erie||Canada||2013-08-14||41.821||-82.969,GID_496,1,1,1,1,1,1,1,0,VERIFIED_NO_CONFLICT
Lake Erie||Canada||2013-08-14||41.922||-82.755,GID_498,1,1,1,1,1,1,1,0,VERIFIED_NO_CONFLICT
Lake Erie||Canada||2013-08-14||41.924||-82.468,GID_500,1,1,1,1,1,1,1,0,VERIFIED_NO_CONFLICT
Lake Erie||Canada||2013-08-14||41.943||-83.043,GID_497,1,1,1,1,1,1,1,0,VERIFIED_NO_CONFLICT
Lake Erie||Canada||2013-08-14||41.976||-82.622,GID_499,1,1,1,1,1,1,1,0,VERIFIED_NO_CONFLICT
Lake Erie||Canada||2013-08-14||41.988||-82.437,GID_501,1,1,1,1,1,1,1,0,VERIFIED_NO_CONFLICT
Lake Erie||Canada||2013-08-15||41.935||-81.641,GID_502,1,1,1,1,1,1,1,0,VERIFIED_NO_CONFLICT
Lake Erie||Canada||2014-08-02||41.983||-82.625,GID_505,1,1,1,1,1,1,1,0,VERIFIED_NO_CONFLICT
Lake Erie||Canada||2014-08-25||42.717||-80.25,GID_542,1,1,1,1,1,1,1,0,VERIFIED_NO_CONFLICT
Lake Erie||Canada||2014-08-26||41.928||-82.469,GID_546,1,1,1,1,1,1,1,0,VERIFIED_NO_CONFLICT
Lake Erie||Canada||2014-08-26||41.936||-81.651,GID_543,1,1,1,1,1,1,1,0,VERIFIED_NO_CONFLICT
Lake Erie||Canada||2014-08-26||41.991||-82.438,GID_545,1,1,1,1,1,1,1,0,VERIFIED_NO_CONFLICT
Lake Erie||Canada||2014-08-26||42.098||-82.142,GID_544,1,1,1,1,1,1,1,0,VERIFIED_NO_CONFLICT
Lake Erie||Canada||2014-08-27||41.47||-82.714,GID_553,1,1,1,1,1,1,1,0,VERIFIED_NO_CONFLICT
Lake Erie||Canada||2014-08-27||41.519||-82.64,GID_547,1,1,1,1,1,1,1,0,VERIFIED_NO_CONFLICT
Lake Erie||Canada||2014-08-27||41.5||-82.5,GID_554,1,1,1,1,1,1,1,0,VERIFIED_NO_CONFLICT
Lake Erie||Canada||2014-08-27||41.608||-82.924,GID_552,1,1,1,1,1,1,1,0,VERIFIED_NO_CONFLICT
Lake Erie||Canada||2014-08-27||41.659||-82.816,GID_551,1,1,1,1,1,1,1,0,VERIFIED_NO_CONFLICT
Lake Erie||Canada||2014-08-27||41.759||-82.737,GID_550,1,1,1,1,1,1,1,0,VERIFIED_NO_CONFLICT
Lake Erie||Canada||2014-08-27||41.925||-82.759,GID_549,1,1,1,1,1,1,1,0,VERIFIED_NO_CONFLICT
Lake Erie||Canada||2014-08-27||41.983||-82.625,GID_548,1,1,1,1,1,1,1,0,VERIFIED_NO_CONFLICT
Lake Erie||Canada||2014-09-03||41.519||-82.64,GID_512,1,1,1,1,1,1,1,0,VERIFIED_NO_CONFLICT
Lake Erie||Canada||2014-09-03||41.659||-82.817,GID_511,1,1,1,1,1,1,1,0,VERIFIED_NO_CONFLICT
Lake Erie||Canada||2014-09-03||41.734||-83.386,GID_509,1,1,1,1,1,1,1,0,VERIFIED_NO_CONFLICT
Lake Erie||Canada||2014-09-03||41.791||-83.333,GID_508,1,1,1,1,1,1,1,0,VERIFIED_NO_CONFLICT
Lake Erie||Canada||2014-09-03||41.825||-82.975,GID_510,1,1,1,1,1,1,1,0,VERIFIED_NO_CONFLICT
Lake Erie||Canada||2014-09-04||42.582||-79.928,GID_517,1,1,1,1,1,1,1,0,VERIFIED_NO_CONFLICT
Lake Erie||Canada||2014-09-04||42.584||-79.913,GID_518,1,1,1,1,1,1,1,0,VERIFIED_NO_CONFLICT
Lake Erie||Canada||2014-09-04||42.717||-80.25,GID_519,1,1,1,1,1,1,1,0,VERIFIED_NO_CONFLICT
Lake Erie||Canada||2014-09-04||42.845||-79.574,GID_520,1,1,1,1,1,1,1,0,VERIFIED_NO_CONFLICT
Lake Erie||Canada||2015-08-19||41.45||-82.435,GID_556,1,1,1,1,1,1,1,0,VERIFIED_NO_CONFLICT
Lake Erie||Canada||2015-08-19||41.468||-82.709,GID_555,1,1,1,1,1,1,1,0,VERIFIED_NO_CONFLICT
Lake Erie||Canada||2015-08-19||41.5||-82.5,GID_557,1,1,1,1,1,1,1,0,VERIFIED_NO_CONFLICT
Lake Erie||Canada||2015-08-19||41.617||-82.551,GID_558,1,1,1,1,1,1,1,0,VERIFIED_NO_CONFLICT
Lake Erie||Canada||2015-08-19||41.8||-82.284,GID_559,1,1,1,1,1,1,1,0,VERIFIED_NO_CONFLICT
Lake Erie||Canada||2015-08-20||41.671||-83.171,GID_565,1,1,1,1,1,1,1,0,VERIFIED_NO_CONFLICT
Lake Erie||Canada||2015-08-20||41.754||-83.217,GID_564,1,1,1,1,1,1,1,0,VERIFIED_NO_CONFLICT
Lake Erie||Canada||2015-08-20||41.84||-83.285,GID_563,1,1,1,1,1,1,1,0,VERIFIED_NO_CONFLICT
Lake Erie||Canada||2015-08-20||41.867||-83.193,GID_562,1,1,1,1,1,1,1,0,VERIFIED_NO_CONFLICT
Lake Erie||Canada||2015-08-20||41.95||-83.043,GID_560,1,1,1,1,1,1,1,0,VERIFIED_NO_CONFLICT
Lake Erie||Canada||2015-08-20||41.968||-83.204,GID_561,1,1,1,1,1,1,1,0,VERIFIED_NO_CONFLICT
Lake Erie||United States of America (the)||2007-09-12||41.667||-82.5,GID_3494,1,1,1,1,1,1,1,0,VERIFIED_NO_CONFLICT
Lake Erie||United States of America (the)||2007-09-12||41.788||-81.945,GID_3493,1,1,1,1,1,1,1,0,VERIFIED_NO_CONFLICT
Lake Erie||United States of America (the)||2007-09-13||41.727||-83.15,GID_3495,1,1,1,1,1,1,1,0,VERIFIED_NO_CONFLICT
Lake Erie||United States of America (the)||2007-09-13||41.733||-83.25,GID_3496,1,1,1,1,1,1,1,0,VERIFIED_NO_CONFLICT
Lake Erie||United States of America (the)||2007-09-13||41.792||-83.331,GID_3497,1,1,1,1,1,1,1,0,VERIFIED_NO_CONFLICT
Lake Erie||United States of America (the)||2007-09-13||41.89||-83.198,GID_3498,1,1,1,1,1,1,1,0,VERIFIED_NO_CONFLICT
Lake Erie||United States of America (the)||2007-09-14||41.501||-82.501,GID_3501,1,1,1,1,1,1,1,0,VERIFIED_NO_CONFLICT
Lake Erie||United States of America (the)||2007-09-14||41.519||-82.638,GID_3500,1,1,1,1,1,1,1,0,VERIFIED_NO_CONFLICT
Lake Erie||United States of America (the)||2013-08-20||41.804||-83.256,GID_3277,1,1,1,1,1,1,1,0,VERIFIED_NO_CONFLICT
Lake Erie||United States of America (the)||2013-08-20||41.828||-83.196,GID_3276,1,1,1,1,1,1,1,0,VERIFIED_NO_CONFLICT
Lake Erie||United States of America (the)||2013-08-20||41.836||-83.361,GID_3279,1,1,1,1,1,1,1,0,VERIFIED_NO_CONFLICT
Lake Erie||United States of America (the)||2013-08-20||41.859||-83.264,GID_3278,1,1,1,1,1,1,1,0,VERIFIED_NO_CONFLICT
Lake Erie||United States of America (the)||2013-08-21||41.566||-82.709,GID_3281,1,1,1,1,1,1,1,0,VERIFIED_NO_CONFLICT
Lake Erie||United States of America (the)||2013-08-21||41.606||-82.623,GID_3282,1,1,1,1,1,1,1,0,VERIFIED_NO_CONFLICT
Lake Erie||United States of America (the)||2013-08-21||41.695||-82.879,GID_3283,1,1,1,1,1,1,1,0,VERIFIED_NO_CONFLICT
Lake Erie||United States of America (the)||2013-08-21||41.698||-82.739,GID_3280,1,1,1,1,1,1,1,0,VERIFIED_NO_CONFLICT
Lake Erie||United States of America (the)||2013-08-22||41.915||-83.122,GID_3285,1,1,1,1,1,1,1,0,VERIFIED_NO_CONFLICT
Lake Erie||United States of America (the)||2013-08-22||41.93||-83.215,GID_3284,1,1,1,1,1,1,1,0,VERIFIED_NO_CONFLICT
Lake Erie||United States of America (the)||2013-08-22||41.945||-83.151,GID_3286,1,1,1,1,1,1,1,0,VERIFIED_NO_CONFLICT
Lake Erie||United States of America (the)||2013-08-22||41.987||-83.139,GID_3287,1,1,1,1,1,1,1,0,VERIFIED_NO_CONFLICT
Lake Erie||United States of America (the)||2013-08-23||41.717||-83.378,GID_3289,1,1,1,1,1,1,1,0,VERIFIED_NO_CONFLICT
Lake Erie||United States of America (the)||2013-08-23||41.75||-83.35,GID_3290,1,1,1,1,1,1,1,0,VERIFIED_NO_CONFLICT
Lake Erie||United States of America (the)||2013-08-23||41.762||-83.333,GID_3288,1,1,1,1,1,1,1,0,VERIFIED_NO_CONFLICT
Lake Erie||United States of America (the)||2013-08-23||41.769||-83.389,GID_3291,1,1,1,1,1,1,1,0,VERIFIED_NO_CONFLICT
Lake Erie||United States of America (the)||2014-06-30||41.703||-83.258,GID_6721,1,1,1,1,1,1,1,0,VERIFIED_NO_CONFLICT
Lake Erie||United States of America (the)||2014-06-30||41.717||-83.383,GID_6720,1,1,1,1,1,1,1,0,VERIFIED_NO_CONFLICT
Lake Erie||United States of America (the)||2014-06-30||41.763||-83.33,GID_6719,1,1,1,1,1,1,1,0,VERIFIED_NO_CONFLICT
Lake Erie||United States of America (the)||2014-06-30||41.826||-83.196,GID_6722,1,1,1,1,1,1,1,0,VERIFIED_NO_CONFLICT
Lake Erie||United States of America (the)||2014-06-30||41.833||-83.363,GID_6723,1,1,1,1,1,1,1,0,VERIFIED_NO_CONFLICT
Lake Erie||United States of America (the)||2014-07-14||41.835||-83.35,GID_6724,1,1,1,1,1,1,1,0,VERIFIED_NO_CONFLICT
Lake Erie||United States of America (the)||2014-07-21||41.704||-83.256,GID_6726,1,1,1,1,1,1,1,0,VERIFIED_NO_CONFLICT
Lake Erie||United States of America (the)||2014-07-21||41.742||-83.137,GID_6727,1,1,1,1,1,1,1,0,VERIFIED_NO_CONFLICT
Lake Erie||United States of America (the)||2014-07-21||41.764||-83.332,GID_6725,1,1,1,1,1,1,1,0,VERIFIED_NO_CONFLICT
Lake Erie||United States of America (the)||2014-07-21||41.827||-83.196,GID_6728,1,1,1,1,1,1,1,0,VERIFIED_NO_CONFLICT
Lake Erie||United States of America (the)||2014-07-21||41.834||-83.363,GID_6729,1,1,1,1,1,1,1,0,VERIFIED_NO_CONFLICT
Lake Erie||United States of America (the)||2014-07-29||41.703||-83.258,GID_6732,1,1,1,1,1,1,1,0,VERIFIED_NO_CONFLICT
Lake Erie||United States of America (the)||2014-07-29||41.712||-83.382,GID_6731,1,1,1,1,1,1,1,0,VERIFIED_NO_CONFLICT
Lake Erie||United States of America (the)||2014-07-29||41.739||-83.136,GID_6733,1,1,1,1,1,1,1,0,VERIFIED_NO_CONFLICT
Lake Erie||United States of America (the)||2014-07-29||41.765||-83.331,GID_6730,1,1,1,1,1,1,1,0,VERIFIED_NO_CONFLICT
Lake Erie||United States of America (the)||2014-07-29||41.827||-83.195,GID_6734,1,1,1,1,1,1,1,0,VERIFIED_NO_CONFLICT
Lake Erie||United States of America (the)||2014-08-04||41.742||-83.138,GID_6739,1,1,1,1,1,1,1,0,VERIFIED_NO_CONFLICT
Lake Erie||United States of America (the)||2014-08-04||41.829||-83.194,GID_6740,1,1,1,1,1,1,1,0,VERIFIED_NO_CONFLICT
Lake Erie||United States of America (the)||2014-08-04||41.838||-83.364,GID_6741,1,1,1,1,1,1,1,0,VERIFIED_NO_CONFLICT
Lake Erie||United States of America (the)||2014-08-19||41.914||-83.111,GID_3298,1,1,1,1,1,1,1,0,VERIFIED_NO_CONFLICT
Lake Erie||United States of America (the)||2014-08-19||41.936||-83.215,GID_3299,1,1,1,1,1,1,1,0,VERIFIED_NO_CONFLICT
Lake Erie||United States of America (the)||2014-08-19||41.949||-83.162,GID_3300,1,1,1,1,1,1,1,0,VERIFIED_NO_CONFLICT
Lake Erie||United States of America (the)||2014-08-19||41.996||-83.131,GID_3301,1,1,1,1,1,1,1,0,VERIFIED_NO_CONFLICT
Lake Erie||United States of America (the)||2014-08-20||41.545||-82.518,GID_3305,1,1,1,1,1,1,1,0,VERIFIED_NO_CONFLICT
Lake Erie||United States of America (the)||2014-08-20||41.581||-82.729,GID_3304,1,1,1,1,1,1,1,0,VERIFIED_NO_CONFLICT
Lake Erie||United States of America (the)||2014-08-20||41.589||-82.884,GID_3306,1,1,1,1,1,1,1,0,VERIFIED_NO_CONFLICT
Lake Erie||United States of America (the)||2014-08-20||41.669||-82.748,GID_3303,1,1,1,1,1,1,1,0,VERIFIED_NO_CONFLICT
Lake Erie||United States of America (the)||2014-08-20||41.701||-83.063,GID_3307,1,1,1,1,1,1,1,0,VERIFIED_NO_CONFLICT
Lake Erie||United States of America (the)||2014-08-20||41.719||-82.876,GID_3302,1,1,1,1,1,1,1,0,VERIFIED_NO_CONFLICT
Lake Erie||United States of America (the)||2014-08-21||41.643||-83.04,GID_3310,1,1,1,1,1,1,1,0,VERIFIED_NO_CONFLICT
Lake Erie||United States of America (the)||2014-08-21||41.691||-82.994,GID_3309,1,1,1,1,1,1,1,0,VERIFIED_NO_CONFLICT
Lake Erie||United States of America (the)||2014-08-21||41.69||-83.112,GID_3311,1,1,1,1,1,1,1,0,VERIFIED_NO_CONFLICT
Lake Erie||United States of America (the)||2014-08-21||41.828||-83.199,GID_3308,1,1,1,1,1,1,1,0,VERIFIED_NO_CONFLICT
Lake Erie||United States of America (the)||2014-08-25||41.705||-83.256,GID_6743,1,1,1,1,1,1,1,0,VERIFIED_NO_CONFLICT
Lake Erie||United States of America (the)||2014-08-25||41.714||-83.381,GID_6742,1,1,1,1,1,1,1,0,VERIFIED_NO_CONFLICT
Lake Erie||United States of America (the)||2014-09-08||41.711||-83.381,GID_6751,1,1,1,1,1,1,1,0,VERIFIED_NO_CONFLICT
Lake Erie||United States of America (the)||2014-09-08||41.742||-83.136,GID_6752,1,1,1,1,1,1,1,0,VERIFIED_NO_CONFLICT
Lake Erie||United States of America (the)||2014-09-08||41.765||-83.333,GID_6750,1,1,1,1,1,1,1,0,VERIFIED_NO_CONFLICT
Lake Erie||United States of America (the)||2014-09-08||41.826||-83.194,GID_6753,1,1,1,1,1,1,1,0,VERIFIED_NO_CONFLICT
Lake Erie||United States of America (the)||2014-09-08||41.833||-83.364,GID_6754,1,1,1,1,1,1,1,0,VERIFIED_NO_CONFLICT
Lake Erie||United States of America (the)||2014-09-29||41.71||-83.383,GID_6768,1,1,1,1,1,1,1,0,VERIFIED_NO_CONFLICT
Lake Erie||United States of America (the)||2014-09-29||41.827||-83.195,GID_6769,1,1,1,1,1,1,1,0,VERIFIED_NO_CONFLICT
Lake Erie||United States of America (the)||2014-09-29||41.836||-83.361,GID_6770,1,1,1,1,1,1,1,0,VERIFIED_NO_CONFLICT
Lake Erie||United States of America (the)||2014-10-15||41.704||-83.262,GID_6773,1,1,1,1,1,1,1,0,VERIFIED_NO_CONFLICT
Lake Erie||United States of America (the)||2014-10-15||41.712||-83.381,GID_6772,1,1,1,1,1,1,1,0,VERIFIED_NO_CONFLICT
Lake Erie||United States of America (the)||2014-10-15||41.741||-83.144,GID_6774,1,1,1,1,1,1,1,0,VERIFIED_NO_CONFLICT
Lake Erie||United States of America (the)||2014-10-15||41.827||-83.194,GID_6775,1,1,1,1,1,1,1,0,VERIFIED_NO_CONFLICT
Lake Erie||United States of America (the)||2014-10-27||41.71||-83.378,GID_6776,1,1,1,1,1,1,1,0,VERIFIED_NO_CONFLICT
Lake Erie||United States of America (the)||2014-10-27||41.836||-83.356,GID_6777,1,1,1,1,1,1,1,0,VERIFIED_NO_CONFLICT
Lake Erie||United States of America (the)||2014-11-03||41.714||-83.375,GID_6779,1,1,1,1,1,1,1,0,VERIFIED_NO_CONFLICT
Lake Erie||United States of America (the)||2014-11-03||41.763||-83.331,GID_6778,1,1,1,1,1,1,1,0,VERIFIED_NO_CONFLICT
Lake Erie||United States of America (the)||2015-06-18||41.704||-83.256,GID_6784,1,1,1,1,1,1,1,0,VERIFIED_NO_CONFLICT
Lake Erie||United States of America (the)||2015-06-18||41.716||-83.383,GID_6783,1,1,1,1,1,1,1,0,VERIFIED_NO_CONFLICT
Lake Erie||United States of America (the)||2015-06-18||41.743||-83.139,GID_6785,1,1,1,1,1,1,1,0,VERIFIED_NO_CONFLICT
Lake Erie||United States of America (the)||2015-06-18||41.827||-83.193,GID_6786,1,1,1,1,1,1,1,0,VERIFIED_NO_CONFLICT
Lake Erie||United States of America (the)||2015-06-18||41.834||-83.352,GID_6787,1,1,1,1,1,1,1,0,VERIFIED_NO_CONFLICT
Lake Erie||United States of America (the)||2015-06-22||41.703||-83.259,GID_6790,1,1,1,1,1,1,1,0,VERIFIED_NO_CONFLICT
Lake Erie||United States of America (the)||2015-06-22||41.71||-83.381,GID_6789,1,1,1,1,1,1,1,0,VERIFIED_NO_CONFLICT
Lake Erie||United States of America (the)||2015-06-22||41.742||-83.138,GID_6791,1,1,1,1,1,1,1,0,VERIFIED_NO_CONFLICT
Lake Erie||United States of America (the)||2015-06-22||41.765||-83.329,GID_6788,1,1,1,1,1,1,1,0,VERIFIED_NO_CONFLICT
Lake Erie||United States of America (the)||2015-06-22||41.827||-83.193,GID_6792,1,1,1,1,1,1,1,0,VERIFIED_NO_CONFLICT
Lake Erie||United States of America (the)||2015-06-22||41.836||-83.352,GID_6793,1,1,1,1,1,1,1,0,VERIFIED_NO_CONFLICT
Lake Erie||United States of America (the)||2015-07-06||41.701||-83.379,GID_6795,1,1,1,1,1,1,1,0,VERIFIED_NO_CONFLICT
Lake Erie||United States of America (the)||2015-07-06||41.706||-83.263,GID_6796,1,1,1,1,1,1,1,0,VERIFIED_NO_CONFLICT
Lake Erie||United States of America (the)||2015-07-06||41.742||-83.142,GID_6797,1,1,1,1,1,1,1,0,VERIFIED_NO_CONFLICT
Lake Erie||United States of America (the)||2015-07-06||41.766||-83.333,GID_6794,1,1,1,1,1,1,1,0,VERIFIED_NO_CONFLICT
Lake Erie||United States of America (the)||2015-07-06||41.826||-83.193,GID_6798,1,1,1,1,1,1,1,0,VERIFIED_NO_CONFLICT
Lake Erie||United States of America (the)||2015-07-06||41.835||-83.361,GID_6799,1,1,1,1,1,1,1,0,VERIFIED_NO_CONFLICT
Lake Erie||United States of America (the)||2015-07-13||41.712||-83.376,GID_6804;GID_6805,1,1,1,1,1,1,1,0,VERIFIED_NO_CONFLICT
Lake Erie||United States of America (the)||2015-07-13||41.766||-83.328,GID_6802;GID_6803,1,1,1,1,1,1,1,0,VERIFIED_NO_CONFLICT
Lake Erie||United States of America (the)||2015-07-13||41.833||-83.365,GID_6800;GID_6801,1,1,1,1,1,1,1,0,VERIFIED_NO_CONFLICT
Lake Erie||United States of America (the)||2015-07-14||41.704||-83.255,GID_6806,1,1,1,1,1,1,1,0,VERIFIED_NO_CONFLICT
Lake Erie||United States of America (the)||2015-07-14||41.742||-83.139,GID_6807,1,1,1,1,1,1,1,0,VERIFIED_NO_CONFLICT
Lake Erie||United States of America (the)||2015-07-14||41.826||-83.192,GID_6808,1,1,1,1,1,1,1,0,VERIFIED_NO_CONFLICT
Lake Erie||United States of America (the)||2015-07-20||41.705||-83.257,GID_6811,1,1,1,1,1,1,1,0,VERIFIED_NO_CONFLICT
Lake Erie||United States of America (the)||2015-07-20||41.71||-83.38,GID_6810,1,1,1,1,1,1,1,0,VERIFIED_NO_CONFLICT
Lake Erie||United States of America (the)||2015-07-20||41.72||-83.016,GID_6812,1,1,1,1,1,1,1,0,VERIFIED_NO_CONFLICT
Lake Erie||United States of America (the)||2015-07-20||41.746||-83.133,GID_6813,1,1,1,1,1,1,1,0,VERIFIED_NO_CONFLICT
Lake Erie||United States of America (the)||2015-07-20||41.766||-83.331,GID_6809,1,1,1,1,1,1,1,0,VERIFIED_NO_CONFLICT
Lake Erie||United States of America (the)||2015-07-20||41.826||-83.195,GID_6814,1,1,1,1,1,1,1,0,VERIFIED_NO_CONFLICT
Lake Erie||United States of America (the)||2015-07-20||41.836||-83.362,GID_6815,1,1,1,1,1,1,1,0,VERIFIED_NO_CONFLICT
Lake Erie||United States of America (the)||2015-07-27||41.618||-83.012,GID_6819,1,1,1,1,1,1,1,0,VERIFIED_NO_CONFLICT
Lake Erie||United States of America (the)||2015-07-27||41.704||-83.258,GID_6818,1,1,1,1,1,1,1,0,VERIFIED_NO_CONFLICT
Lake Erie||United States of America (the)||2015-07-27||41.712||-83.378,GID_6817,1,1,1,1,1,1,1,0,VERIFIED_NO_CONFLICT
Lake Erie||United States of America (the)||2015-07-27||41.718||-83.015,GID_6820,1,1,1,1,1,1,1,0,VERIFIED_NO_CONFLICT
Lake Erie||United States of America (the)||2015-07-27||41.744||-83.138,GID_6821,1,1,1,1,1,1,1,0,VERIFIED_NO_CONFLICT
Lake Erie||United States of America (the)||2015-07-27||41.765||-83.331,GID_6816,1,1,1,1,1,1,1,0,VERIFIED_NO_CONFLICT
Lake Erie||United States of America (the)||2015-07-27||41.826||-83.194,GID_6822,1,1,1,1,1,1,1,0,VERIFIED_NO_CONFLICT
Lake Erie||United States of America (the)||2015-07-27||41.834||-83.364,GID_6823,1,1,1,1,1,1,1,0,VERIFIED_NO_CONFLICT
Lake Erie||United States of America (the)||2015-08-04||41.616||-83.018,GID_6826,1,1,1,1,1,1,1,0,VERIFIED_NO_CONFLICT
Lake Erie||United States of America (the)||2015-08-04||41.703||-83.255,GID_6825,1,1,1,1,1,1,1,0,VERIFIED_NO_CONFLICT
Lake Erie||United States of America (the)||2015-08-04||41.721||-83.014,GID_6827,1,1,1,1,1,1,1,0,VERIFIED_NO_CONFLICT
Lake Erie||United States of America (the)||2015-08-04||41.726||-83.193,GID_6829,1,1,1,1,1,1,1,0,VERIFIED_NO_CONFLICT
Lake Erie||United States of America (the)||2015-08-04||41.743||-83.052,GID_6828,1,1,1,1,1,1,1,0,VERIFIED_NO_CONFLICT
Lake Erie||United States of America (the)||2015-08-04||41.765||-83.326,GID_6824,1,1,1,1,1,1,1,0,VERIFIED_NO_CONFLICT
Lake Erie||United States of America (the)||2015-08-04||41.833||-83.363,GID_6830,1,1,1,1,1,1,1,0,VERIFIED_NO_CONFLICT
Lake Erie||United States of America (the)||2015-08-10||41.616||-83.011,GID_6831,1,1,1,1,1,1,1,0,VERIFIED_NO_CONFLICT
Lake Erie||United States of America (the)||2015-08-10||41.717||-83.016,GID_6832,1,1,1,1,1,1,1,0,VERIFIED_NO_CONFLICT
Lake Erie||United States of America (the)||2015-08-17||41.617||-83.012,GID_6836,1,1,1,1,1,1,1,0,VERIFIED_NO_CONFLICT
Lake Erie||United States of America (the)||2015-08-17||41.704||-83.256,GID_6835,1,1,1,1,1,1,1,0,VERIFIED_NO_CONFLICT
Lake Erie||United States of America (the)||2015-08-17||41.718||-83.017,GID_6837,1,1,1,1,1,1,1,0,VERIFIED_NO_CONFLICT
Lake Erie||United States of America (the)||2015-08-17||41.71||-83.382,GID_6834,1,1,1,1,1,1,1,0,VERIFIED_NO_CONFLICT
Lake Erie||United States of America (the)||2015-08-17||41.745||-83.135,GID_6838,1,1,1,1,1,1,1,0,VERIFIED_NO_CONFLICT
Lake Erie||United States of America (the)||2015-08-17||41.765||-83.333,GID_6833,1,1,1,1,1,1,1,0,VERIFIED_NO_CONFLICT
Lake Erie||United States of America (the)||2015-08-17||41.826||-83.194,GID_6839,1,1,1,1,1,1,1,0,VERIFIED_NO_CONFLICT
Lake Erie||United States of America (the)||2015-08-17||41.833||-83.362,GID_6840,1,1,1,1,1,1,1,0,VERIFIED_NO_CONFLICT
Lake Erie||United States of America (the)||2015-08-24||41.617||-83.009,GID_6847;GID_6848,1,1,1,1,1,1,1,0,VERIFIED_NO_CONFLICT
Lake Erie||United States of America (the)||2015-08-24||41.702||-83.256,GID_6845;GID_6846,1,1,1,1,1,1,1,0,VERIFIED_NO_CONFLICT
Lake Erie||United States of America (the)||2015-08-24||41.711||-83.381,GID_6843;GID_6844,1,1,1,1,1,1,1,0,VERIFIED_NO_CONFLICT
Lake Erie||United States of America (the)||2015-08-24||41.765||-83.332,GID_6841;GID_6842,1,1,1,1,1,1,1,0,VERIFIED_NO_CONFLICT
Lake Erie||United States of America (the)||2015-08-25||41.72||-83.018,GID_6849,1,1,1,1,1,1,1,0,VERIFIED_NO_CONFLICT
Lake Erie||United States of America (the)||2015-08-25||41.745||-83.135,GID_6850,1,1,1,1,1,1,1,0,VERIFIED_NO_CONFLICT
Lake Erie||United States of America (the)||2015-08-25||41.827||-83.194,GID_6851,1,1,1,1,1,1,1,0,VERIFIED_NO_CONFLICT
Lake Erie||United States of America (the)||2015-08-25||41.833||-83.364,GID_6852,1,1,1,1,1,1,1,0,VERIFIED_NO_CONFLICT
Lake Erie||United States of America (the)||2015-08-31||41.618||-83.012,GID_6856,1,1,1,1,1,1,1,0,VERIFIED_NO_CONFLICT
Lake Erie||United States of America (the)||2015-08-31||41.704||-83.257,GID_6855,1,1,1,1,1,1,1,0,VERIFIED_NO_CONFLICT
Lake Erie||United States of America (the)||2015-08-31||41.711||-83.379,GID_6854,1,1,1,1,1,1,1,0,VERIFIED_NO_CONFLICT
Lake Erie||United States of America (the)||2015-08-31||41.718||-83.017,GID_6857,1,1,1,1,1,1,1,0,VERIFIED_NO_CONFLICT
Lake Erie||United States of America (the)||2015-08-31||41.744||-83.134,GID_6858,1,1,1,1,1,1,1,0,VERIFIED_NO_CONFLICT
Lake Erie||United States of America (the)||2015-08-31||41.764||-83.329,GID_6853,1,1,1,1,1,1,1,0,VERIFIED_NO_CONFLICT
Lake Erie||United States of America (the)||2015-08-31||41.826||-83.192,GID_6859,1,1,1,1,1,1,1,0,VERIFIED_NO_CONFLICT
Lake Erie||United States of America (the)||2015-08-31||41.835||-83.363,GID_6860,1,1,1,1,1,1,1,0,VERIFIED_NO_CONFLICT
Lake Erie||United States of America (the)||2015-09-08||41.194||-83.194,GID_6866,1,1,1,1,1,1,1,0,VERIFIED_NO_CONFLICT
Lake Erie||United States of America (the)||2015-09-08||41.617||-83.013,GID_6864,1,1,1,1,1,1,1,0,VERIFIED_NO_CONFLICT
Lake Erie||United States of America (the)||2015-09-08||41.703||-83.255,GID_6863,1,1,1,1,1,1,1,0,VERIFIED_NO_CONFLICT
Lake Erie||United States of America (the)||2015-09-08||41.711||-83.379,GID_6862,1,1,1,1,1,1,1,0,VERIFIED_NO_CONFLICT
Lake Erie||United States of America (the)||2015-09-08||41.718||-83.016,GID_6865,1,1,1,1,1,1,1,0,VERIFIED_NO_CONFLICT
Lake Erie||United States of America (the)||2015-09-08||41.764||-83.332,GID_6861,1,1,1,1,1,1,1,0,VERIFIED_NO_CONFLICT
Lake Erie||United States of America (the)||2015-09-08||41.834||-83.363,GID_6867,1,1,1,1,1,1,1,0,VERIFIED_NO_CONFLICT
Lake Erie||United States of America (the)||2015-09-14||41.617||-83.008,GID_6871,1,1,1,1,1,1,1,0,VERIFIED_NO_CONFLICT
Lake Erie||United States of America (the)||2015-09-14||41.703||-83.256,GID_6870,1,1,1,1,1,1,1,0,VERIFIED_NO_CONFLICT
Lake Erie||United States of America (the)||2015-09-14||41.706||-83.383,GID_6869,1,1,1,1,1,1,1,0,VERIFIED_NO_CONFLICT
Lake Erie||United States of America (the)||2015-09-14||41.719||-83.017,GID_6872,1,1,1,1,1,1,1,0,VERIFIED_NO_CONFLICT
Lake Erie||United States of America (the)||2015-09-14||41.739||-83.134,GID_6873,1,1,1,1,1,1,1,0,VERIFIED_NO_CONFLICT
Lake Erie||United States of America (the)||2015-09-14||41.765||-83.328,GID_6868,1,1,1,1,1,1,1,0,VERIFIED_NO_CONFLICT
Lake Erie||United States of America (the)||2015-09-14||41.826||-83.194,GID_6874,1,1,1,1,1,1,1,0,VERIFIED_NO_CONFLICT
Lake Erie||United States of America (the)||2015-09-14||41.834||-83.361,GID_6875,1,1,1,1,1,1,1,0,VERIFIED_NO_CONFLICT
Lake Erie||United States of America (the)||2015-09-21||41.705||-83.136,GID_6879,1,1,1,1,1,1,1,0,VERIFIED_NO_CONFLICT
Lake Erie||United States of America (the)||2015-09-21||41.706||-83.256,GID_6878,1,1,1,1,1,1,1,0,VERIFIED_NO_CONFLICT
Lake Erie||United States of America (the)||2015-09-21||41.713||-83.376,GID_6877,1,1,1,1,1,1,1,0,VERIFIED_NO_CONFLICT
Lake Erie||United States of America (the)||2015-09-21||41.764||-83.33,GID_6876,1,1,1,1,1,1,1,0,VERIFIED_NO_CONFLICT
Lake Erie||United States of America (the)||2015-09-21||41.826||-83.195,GID_6880,1,1,1,1,1,1,1,0,VERIFIED_NO_CONFLICT
Lake Erie||United States of America (the)||2015-09-21||41.834||-83.363,GID_6881,1,1,1,1,1,1,1,0,VERIFIED_NO_CONFLICT
Lake Erie||United States of America (the)||2015-09-28||41.618||-83.009,GID_6885,1,1,1,1,1,1,1,0,VERIFIED_NO_CONFLICT
Lake Erie||United States of America (the)||2015-09-28||41.703||-83.256,GID_6884,1,1,1,1,1,1,1,0,VERIFIED_NO_CONFLICT
Lake Erie||United States of America (the)||2015-09-28||41.711||-83.379,GID_6883,1,1,1,1,1,1,1,0,VERIFIED_NO_CONFLICT
Lake Erie||United States of America (the)||2015-09-28||41.719||-83.014,GID_6886,1,1,1,1,1,1,1,0,VERIFIED_NO_CONFLICT
Lake Erie||United States of America (the)||2015-09-28||41.743||-83.136,GID_6887,1,1,1,1,1,1,1,0,VERIFIED_NO_CONFLICT
Lake Erie||United States of America (the)||2015-09-28||41.763||-83.33,GID_6882,1,1,1,1,1,1,1,0,VERIFIED_NO_CONFLICT
Lake Erie||United States of America (the)||2015-09-28||41.826||-83.194,GID_6888,1,1,1,1,1,1,1,0,VERIFIED_NO_CONFLICT
Lake Erie||United States of America (the)||2015-09-28||41.834||-83.362,GID_6889,1,1,1,1,1,1,1,0,VERIFIED_NO_CONFLICT
Lake Erie||United States of America (the)||2015-10-05||41.554||-83.015,GID_6893,1,1,1,1,1,1,1,0,VERIFIED_NO_CONFLICT
Lake Erie||United States of America (the)||2015-10-05||41.617||-83.009,GID_6892,1,1,1,1,1,1,1,0,VERIFIED_NO_CONFLICT
Lake Erie||United States of America (the)||2015-10-05||41.702||-83.254,GID_6891,1,1,1,1,1,1,1,0,VERIFIED_NO_CONFLICT
Lake Erie||United States of America (the)||2015-10-05||41.764||-83.329,GID_6890,1,1,1,1,1,1,1,0,VERIFIED_NO_CONFLICT
Lake Erie||United States of America (the)||2015-10-05||41.825||-83.195,GID_6894,1,1,1,1,1,1,1,0,VERIFIED_NO_CONFLICT
Lake Erie||United States of America (the)||2015-10-05||41.835||-83.365,GID_6895,1,1,1,1,1,1,1,0,VERIFIED_NO_CONFLICT
Lake Erie||United States of America (the)||2015-10-14||41.619||-83.014,GID_6899,1,1,1,1,1,1,1,0,VERIFIED_NO_CONFLICT
Lake Erie||United States of America (the)||2015-10-14||41.703||-83.256,GID_6898,1,1,1,1,1,1,1,0,VERIFIED_NO_CONFLICT
Lake Erie||United States of America (the)||2015-10-14||41.712||-83.382,GID_6897,1,1,1,1,1,1,1,0,VERIFIED_NO_CONFLICT
Lake Erie||United States of America (the)||2015-10-14||41.718||-83.017,GID_6900,1,1,1,1,1,1,1,0,VERIFIED_NO_CONFLICT
Lake Erie||United States of America (the)||2015-10-14||41.744||-83.134,GID_6901,1,1,1,1,1,1,1,0,VERIFIED_NO_CONFLICT
Lake Erie||United States of America (the)||2015-10-14||41.765||-83.332,GID_6896,1,1,1,1,1,1,1,0,VERIFIED_NO_CONFLICT
Lake Erie||United States of America (the)||2015-10-14||41.826||-83.194,GID_6902,1,1,1,1,1,1,1,0,VERIFIED_NO_CONFLICT
Lake Erie||United States of America (the)||2015-10-14||41.834||-83.361,GID_6903,1,1,1,1,1,1,1,0,VERIFIED_NO_CONFLICT
Lake Erie||United States of America (the)||2015-10-19||41.617||-83.009,GID_6907,1,1,1,1,1,1,1,0,VERIFIED_NO_CONFLICT
Lake Erie||United States of America (the)||2015-10-19||41.703||-83.255,GID_6906,1,1,1,1,1,1,1,0,VERIFIED_NO_CONFLICT
Lake Erie||United States of America (the)||2015-10-19||41.709||-83.38,GID_6905,1,1,1,1,1,1,1,0,VERIFIED_NO_CONFLICT
Lake Erie||United States of America (the)||2015-10-19||41.719||-83.016,GID_6908,1,1,1,1,1,1,1,0,VERIFIED_NO_CONFLICT
Lake Erie||United States of America (the)||2015-10-19||41.765||-83.33,GID_6904,1,1,1,1,1,1,1,0,VERIFIED_NO_CONFLICT
Lake Erie||United States of America (the)||2015-10-19||41.842||-83.363,GID_6909,1,1,1,1,1,1,1,0,VERIFIED_NO_CONFLICT
Lake Erie||United States of America (the)||2016-06-27||41.618||-83.014,GID_6914,1,1,1,1,1,1,1,0,VERIFIED_NO_CONFLICT
Lake Erie||United States of America (the)||2016-06-27||41.704||-83.256,GID_6913,1,1,1,1,1,1,1,0,VERIFIED_NO_CONFLICT
Lake Erie||United States of America (the)||2016-06-27||41.705||-83.386,GID_6912,1,1,1,1,1,1,1,0,VERIFIED_NO_CONFLICT
Lake Erie||United States of America (the)||2016-06-27||41.718||-83.426,GID_6911,1,1,1,1,1,1,1,0,VERIFIED_NO_CONFLICT
Lake Erie||United States of America (the)||2016-06-27||41.742||-83.136,GID_6915,1,1,1,1,1,1,1,0,VERIFIED_NO_CONFLICT
Lake Erie||United States of America (the)||2016-06-27||41.825||-83.403,GID_6910,1,1,1,1,1,1,1,0,VERIFIED_NO_CONFLICT
Lake Erie||United States of America (the)||2016-06-27||41.826||-83.193,GID_6916,1,1,1,1,1,1,1,0,VERIFIED_NO_CONFLICT
Lake Erie||United States of America (the)||2016-06-27||41.835||-83.368,GID_6917,1,1,1,1,1,1,1,0,VERIFIED_NO_CONFLICT
Lake Erie||United States of America (the)||2016-07-05||41.639||-83.239,GID_6922,1,1,1,1,1,1,1,0,VERIFIED_NO_CONFLICT
Lake Erie||United States of America (the)||2016-07-05||41.737||-83.575,GID_6919,1,1,1,1,1,1,1,0,VERIFIED_NO_CONFLICT
Lake Erie||United States of America (the)||2016-07-05||41.758||-83.35,GID_6921,1,1,1,1,1,1,1,0,VERIFIED_NO_CONFLICT
Lake Erie||United States of America (the)||2016-07-05||41.792||-83.439,GID_6920,1,1,1,1,1,1,1,0,VERIFIED_NO_CONFLICT
Lake Erie||United States of America (the)||2016-07-05||41.826||-83.192,GID_6924,1,1,1,1,1,1,1,0,VERIFIED_NO_CONFLICT
Lake Erie||United States of America (the)||2016-07-05||41.834||-83.36,GID_6925,1,1,1,1,1,1,1,0,VERIFIED_NO_CONFLICT
Lake Erie||United States of America (the)||2016-07-05||41.889||-83.22,GID_6923,1,1,1,1,1,1,1,0,VERIFIED_NO_CONFLICT
Lake Erie||United States of America (the)||2016-07-05||41.934||-83.568,GID_6918,1,1,1,1,1,1,1,0,VERIFIED_NO_CONFLICT
Lake Erie||United States of America (the)||2016-07-11||nan||nan,GID_6926;GID_6927;GID_6928;GID_6929;GID_6930;GID_6931;GID_6932;GID_6933,1,1,1,1,1,1,1,0,VERIFIED_NO_CONFLICT
Lake Erie||United States of America (the)||2016-07-18||41.619||-83.015,GID_6938,1,1,1,1,1,1,1,0,VERIFIED_NO_CONFLICT
Lake Erie||United States of America (the)||2016-07-18||41.704||-83.257,GID_6937,1,1,1,1,1,1,1,0,VERIFIED_NO_CONFLICT
Lake Erie||United States of America (the)||2016-07-18||41.706||-83.387,GID_6936,1,1,1,1,1,1,1,0,VERIFIED_NO_CONFLICT
Lake Erie||United States of America (the)||2016-07-18||41.718||-83.424,GID_6935,1,1,1,1,1,1,1,0,VERIFIED_NO_CONFLICT
Lake Erie||United States of America (the)||2016-07-18||41.743||-83.138,GID_6939,1,1,1,1,1,1,1,0,VERIFIED_NO_CONFLICT
Lake Erie||United States of America (the)||2016-07-18||41.763||-83.332,GID_6934,1,1,1,1,1,1,1,0,VERIFIED_NO_CONFLICT
Lake Erie||United States of America (the)||2016-07-18||41.826||-83.195,GID_6940,1,1,1,1,1,1,1,0,VERIFIED_NO_CONFLICT
Lake Erie||United States of America (the)||2016-07-18||41.834||-83.351,GID_6941,1,1,1,1,1,1,1,0,VERIFIED_NO_CONFLICT
Lake Erie||United States of America (the)||2016-07-25||41.619||-83.01,GID_6946,1,1,1,1,1,1,1,0,VERIFIED_NO_CONFLICT
Lake Erie||United States of America (the)||2016-07-25||41.706||-83.387,GID_6944,1,1,1,1,1,1,1,0,VERIFIED_NO_CONFLICT
Lake Erie||United States of America (the)||2016-07-25||41.763||-83.332,GID_6942,1,1,1,1,1,1,1,0,VERIFIED_NO_CONFLICT
Lake Erie||United States of America (the)||2016-07-25||41.826||-83.193,GID_6948,1,1,1,1,1,1,1,0,VERIFIED_NO_CONFLICT
Lake Erie||United States of America (the)||2016-08-01||41.62||-83.012,GID_6954,1,1,1,1,1,1,1,0,VERIFIED_NO_CONFLICT
Lake Erie||United States of America (the)||2016-08-01||41.705||-83.254,GID_6953,1,1,1,1,1,1,1,0,VERIFIED_NO_CONFLICT
Lake Erie||United States of America (the)||2016-08-01||41.706||-83.386,GID_6952,1,1,1,1,1,1,1,0,VERIFIED_NO_CONFLICT
Lake Erie||United States of America (the)||2016-08-01||41.718||-83.422,GID_6951,1,1,1,1,1,1,1,0,VERIFIED_NO_CONFLICT
Lake Erie||United States of America (the)||2016-08-01||41.744||-83.135,GID_6955,1,1,1,1,1,1,1,0,VERIFIED_NO_CONFLICT
Lake Erie||United States of America (the)||2016-08-01||41.765||-83.33,GID_6950,1,1,1,1,1,1,1,0,VERIFIED_NO_CONFLICT
Lake Erie||United States of America (the)||2016-08-01||41.827||-83.193,GID_6956,1,1,1,1,1,1,1,0,VERIFIED_NO_CONFLICT
Lake Erie||United States of America (the)||2016-08-01||41.835||-83.356,GID_6957,1,1,1,1,1,1,1,0,VERIFIED_NO_CONFLICT
Lake Erie||United States of America (the)||2016-08-15||nan||nan,GID_6958;GID_6959;GID_6960;GID_6961;GID_6962;GID_6963;GID_6964,1,1,1,1,1,1,1,0,VERIFIED_NO_CONFLICT
Lake Erie||United States of America (the)||2016-08-29||41.704||-83.267,GID_6968,1,1,1,1,1,1,1,0,VERIFIED_NO_CONFLICT
Lake Erie||United States of America (the)||2016-08-29||41.707||-83.384,GID_6967,1,1,1,1,1,1,1,0,VERIFIED_NO_CONFLICT
Lake Erie||United States of America (the)||2016-08-29||41.719||-83.421,GID_6966,1,1,1,1,1,1,1,0,VERIFIED_NO_CONFLICT
Lake Erie||United States of America (the)||2016-08-29||41.745||-83.133,GID_6969,1,1,1,1,1,1,1,0,VERIFIED_NO_CONFLICT
Lake Erie||United States of America (the)||2016-08-29||41.764||-83.33,GID_6965,1,1,1,1,1,1,1,0,VERIFIED_NO_CONFLICT
Lake Erie||United States of America (the)||2016-08-29||41.836||-83.358,GID_6971,1,1,1,1,1,1,1,0,VERIFIED_NO_CONFLICT
Lake Erie||United States of America (the)||2016-08-29||41.83||-83.19,GID_6970,1,1,1,1,1,1,1,0,VERIFIED_NO_CONFLICT
Lake Erie||United States of America (the)||2016-09-06||41.617||-83.012,GID_6975,1,1,1,1,1,1,1,0,VERIFIED_NO_CONFLICT
Lake Erie||United States of America (the)||2016-09-06||41.703||-83.256,GID_6974,1,1,1,1,1,1,1,0,VERIFIED_NO_CONFLICT
Lake Erie||United States of America (the)||2016-09-06||41.704||-83.386,GID_6973,1,1,1,1,1,1,1,0,VERIFIED_NO_CONFLICT
Lake Erie||United States of America (the)||2016-09-06||41.741||-83.138,GID_6976,1,1,1,1,1,1,1,0,VERIFIED_NO_CONFLICT
Lake Erie||United States of America (the)||2016-09-06||41.763||-83.331,GID_6972,1,1,1,1,1,1,1,0,VERIFIED_NO_CONFLICT
Lake Erie||United States of America (the)||2016-09-06||41.832||-83.193,GID_6977,1,1,1,1,1,1,1,0,VERIFIED_NO_CONFLICT
Lake Erie||United States of America (the)||2016-09-06||41.832||-83.359,GID_6978,1,1,1,1,1,1,1,0,VERIFIED_NO_CONFLICT
Lake Erie||United States of America (the)||2016-09-12||41.359||-83.212,GID_6980,1,1,1,1,1,1,1,0,VERIFIED_NO_CONFLICT
Lake Erie||United States of America (the)||2016-09-12||41.617||-83.011,GID_6983,1,1,1,1,1,1,1,0,VERIFIED_NO_CONFLICT
Lake Erie||United States of America (the)||2016-09-12||41.702||-83.271,GID_6982,1,1,1,1,1,1,1,0,VERIFIED_NO_CONFLICT
Lake Erie||United States of America (the)||2016-09-12||41.704||-83.385,GID_6981,1,1,1,1,1,1,1,0,VERIFIED_NO_CONFLICT
Lake Erie||United States of America (the)||2016-09-12||41.743||-83.137,GID_6984,1,1,1,1,1,1,1,0,VERIFIED_NO_CONFLICT
Lake Erie||United States of America (the)||2016-09-12||41.763||-83.331,GID_6979,1,1,1,1,1,1,1,0,VERIFIED_NO_CONFLICT
Lake Erie||United States of America (the)||2016-09-12||41.826||-83.192,GID_6985,1,1,1,1,1,1,1,0,VERIFIED_NO_CONFLICT
Lake Erie||United States of America (the)||2016-09-12||41.832||-83.359,GID_6986,1,1,1,1,1,1,1,0,VERIFIED_NO_CONFLICT
Lake Erie||United States of America (the)||2016-09-19||41.359||-83.211,GID_6988,1,1,1,1,1,1,1,0,VERIFIED_NO_CONFLICT
Lake Erie||United States of America (the)||2016-09-19||41.618||-83.013,GID_6991,1,1,1,1,1,1,1,0,VERIFIED_NO_CONFLICT
Lake Erie||United States of America (the)||2016-09-19||41.703||-83.255,GID_6990,1,1,1,1,1,1,1,0,VERIFIED_NO_CONFLICT
Lake Erie||United States of America (the)||2016-09-19||41.704||-83.387,GID_6989,1,1,1,1,1,1,1,0,VERIFIED_NO_CONFLICT
Lake Erie||United States of America (the)||2016-09-19||41.743||-83.138,GID_6992,1,1,1,1,1,1,1,0,VERIFIED_NO_CONFLICT
Lake Erie||United States of America (the)||2016-09-19||41.763||-83.331,GID_6987,1,1,1,1,1,1,1,0,VERIFIED_NO_CONFLICT
Lake Erie||United States of America (the)||2016-09-19||41.827||-83.189,GID_6993,1,1,1,1,1,1,1,0,VERIFIED_NO_CONFLICT
Lake Erie||United States of America (the)||2016-09-19||41.834||-83.359,GID_6994,1,1,1,1,1,1,1,0,VERIFIED_NO_CONFLICT
Lake Erie||United States of America (the)||2016-09-28||41.619||-83.012,GID_6995,1,1,1,1,1,1,1,0,VERIFIED_NO_CONFLICT
Lake Erie||United States of America (the)||2016-09-28||41.744||-83.135,GID_6996,1,1,1,1,1,1,1,0,VERIFIED_NO_CONFLICT
Lake Erie||United States of America (the)||2016-09-28||41.826||-83.191,GID_6997,1,1,1,1,1,1,1,0,VERIFIED_NO_CONFLICT
Lake Erie||United States of America (the)||2016-10-03||41.619||-83.014,GID_7002,1,1,1,1,1,1,1,0,VERIFIED_NO_CONFLICT
Lake Erie||United States of America (the)||2016-10-03||41.704||-83.272,GID_7001,1,1,1,1,1,1,1,0,VERIFIED_NO_CONFLICT
Lake Erie||United States of America (the)||2016-10-03||41.706||-83.387,GID_7000,1,1,1,1,1,1,1,0,VERIFIED_NO_CONFLICT
Lake Erie||United States of America (the)||2016-10-03||41.718||-83.422,GID_6999,1,1,1,1,1,1,1,0,VERIFIED_NO_CONFLICT
Lake Erie||United States of America (the)||2016-10-03||41.743||-83.139,GID_7003,1,1,1,1,1,1,1,0,VERIFIED_NO_CONFLICT
Lake Erie||United States of America (the)||2016-10-03||41.764||-83.331,GID_6998,1,1,1,1,1,1,1,0,VERIFIED_NO_CONFLICT
Lake Erie||United States of America (the)||2016-10-03||41.827||-83.192,GID_7004,1,1,1,1,1,1,1,0,VERIFIED_NO_CONFLICT
Lake Erie||United States of America (the)||2016-10-03||41.835||-83.362,GID_7005,1,1,1,1,1,1,1,0,VERIFIED_NO_CONFLICT
Lake Erie||United States of America (the)||2016-10-11||41.617||-83.013,GID_7010,1,1,1,1,1,1,1,0,VERIFIED_NO_CONFLICT
Lake Erie||United States of America (the)||2016-10-11||41.703||-83.385,GID_7008,1,1,1,1,1,1,1,0,VERIFIED_NO_CONFLICT
Lake Erie||United States of America (the)||2016-10-11||41.705||-83.266,GID_7009,1,1,1,1,1,1,1,0,VERIFIED_NO_CONFLICT
Lake Erie||United States of America (the)||2016-10-11||41.717||-83.424,GID_7007,1,1,1,1,1,1,1,0,VERIFIED_NO_CONFLICT
Lake Erie||United States of America (the)||2016-10-11||41.742||-83.137,GID_7011,1,1,1,1,1,1,1,0,VERIFIED_NO_CONFLICT
Lake Erie||United States of America (the)||2016-10-11||41.762||-83.33,GID_7006,1,1,1,1,1,1,1,0,VERIFIED_NO_CONFLICT
Lake Erie||United States of America (the)||2016-10-11||41.826||-83.193,GID_7012,1,1,1,1,1,1,1,0,VERIFIED_NO_CONFLICT
Lake Erie||United States of America (the)||2016-10-11||41.833||-83.357,GID_7013,1,1,1,1,1,1,1,0,VERIFIED_NO_CONFLICT
Lake Erie||United States of America (the)||2016-10-17||41.615||-83.013,GID_7018,1,1,1,1,1,1,1,0,VERIFIED_NO_CONFLICT
Lake Erie||United States of America (the)||2016-10-17||41.702||-83.256,GID_7019,1,1,1,1,1,1,1,0,VERIFIED_NO_CONFLICT
Lake Erie||United States of America (the)||2016-10-17||41.704||-83.387,GID_7020,1,1,1,1,1,1,1,0,VERIFIED_NO_CONFLICT
Lake Erie||United States of America (the)||2016-10-17||41.717||-83.423,GID_7021,1,1,1,1,1,1,1,0,VERIFIED_NO_CONFLICT
Lake Erie||United States of America (the)||2016-10-17||41.741||-83.137,GID_7017,1,1,1,1,1,1,1,0,VERIFIED_NO_CONFLICT
Lake Erie||United States of America (the)||2016-10-17||41.763||-83.332,GID_7015,1,1,1,1,1,1,1,0,VERIFIED_NO_CONFLICT
Lake Erie||United States of America (the)||2016-10-17||41.825||-83.196,GID_7016,1,1,1,1,1,1,1,0,VERIFIED_NO_CONFLICT
Lake Erie||United States of America (the)||2016-10-17||41.833||-83.36,GID_7014,1,1,1,1,1,1,1,0,VERIFIED_NO_CONFLICT
Lake Erie||United States of America (the)||2017-04-25||41.705||-83.256,GID_7024,1,1,1,1,1,1,1,0,VERIFIED_NO_CONFLICT
Lake Erie||United States of America (the)||2017-04-25||41.718||-83.422,GID_7023,1,1,1,1,1,1,1,0,VERIFIED_NO_CONFLICT
Lake Erie||United States of America (the)||2017-04-25||41.739||-83.13,GID_7025,1,1,1,1,1,1,1,0,VERIFIED_NO_CONFLICT
Lake Erie||United States of America (the)||2017-04-25||41.763||-83.327,GID_7022,1,1,1,1,1,1,1,0,VERIFIED_NO_CONFLICT
Lake Erie||United States of America (the)||2017-04-25||41.827||-83.191,GID_7026,1,1,1,1,1,1,1,0,VERIFIED_NO_CONFLICT
Lake Erie||United States of America (the)||2017-04-25||42.002||-83.358,GID_7027,1,1,1,1,1,1,1,0,VERIFIED_NO_CONFLICT
Lake Erie||United States of America (the)||2017-07-24||41.707||-83.386,GID_7030,1,1,1,1,1,1,1,0,VERIFIED_NO_CONFLICT
Lake Erie||United States of America (the)||2017-07-24||41.719||-83.424,GID_7031,1,1,1,1,1,1,1,0,VERIFIED_NO_CONFLICT
Lake Erie||United States of America (the)||2017-07-24||41.765||-83.331,GID_7032,1,1,1,1,1,1,1,0,VERIFIED_NO_CONFLICT
Lake Erie||United States of America (the)||2017-07-24||41.834||-83.358,GID_7028,1,1,1,1,1,1,1,0,VERIFIED_NO_CONFLICT
Lake Erie||United States of America (the)||2017-07-24||41.83||-83.196,GID_7029,1,1,1,1,1,1,1,0,VERIFIED_NO_CONFLICT
Lake Erie||United States of America (the)||2017-07-31||41.618||-83.013,GID_7036,1,1,1,1,1,1,1,0,VERIFIED_NO_CONFLICT
Lake Erie||United States of America (the)||2017-07-31||41.704||-83.255,GID_7037,1,1,1,1,1,1,1,0,VERIFIED_NO_CONFLICT
Lake Erie||United States of America (the)||2017-07-31||41.705||-83.385,GID_7038,1,1,1,1,1,1,1,0,VERIFIED_NO_CONFLICT
Lake Erie||United States of America (the)||2017-07-31||41.718||-83.426,GID_7039,1,1,1,1,1,1,1,0,VERIFIED_NO_CONFLICT
Lake Erie||United States of America (the)||2017-07-31||41.745||-83.137,GID_7035,1,1,1,1,1,1,1,0,VERIFIED_NO_CONFLICT
Lake Erie||United States of America (the)||2017-07-31||41.762||-83.331,GID_7040,1,1,1,1,1,1,1,0,VERIFIED_NO_CONFLICT
Lake Erie||United States of America (the)||2017-07-31||41.828||-83.193,GID_7034,1,1,1,1,1,1,1,0,VERIFIED_NO_CONFLICT
Lake Erie||United States of America (the)||2017-07-31||41.834||-83.359,GID_7033,1,1,1,1,1,1,1,0,VERIFIED_NO_CONFLICT
Lake Erie||United States of America (the)||2017-08-07||41.618||-83.013,GID_7051,1,1,1,1,1,1,1,0,VERIFIED_NO_CONFLICT
Lake Erie||United States of America (the)||2017-08-07||41.703||-83.254,GID_7052,1,1,1,1,1,1,1,0,VERIFIED_NO_CONFLICT
Lake Erie||United States of America (the)||2017-08-07||41.705||-83.386,GID_7053,1,1,1,1,1,1,1,0,VERIFIED_NO_CONFLICT
Lake Erie||United States of America (the)||2017-08-07||41.718||-83.423,GID_7054,1,1,1,1,1,1,1,0,VERIFIED_NO_CONFLICT
Lake Erie||United States of America (the)||2017-08-07||41.744||-83.137,GID_7050,1,1,1,1,1,1,1,0,VERIFIED_NO_CONFLICT
Lake Erie||United States of America (the)||2017-08-07||41.763||-83.33,GID_7055,1,1,1,1,1,1,1,0,VERIFIED_NO_CONFLICT
Lake Erie||United States of America (the)||2017-08-07||41.827||-83.196,GID_7049,1,1,1,1,1,1,1,0,VERIFIED_NO_CONFLICT
Lake Erie||United States of America (the)||2017-08-07||41.834||-83.361,GID_7048,1,1,1,1,1,1,1,0,VERIFIED_NO_CONFLICT
Lake Erie||United States of America (the)||2017-08-14||41.616||-83.012,GID_7059,1,1,1,1,1,1,1,0,VERIFIED_NO_CONFLICT
Lake Erie||United States of America (the)||2017-08-14||41.703||-83.255,GID_7060,1,1,1,1,1,1,1,0,VERIFIED_NO_CONFLICT
Lake Erie||United States of America (the)||2017-08-14||41.718||-83.423,GID_7061,1,1,1,1,1,1,1,0,VERIFIED_NO_CONFLICT
Lake Erie||United States of America (the)||2017-08-14||41.741||-83.136,GID_7058,1,1,1,1,1,1,1,0,VERIFIED_NO_CONFLICT
Lake Erie||United States of America (the)||2017-08-14||41.763||-83.329,GID_7062,1,1,1,1,1,1,1,0,VERIFIED_NO_CONFLICT
Lake Erie||United States of America (the)||2017-08-14||41.826||-83.194,GID_7057,1,1,1,1,1,1,1,0,VERIFIED_NO_CONFLICT
Lake Erie||United States of America (the)||2017-08-14||41.833||-83.357,GID_7056,1,1,1,1,1,1,1,0,VERIFIED_NO_CONFLICT
Lake Erie||United States of America (the)||2017-08-21||41.617||-83.013,GID_7066,1,1,1,1,1,1,1,0,VERIFIED_NO_CONFLICT
Lake Erie||United States of America (the)||2017-08-21||41.703||-83.253,GID_7067,1,1,1,1,1,1,1,0,VERIFIED_NO_CONFLICT
Lake Erie||United States of America (the)||2017-08-21||41.704||-83.385,GID_7068,1,1,1,1,1,1,1,0,VERIFIED_NO_CONFLICT
Lake Erie||United States of America (the)||2017-08-21||41.717||-83.423,GID_7069,1,1,1,1,1,1,1,0,VERIFIED_NO_CONFLICT
Lake Erie||United States of America (the)||2017-08-21||41.744||-83.136,GID_7065,1,1,1,1,1,1,1,0,VERIFIED_NO_CONFLICT
Lake Erie||United States of America (the)||2017-08-21||41.762||-83.329,GID_7070,1,1,1,1,1,1,1,0,VERIFIED_NO_CONFLICT
Lake Erie||United States of America (the)||2017-08-21||41.827||-83.198,GID_7064,1,1,1,1,1,1,1,0,VERIFIED_NO_CONFLICT
Lake Erie||United States of America (the)||2017-08-21||41.834||-83.358,GID_7063,1,1,1,1,1,1,1,0,VERIFIED_NO_CONFLICT
Lake Erie||United States of America (the)||2017-08-28||41.617||-83.012,GID_7074,1,1,1,1,1,1,1,0,VERIFIED_NO_CONFLICT
Lake Erie||United States of America (the)||2017-08-28||41.718||-83.423,GID_7075,1,1,1,1,1,1,1,0,VERIFIED_NO_CONFLICT
Lake Erie||United States of America (the)||2017-08-28||41.743||-83.135,GID_7073,1,1,1,1,1,1,1,0,VERIFIED_NO_CONFLICT
Lake Erie||United States of America (the)||2017-08-28||41.764||-83.33,GID_7076,1,1,1,1,1,1,1,0,VERIFIED_NO_CONFLICT
Lake Erie||United States of America (the)||2017-08-28||41.827||-83.194,GID_7072,1,1,1,1,1,1,1,0,VERIFIED_NO_CONFLICT
Lake Erie||United States of America (the)||2017-08-28||41.834||-83.358,GID_7071,1,1,1,1,1,1,1,0,VERIFIED_NO_CONFLICT
Lake Erie||United States of America (the)||2017-09-05||41.618||-83.013,GID_7080,1,1,1,1,1,1,1,0,VERIFIED_NO_CONFLICT
Lake Erie||United States of America (the)||2017-09-05||41.704||-83.254,GID_7081,1,1,1,1,1,1,1,0,VERIFIED_NO_CONFLICT
Lake Erie||United States of America (the)||2017-09-05||41.707||-83.388,GID_7082,1,1,1,1,1,1,1,0,VERIFIED_NO_CONFLICT
Lake Erie||United States of America (the)||2017-09-05||41.718||-83.424,GID_7083,1,1,1,1,1,1,1,0,VERIFIED_NO_CONFLICT
Lake Erie||United States of America (the)||2017-09-05||41.743||-83.138,GID_7079,1,1,1,1,1,1,1,0,VERIFIED_NO_CONFLICT
Lake Erie||United States of America (the)||2017-09-05||41.764||-83.335,GID_7084,1,1,1,1,1,1,1,0,VERIFIED_NO_CONFLICT
Lake Erie||United States of America (the)||2017-09-05||41.826||-83.195,GID_7078,1,1,1,1,1,1,1,0,VERIFIED_NO_CONFLICT
Lake Erie||United States of America (the)||2017-09-05||41.833||-83.362,GID_7077,1,1,1,1,1,1,1,0,VERIFIED_NO_CONFLICT
Lake Erie||United States of America (the)||2017-09-11||41.706||-83.385,GID_7087,1,1,1,1,1,1,1,0,VERIFIED_NO_CONFLICT
Lake Erie||United States of America (the)||2017-09-11||41.718||-83.423,GID_7088,1,1,1,1,1,1,1,0,VERIFIED_NO_CONFLICT
Lake Erie||United States of America (the)||2017-09-11||41.743||-83.135,GID_7086,1,1,1,1,1,1,1,0,VERIFIED_NO_CONFLICT
Lake Erie||United States of America (the)||2017-09-11||41.763||-83.329,GID_7089,1,1,1,1,1,1,1,0,VERIFIED_NO_CONFLICT
Lake Erie||United States of America (the)||2017-09-11||41.826||-83.193,GID_7085,1,1,1,1,1,1,1,0,VERIFIED_NO_CONFLICT
Lake Erie||United States of America (the)||2017-09-18||41.703||-83.254,GID_7090,1,1,1,1,1,1,1,0,VERIFIED_NO_CONFLICT
Lake Erie||United States of America (the)||2017-09-18||41.705||-83.386,GID_7091,1,1,1,1,1,1,1,0,VERIFIED_NO_CONFLICT
Lake Erie||United States of America (the)||2017-09-18||41.718||-83.424,GID_7092,1,1,1,1,1,1,1,0,VERIFIED_NO_CONFLICT
Lake Erie||United States of America (the)||2017-09-18||41.762||-83.33,GID_7093,1,1,1,1,1,1,1,0,VERIFIED_NO_CONFLICT
Lake Erie||United States of America (the)||2019-06-03||41.658||-83.146,GID_7273,1,1,1,1,1,1,1,0,VERIFIED_NO_CONFLICT
Lake Erie||United States of America (the)||2019-06-03||41.704||-83.255,GID_7271,1,1,1,1,1,1,1,0,VERIFIED_NO_CONFLICT
Lake Erie||United States of America (the)||2019-06-03||41.706||-83.386,GID_7268,1,1,1,1,1,1,1,0,VERIFIED_NO_CONFLICT
Lake Erie||United States of America (the)||2019-06-03||41.718||-83.421,GID_7270,1,1,1,1,1,1,1,0,VERIFIED_NO_CONFLICT
Lake Erie||United States of America (the)||2019-06-03||41.745||-83.136,GID_7272,1,1,1,1,1,1,1,0,VERIFIED_NO_CONFLICT
Lake Erie||United States of America (the)||2019-06-03||41.837||-83.357,GID_7269,1,1,1,1,1,1,1,0,VERIFIED_NO_CONFLICT
Lake Erie||United States of America (the)||2019-06-03||41.83||-83.195,GID_7267,1,1,1,1,1,1,1,0,VERIFIED_NO_CONFLICT
Lake Erie||United States of America (the)||2019-07-01||41.658||-83.144,GID_7281,1,1,1,1,1,1,1,0,VERIFIED_NO_CONFLICT
Lake Erie||United States of America (the)||2019-07-01||41.703||-83.254,GID_7279,1,1,1,1,1,1,1,0,VERIFIED_NO_CONFLICT
Lake Erie||United States of America (the)||2019-07-01||41.706||-83.385,GID_7276,1,1,1,1,1,1,1,0,VERIFIED_NO_CONFLICT
Lake Erie||United States of America (the)||2019-07-01||41.718||-83.423,GID_7278,1,1,1,1,1,1,1,0,VERIFIED_NO_CONFLICT
Lake Erie||United States of America (the)||2019-07-01||41.742||-83.138,GID_7280,1,1,1,1,1,1,1,0,VERIFIED_NO_CONFLICT
Lake Erie||United States of America (the)||2019-07-01||41.762||-83.329,GID_7274,1,1,1,1,1,1,1,0,VERIFIED_NO_CONFLICT
Lake Erie||United States of America (the)||2019-07-01||41.826||-83.192,GID_7275,1,1,1,1,1,1,1,0,VERIFIED_NO_CONFLICT
Lake Erie||United States of America (the)||2019-07-01||41.833||-83.358,GID_7277,1,1,1,1,1,1,1,0,VERIFIED_NO_CONFLICT
Lake Erie||United States of America (the)||2019-07-08||41.659||-83.145,GID_7288,1,1,1,1,1,1,1,0,VERIFIED_NO_CONFLICT
Lake Erie||United States of America (the)||2019-07-08||41.704||-83.253,GID_7286,1,1,1,1,1,1,1,0,VERIFIED_NO_CONFLICT
Lake Erie||United States of America (the)||2019-07-08||41.718||-83.422,GID_7285,1,1,1,1,1,1,1,0,VERIFIED_NO_CONFLICT
Lake Erie||United States of America (the)||2019-07-08||41.745||-83.138,GID_7287,1,1,1,1,1,1,1,0,VERIFIED_NO_CONFLICT
Lake Erie||United States of America (the)||2019-07-08||41.763||-83.329,GID_7282,1,1,1,1,1,1,1,0,VERIFIED_NO_CONFLICT
Lake Erie||United States of America (the)||2019-07-08||41.827||-83.194,GID_7283,1,1,1,1,1,1,1,0,VERIFIED_NO_CONFLICT
Lake Erie||United States of America (the)||2019-07-08||41.836||-83.359,GID_7284,1,1,1,1,1,1,1,0,VERIFIED_NO_CONFLICT
Lake Erie||United States of America (the)||2019-07-15||41.659||-83.144,GID_7296,1,1,1,1,1,1,1,0,VERIFIED_NO_CONFLICT
Lake Erie||United States of America (the)||2019-07-15||41.704||-83.254,GID_7294,1,1,1,1,1,1,1,0,VERIFIED_NO_CONFLICT
Lake Erie||United States of America (the)||2019-07-15||41.705||-83.385,GID_7291,1,1,1,1,1,1,1,0,VERIFIED_NO_CONFLICT
Lake Erie||United States of America (the)||2019-07-15||41.718||-83.423,GID_7293,1,1,1,1,1,1,1,0,VERIFIED_NO_CONFLICT
Lake Erie||United States of America (the)||2019-07-15||41.742||-83.136,GID_7295,1,1,1,1,1,1,1,0,VERIFIED_NO_CONFLICT
Lake Erie||United States of America (the)||2019-07-15||41.826||-83.195,GID_7290,1,1,1,1,1,1,1,0,VERIFIED_NO_CONFLICT
Lake Erie||United States of America (the)||2019-07-15||41.833||-83.358,GID_7292,1,1,1,1,1,1,1,0,VERIFIED_NO_CONFLICT
Lake Erie||United States of America (the)||2019-07-22||41.661||-83.145,GID_7304,1,1,1,1,1,1,1,0,VERIFIED_NO_CONFLICT
Lake Erie||United States of America (the)||2019-07-22||41.705||-83.386,GID_7299,1,1,1,1,1,1,1,0,VERIFIED_NO_CONFLICT
Lake Erie||United States of America (the)||2019-07-22||41.706||-83.252,GID_7302,1,1,1,1,1,1,1,0,VERIFIED_NO_CONFLICT
Lake Erie||United States of America (the)||2019-07-22||41.718||-83.423,GID_7301,1,1,1,1,1,1,1,0,VERIFIED_NO_CONFLICT
Lake Erie||United States of America (the)||2019-07-22||41.747||-83.139,GID_7303,1,1,1,1,1,1,1,0,VERIFIED_NO_CONFLICT
Lake Erie||United States of America (the)||2019-07-22||41.763||-83.329,GID_7297,1,1,1,1,1,1,1,0,VERIFIED_NO_CONFLICT
Lake Erie||United States of America (the)||2019-07-22||41.831||-83.195,GID_7298,1,1,1,1,1,1,1,0,VERIFIED_NO_CONFLICT
Lake Erie||United States of America (the)||2019-07-22||41.835||-83.358,GID_7300,1,1,1,1,1,1,1,0,VERIFIED_NO_CONFLICT
Lake Erie||United States of America (the)||2019-07-29||41.658||-83.146,GID_7310,1,1,1,1,1,1,1,0,VERIFIED_NO_CONFLICT
Lake Erie||United States of America (the)||2019-07-29||41.703||-83.256,GID_7308,1,1,1,1,1,1,1,0,VERIFIED_NO_CONFLICT
Lake Erie||United States of America (the)||2019-07-29||41.717||-83.425,GID_7307,1,1,1,1,1,1,1,0,VERIFIED_NO_CONFLICT
Lake Erie||United States of America (the)||2019-07-29||41.742||-83.142,GID_7309,1,1,1,1,1,1,1,0,VERIFIED_NO_CONFLICT
Lake Erie||United States of America (the)||2019-07-29||41.826||-83.195,GID_7305,1,1,1,1,1,1,1,0,VERIFIED_NO_CONFLICT
Lake Erie||United States of America (the)||2019-07-29||41.833||-83.362,GID_7306,1,1,1,1,1,1,1,0,VERIFIED_NO_CONFLICT
Lake Erie||United States of America (the)||2019-08-12||41.659||-83.146,GID_7318,1,1,1,1,1,1,1,0,VERIFIED_NO_CONFLICT
Lake Erie||United States of America (the)||2019-08-12||41.702||-83.255,GID_7316,1,1,1,1,1,1,1,0,VERIFIED_NO_CONFLICT
Lake Erie||United States of America (the)||2019-08-12||41.705||-83.369,GID_7313,1,1,1,1,1,1,1,0,VERIFIED_NO_CONFLICT
Lake Erie||United States of America (the)||2019-08-12||41.717||-83.425,GID_7315,1,1,1,1,1,1,1,0,VERIFIED_NO_CONFLICT
Lake Erie||United States of America (the)||2019-08-12||41.744||-83.14,GID_7317,1,1,1,1,1,1,1,0,VERIFIED_NO_CONFLICT
Lake Erie||United States of America (the)||2019-08-12||41.762||-83.331,GID_7311,1,1,1,1,1,1,1,0,VERIFIED_NO_CONFLICT
Lake Erie||United States of America (the)||2019-08-12||41.826||-83.197,GID_7312,1,1,1,1,1,1,1,0,VERIFIED_NO_CONFLICT
Lake Erie||United States of America (the)||2019-08-12||41.832||-83.36,GID_7314,1,1,1,1,1,1,1,0,VERIFIED_NO_CONFLICT
Lake Erie||United States of America (the)||2019-08-19||41.66||-83.145,GID_7326,1,1,1,1,1,1,1,0,VERIFIED_NO_CONFLICT
Lake Erie||United States of America (the)||2019-08-19||41.703||-83.254,GID_7324,1,1,1,1,1,1,1,0,VERIFIED_NO_CONFLICT
Lake Erie||United States of America (the)||2019-08-19||41.711||-83.367,GID_7321,1,1,1,1,1,1,1,0,VERIFIED_NO_CONFLICT
Lake Erie||United States of America (the)||2019-08-19||41.717||-83.422,GID_7323,1,1,1,1,1,1,1,0,VERIFIED_NO_CONFLICT
Lake Erie||United States of America (the)||2019-08-19||41.747||-83.138,GID_7325,1,1,1,1,1,1,1,0,VERIFIED_NO_CONFLICT
Lake Erie||United States of America (the)||2019-08-19||41.762||-83.33,GID_7319,1,1,1,1,1,1,1,0,VERIFIED_NO_CONFLICT
Lake Erie||United States of America (the)||2019-08-19||41.827||-83.197,GID_7320,1,1,1,1,1,1,1,0,VERIFIED_NO_CONFLICT
Lake Erie||United States of America (the)||2019-08-19||41.834||-83.36,GID_7322,1,1,1,1,1,1,1,0,VERIFIED_NO_CONFLICT
Lake Erie||United States of America (the)||2019-08-28||41.703||-83.256,GID_7331,1,1,1,1,1,1,1,0,VERIFIED_NO_CONFLICT
Lake Erie||United States of America (the)||2019-08-28||41.742||-83.138,GID_7332,1,1,1,1,1,1,1,0,VERIFIED_NO_CONFLICT
Lake Erie||United States of America (the)||2019-08-28||41.834||-83.359,GID_7329,1,1,1,1,1,1,1,0,VERIFIED_NO_CONFLICT
Lake Erie||United States of America (the)||2019-08-28||nan||nan,GID_7327;GID_7328;GID_7330;GID_7333;GID_7334,1,1,1,1,1,1,1,0,VERIFIED_NO_CONFLICT
Lake Erie||United States of America (the)||2019-09-03||41.658||-83.145,GID_7342,1,1,1,1,1,1,1,0,VERIFIED_NO_CONFLICT
Lake Erie||United States of America (the)||2019-09-03||41.703||-83.256,GID_7340,1,1,1,1,1,1,1,0,VERIFIED_NO_CONFLICT
Lake Erie||United States of America (the)||2019-09-03||41.704||-83.386,GID_7337,1,1,1,1,1,1,1,0,VERIFIED_NO_CONFLICT
Lake Erie||United States of America (the)||2019-09-03||41.717||-83.424,GID_7339,1,1,1,1,1,1,1,0,VERIFIED_NO_CONFLICT
Lake Erie||United States of America (the)||2019-09-03||41.742||-83.138,GID_7341,1,1,1,1,1,1,1,0,VERIFIED_NO_CONFLICT
Lake Erie||United States of America (the)||2019-09-03||41.761||-83.333,GID_7335,1,1,1,1,1,1,1,0,VERIFIED_NO_CONFLICT
Lake Erie||United States of America (the)||2019-09-03||41.826||-83.195,GID_7336,1,1,1,1,1,1,1,0,VERIFIED_NO_CONFLICT
Lake Erie||United States of America (the)||2019-09-03||41.835||-83.36,GID_7338,1,1,1,1,1,1,1,0,VERIFIED_NO_CONFLICT
Lake Erie||United States of America (the)||2019-09-09||41.658||-83.143,GID_7349,1,1,1,1,1,1,1,0,VERIFIED_NO_CONFLICT
Lake Erie||United States of America (the)||2019-09-09||41.704||-83.255,GID_7347,1,1,1,1,1,1,1,0,VERIFIED_NO_CONFLICT
Lake Erie||United States of America (the)||2019-09-09||41.706||-83.384,GID_7344,1,1,1,1,1,1,1,0,VERIFIED_NO_CONFLICT
Lake Erie||United States of America (the)||2019-09-09||41.718||-83.423,GID_7346,1,1,1,1,1,1,1,0,VERIFIED_NO_CONFLICT
Lake Erie||United States of America (the)||2019-09-09||41.744||-83.135,GID_7348,1,1,1,1,1,1,1,0,VERIFIED_NO_CONFLICT
Lake Erie||United States of America (the)||2019-09-09||41.762||-83.329,GID_7343,1,1,1,1,1,1,1,0,VERIFIED_NO_CONFLICT
Lake Erie||United States of America (the)||2019-09-09||41.835||-83.357,GID_7345,1,1,1,1,1,1,1,0,VERIFIED_NO_CONFLICT
Lake Erie||United States of America (the)||2019-09-24||41.659||-83.146,GID_7357,1,1,1,1,1,1,1,0,VERIFIED_NO_CONFLICT
Lake Erie||United States of America (the)||2019-09-24||41.703||-83.255,GID_7355,1,1,1,1,1,1,1,0,VERIFIED_NO_CONFLICT
Lake Erie||United States of America (the)||2019-09-24||41.705||-83.386,GID_7352,1,1,1,1,1,1,1,0,VERIFIED_NO_CONFLICT
Lake Erie||United States of America (the)||2019-09-24||41.717||-83.424,GID_7354,1,1,1,1,1,1,1,0,VERIFIED_NO_CONFLICT
Lake Erie||United States of America (the)||2019-09-24||41.743||-83.135,GID_7356,1,1,1,1,1,1,1,0,VERIFIED_NO_CONFLICT
Lake Erie||United States of America (the)||2019-09-24||41.763||-83.328,GID_7350,1,1,1,1,1,1,1,0,VERIFIED_NO_CONFLICT
Lake Erie||United States of America (the)||2019-09-24||41.826||-83.194,GID_7351,1,1,1,1,1,1,1,0,VERIFIED_NO_CONFLICT
Lake Erie||United States of America (the)||2019-09-24||41.834||-83.36,GID_7353,1,1,1,1,1,1,1,0,VERIFIED_NO_CONFLICT
Lake Erie||United States of America (the)||2019-10-07||41.66||-83.147,GID_7363,1,1,1,1,1,1,1,0,VERIFIED_NO_CONFLICT
Lake Erie||United States of America (the)||2019-10-07||41.702||-83.264,GID_7361,1,1,1,1,1,1,1,0,VERIFIED_NO_CONFLICT
Lake Erie||United States of America (the)||2019-10-07||41.705||-83.386,GID_7359,1,1,1,1,1,1,1,0,VERIFIED_NO_CONFLICT
Lake Erie||United States of America (the)||2019-10-07||41.718||-83.424,GID_7360,1,1,1,1,1,1,1,0,VERIFIED_NO_CONFLICT
Lake Erie||United States of America (the)||2019-10-07||41.743||-83.135,GID_7362,1,1,1,1,1,1,1,0,VERIFIED_NO_CONFLICT
Lake Erie||United States of America (the)||2019-10-07||41.763||-83.333,GID_7358,1,1,1,1,1,1,1,0,VERIFIED_NO_CONFLICT
Lake Erie||United States of America (the)||2020-07-20||41.704||-83.257,GID_7096,1,1,1,1,1,1,1,0,VERIFIED_NO_CONFLICT
Lake Erie||United States of America (the)||2020-07-20||41.705||-83.386,GID_7094,1,1,1,1,1,1,1,0,VERIFIED_NO_CONFLICT
Lake Erie||United States of America (the)||2020-07-20||41.833||-83.361,GID_7095,1,1,1,1,1,1,1,0,VERIFIED_NO_CONFLICT
Lake Erie||United States of America (the)||2020-07-28||41.658||-83.146,GID_7101,1,1,1,1,1,1,1,0,VERIFIED_NO_CONFLICT
Lake Erie||United States of America (the)||2020-07-28||41.717||-83.425,GID_7100,1,1,1,1,1,1,1,0,VERIFIED_NO_CONFLICT
Lake Erie||United States of America (the)||2020-07-28||41.762||-83.331,GID_7097,1,1,1,1,1,1,1,0,VERIFIED_NO_CONFLICT
Lake Erie||United States of America (the)||2020-07-28||41.827||-83.196,GID_7098,1,1,1,1,1,1,1,0,VERIFIED_NO_CONFLICT
Lake Erie||United States of America (the)||2020-07-28||41.834||-83.36,GID_7099,1,1,1,1,1,1,1,0,VERIFIED_NO_CONFLICT
Lake Erie||United States of America (the)||2020-08-10||41.658||-83.146,GID_7107,1,1,1,1,1,1,1,0,VERIFIED_NO_CONFLICT
Lake Erie||United States of America (the)||2020-08-10||41.718||-83.424,GID_7105,1,1,1,1,1,1,1,0,VERIFIED_NO_CONFLICT
Lake Erie||United States of America (the)||2020-08-10||41.761||-83.333,GID_7102,1,1,1,1,1,1,1,0,VERIFIED_NO_CONFLICT
Lake Erie||United States of America (the)||2020-08-10||41.834||-83.361,GID_7104,1,1,1,1,1,1,1,0,VERIFIED_NO_CONFLICT
Lake Erie||United States of America (the)||2020-08-24||41.659||-83.146,GID_7114,1,1,1,1,1,1,1,0,VERIFIED_NO_CONFLICT
Lake Erie||United States of America (the)||2020-08-24||41.703||-83.256,GID_7112,1,1,1,1,1,1,1,0,VERIFIED_NO_CONFLICT
Lake Erie||United States of America (the)||2020-08-24||41.743||-83.138,GID_7113,1,1,1,1,1,1,1,0,VERIFIED_NO_CONFLICT
Lake Erie||United States of America (the)||2020-08-24||41.762||-83.331,GID_7108,1,1,1,1,1,1,1,0,VERIFIED_NO_CONFLICT
Lake Erie||United States of America (the)||2020-08-24||41.826||-83.195,GID_7109,1,1,1,1,1,1,1,0,VERIFIED_NO_CONFLICT
Lake Erie||United States of America (the)||2020-08-24||41.834||-83.36,GID_7110,1,1,1,1,1,1,1,0,VERIFIED_NO_CONFLICT
Lake Erie||United States of America (the)||2020-09-21||41.658||-83.145,GID_7120,1,1,1,1,1,1,1,0,VERIFIED_NO_CONFLICT
Lake Erie||United States of America (the)||2020-09-21||41.704||-83.386,GID_7116,1,1,1,1,1,1,1,0,VERIFIED_NO_CONFLICT
Lake Erie||United States of America (the)||2020-09-21||41.741||-83.136,GID_7119,1,1,1,1,1,1,1,0,VERIFIED_NO_CONFLICT
Lake Erie||United States of America (the)||2020-09-21||41.828||-83.195,GID_7115,1,1,1,1,1,1,1,0,VERIFIED_NO_CONFLICT
Lake Erie||United States of America (the)||2020-10-05||41.66||-83.147,GID_7127,1,1,1,1,1,1,1,0,VERIFIED_NO_CONFLICT
Lake Erie||United States of America (the)||2020-10-05||41.704||-83.255,GID_7125,1,1,1,1,1,1,1,0,VERIFIED_NO_CONFLICT
Lake Erie||United States of America (the)||2020-10-05||41.705||-83.385,GID_7122,1,1,1,1,1,1,1,0,VERIFIED_NO_CONFLICT
Lake Erie||United States of America (the)||2020-10-05||41.718||-83.424,GID_7124,1,1,1,1,1,1,1,0,VERIFIED_NO_CONFLICT
Lake Erie||United States of America (the)||2020-10-05||41.744||-83.153,GID_7126,1,1,1,1,1,1,1,0,VERIFIED_NO_CONFLICT
Lake Erie||United States of America (the)||2020-10-05||41.827||-83.195,GID_7121,1,1,1,1,1,1,1,0,VERIFIED_NO_CONFLICT
Lake Erie||United States of America (the)||2020-10-05||41.834||-83.359,GID_7123,1,1,1,1,1,1,1,0,VERIFIED_NO_CONFLICT
Lake Eucumbene||Australia||2021-06-22||-36.065||148.732,GID_223,1,1,1,1,1,1,1,0,VERIFIED_NO_CONFLICT
Lake Eucumbene||Australia||2021-06-22||-36.106||148.734,GID_224,1,1,1,1,1,1,1,0,VERIFIED_NO_CONFLICT
Lake Eucumbene||Australia||2021-06-22||-36.146||148.767,GID_225,1,1,1,1,1,1,1,0,VERIFIED_NO_CONFLICT
Lake Eucumbene||Australia||2021-06-23||-36.054||148.682,GID_222,1,1,1,1,1,1,1,0,VERIFIED_NO_CONFLICT
Lake Forsyth (Lake Wairewa)||New Zealand||2018-02-10||-43.798||172.759,GID_2392,1,1,1,1,1,1,1,0,VERIFIED_NO_CONFLICT
Lake Forsyth (Lake Wairewa)||New Zealand||2018-02-10||-43.801||172.745,GID_2393,1,1,1,1,1,1,1,0,VERIFIED_NO_CONFLICT
Lake Forsyth (Lake Wairewa)||New Zealand||2018-02-10||-43.808||172.734,GID_2394,1,1,1,1,1,1,1,0,VERIFIED_NO_CONFLICT
Lake Gardno||Poland||2006-10-10||54.639||17.143,GID_7706;GID_7707;GID_7708,1,1,1,1,1,1,1,0,VERIFIED_NO_CONFLICT
Lake Gardno||Poland||2006-11-11||54.639||17.143,GID_7709;GID_7710;GID_7711,1,1,1,1,1,1,1,0,VERIFIED_NO_CONFLICT
Lake Gardno||Poland||2006-12-12||54.639||17.143,GID_7712;GID_7713,1,1,1,1,1,1,1,0,VERIFIED_NO_CONFLICT
Lake Gardno||Poland||2007-02-02||54.639||17.143,GID_7714,1,1,1,1,1,1,1,0,VERIFIED_NO_CONFLICT
Lake Gardno||Poland||2007-04-04||54.639||17.143,GID_7715,1,1,1,1,1,1,1,0,VERIFIED_NO_CONFLICT
Lake Gardno||Poland||2007-05-05||54.639||17.143,GID_7716,1,1,1,1,1,1,1,0,VERIFIED_NO_CONFLICT
Lake Gardno||Poland||2007-06-06||54.639||17.143,GID_7717,1,1,1,1,1,1,1,0,VERIFIED_NO_CONFLICT
Lake Gardno||Poland||2007-07-07||54.639||17.143,GID_7718,1,1,1,1,1,1,1,0,VERIFIED_NO_CONFLICT
Lake Gardno||Poland||2007-08-08||54.639||17.143,GID_7719,1,1,1,1,1,1,1,0,VERIFIED_NO_CONFLICT
Lake Gardno||Poland||2007-09-09||54.639||17.143,GID_7720,1,1,1,1,1,1,1,0,VERIFIED_NO_CONFLICT
Lake Gardno||Poland||2007-11-11||54.639||17.143,GID_7721,1,1,1,1,1,1,1,0,VERIFIED_NO_CONFLICT
Lake Gardno||Poland||2007-12-12||54.639||17.143,GID_7722,1,1,1,1,1,1,1,0,VERIFIED_NO_CONFLICT
Lake Geneva||Switzerland||2014-06-03||46.414||6.868,GID_6667,1,1,1,1,1,1,1,0,VERIFIED_NO_CONFLICT
Lake Geneva||Switzerland||2014-06-03||46.429||6.837,GID_6668,1,1,1,1,1,1,1,0,VERIFIED_NO_CONFLICT
Lake Geneva||Switzerland||2014-06-03||46.449||6.785,GID_6669,1,1,1,1,1,1,1,0,VERIFIED_NO_CONFLICT
Lake Geneva||Switzerland||2014-06-03||46.511||6.584,GID_6670,1,1,1,1,1,1,1,0,VERIFIED_NO_CONFLICT
Lake Geneva||Switzerland||2014-06-05||46.31||6.22,GID_6674,1,1,1,1,1,1,1,0,VERIFIED_NO_CONFLICT
Lake Geneva||Switzerland||2014-06-05||46.354||6.387,GID_6673,1,1,1,1,1,1,1,0,VERIFIED_NO_CONFLICT
Lake Geneva||Switzerland||2014-06-05||46.355||6.387,GID_6672,1,1,1,1,1,1,1,0,VERIFIED_NO_CONFLICT
Lake Geneva||Switzerland||2014-06-05||46.384||6.451,GID_6671,1,1,1,1,1,1,1,0,VERIFIED_NO_CONFLICT
Lake Geneva||Switzerland||2014-06-06||46.448||6.785,GID_6677,1,1,1,1,1,1,1,0,VERIFIED_NO_CONFLICT
Lake Geneva||Switzerland||2014-06-06||46.468||6.525,GID_6679,1,1,1,1,1,1,1,0,VERIFIED_NO_CONFLICT
Lake Geneva||Switzerland||2014-06-06||46.476||6.547,GID_6678,1,1,1,1,1,1,1,0,VERIFIED_NO_CONFLICT
Lake Geneva||Switzerland||2014-06-06||46.509||6.564,GID_6675,1,1,1,1,1,1,1,0,VERIFIED_NO_CONFLICT
Lake Geneva||Switzerland||2015-06-30||46.398||6.855,GID_6695,1,1,1,1,1,1,1,0,VERIFIED_NO_CONFLICT
Lake Geneva||Switzerland||2015-06-30||46.447||6.681,GID_6696,1,1,1,1,1,1,1,0,VERIFIED_NO_CONFLICT
Lake Geneva||Switzerland||2015-07-02||46.35||6.381,GID_6698,1,1,1,1,1,1,1,0,VERIFIED_NO_CONFLICT
Lake Geneva||Switzerland||2015-07-02||46.376||6.34,GID_6699,1,1,1,1,1,1,1,0,VERIFIED_NO_CONFLICT
Lake Geneva||Switzerland||2015-07-02||46.37||6.441,GID_6697,1,1,1,1,1,1,1,0,VERIFIED_NO_CONFLICT
Lake Geneva||Switzerland||2015-07-04||46.461||6.569,GID_6700,1,1,1,1,1,1,1,0,VERIFIED_NO_CONFLICT
Lake Geneva||Switzerland||2015-07-04||46.488||6.65,GID_6702,1,1,1,1,1,1,1,0,VERIFIED_NO_CONFLICT
Lake Geneva||Switzerland||2015-07-04||46.5||6.623,GID_6703,1,1,1,1,1,1,1,0,VERIFIED_NO_CONFLICT
Lake Głębokie||Poland||2008-04-04||54.277||17.377,GID_7607,1,1,1,1,1,1,1,0,VERIFIED_NO_CONFLICT
Lake Głębokie||Poland||2008-05-05||54.277||17.377,GID_7608,1,1,1,1,1,1,1,0,VERIFIED_NO_CONFLICT
Lake Głębokie||Poland||2008-06-06||54.277||17.377,GID_7609,1,1,1,1,1,1,1,0,VERIFIED_NO_CONFLICT
Lake Głębokie||Poland||2008-07-07||54.277||17.377,GID_7610,1,1,1,1,1,1,1,0,VERIFIED_NO_CONFLICT
Lake Głębokie||Poland||2009-04-04||54.277||17.377,GID_7611,1,1,1,1,1,1,1,0,VERIFIED_NO_CONFLICT
Lake Głębokie||Poland||2009-05-05||54.277||17.377,GID_7612,1,1,1,1,1,1,1,0,VERIFIED_NO_CONFLICT
Lake Głębokie||Poland||2009-06-06||54.277||17.377,GID_7613,1,1,1,1,1,1,1,0,VERIFIED_NO_CONFLICT
Lake Głębokie||Poland||2009-07-07||54.277||17.377,GID_7614,1,1,1,1,1,1,1,0,VERIFIED_NO_CONFLICT
Lake Głębokie||Poland||2009-08-08||54.277||17.377,GID_7615,1,1,1,1,1,1,1,0,VERIFIED_NO_CONFLICT
Lake Głębokie||Poland||2009-09-09||54.277||17.377,GID_7616,1,1,1,1,1,1,1,0,VERIFIED_NO_CONFLICT
Lake Głębokie||Poland||2009-10-10||54.277||17.377,GID_7617,1,1,1,1,1,1,1,0,VERIFIED_NO_CONFLICT
Lake Hakanoa||New Zealand||2017-06-08||-37.552||175.166,GID_2325,1,1,1,1,1,1,1,0,VERIFIED_NO_CONFLICT
Lake Hakanoa||New Zealand||2017-06-08||-37.554||175.169,GID_2324,1,1,1,1,1,1,1,0,VERIFIED_NO_CONFLICT
Lake Harihari||New Zealand||2017-11-14||-38.21||174.723,GID_2346,1,1,1,1,1,1,1,0,VERIFIED_NO_CONFLICT
Lake Haupiri||New Zealand||2018-01-22||-42.567||171.693,GID_2388,1,1,1,1,1,1,1,0,VERIFIED_NO_CONFLICT
Lake Hawea||New Zealand||2017-11-01||-44.54||169.275,GID_2339,1,1,1,1,1,1,1,0,VERIFIED_NO_CONFLICT
Lake Hawea||New Zealand||2020-02-09||-44.457||169.313,GID_7138,1,1,1,1,1,1,1,0,VERIFIED_NO_CONFLICT
Lake Hawea||New Zealand||2020-02-09||-44.58||169.289,GID_7139,1,1,1,1,1,1,1,0,VERIFIED_NO_CONFLICT
Lake Hayes||New Zealand||2017-11-04||-44.983||168.807,GID_2344,1,1,1,1,1,1,1,0,VERIFIED_NO_CONFLICT
Lake Hino||Estonia||2017-08-30||57.582||27.232,GID_128,1,1,1,1,1,1,1,0,VERIFIED_NO_CONFLICT
Lake Holstre||Estonia||2018-06-01||58.276||25.69,GID_174,1,1,1,1,1,1,1,0,VERIFIED_NO_CONFLICT
Lake Hume||Australia||2017-03-01||-36.01||147.09,GID_250,1,1,1,1,1,1,1,0,VERIFIED_NO_CONFLICT
Lake Hume||Australia||2017-03-01||-36.098||147.052,GID_226,1,1,1,1,1,1,1,0,VERIFIED_NO_CONFLICT
Lake Hume||Australia||2017-03-01||-36.11||147.035,GID_259,1,1,1,1,1,1,1,0,VERIFIED_NO_CONFLICT
Lake Hume||Australia||2017-03-01||-36.206||147.079,GID_235,1,1,1,1,1,1,1,0,VERIFIED_NO_CONFLICT
Lake Hume||Australia||2017-03-28||-36.128||147.04,GID_242,1,1,1,1,1,1,1,0,VERIFIED_NO_CONFLICT
Lake Hume||Australia||2017-03-29||-36.009||147.091,GID_251,1,1,1,1,1,1,1,0,VERIFIED_NO_CONFLICT
Lake Hume||Australia||2017-03-29||-36.11||147.035,GID_260,1,1,1,1,1,1,1,0,VERIFIED_NO_CONFLICT
Lake Hume||Australia||2017-04-27||-36.01||147.091,GID_252,1,1,1,1,1,1,1,0,VERIFIED_NO_CONFLICT
Lake Hume||Australia||2017-04-27||-36.128||147.04,GID_243,1,1,1,1,1,1,1,0,VERIFIED_NO_CONFLICT
Lake Hume||Australia||2017-04-27||-36.204||147.079,GID_236,1,1,1,1,1,1,1,0,VERIFIED_NO_CONFLICT
Lake Hume||Australia||2017-04-28||-36.099||147.052,GID_227,1,1,1,1,1,1,1,0,VERIFIED_NO_CONFLICT
Lake Hume||Australia||2017-08-13||-36.009||147.091,GID_253,1,1,1,1,1,1,1,0,VERIFIED_NO_CONFLICT
Lake Hume||Australia||2017-08-14||-36.099||147.047,GID_228,1,1,1,1,1,1,1,0,VERIFIED_NO_CONFLICT
Lake Hume||Australia||2017-08-14||-36.111||147.034,GID_261,1,1,1,1,1,1,1,0,VERIFIED_NO_CONFLICT
Lake Hume||Australia||2017-08-14||-36.128||147.04,GID_244,1,1,1,1,1,1,1,0,VERIFIED_NO_CONFLICT
Lake Hume||Australia||2017-08-14||-36.204||147.078,GID_237,1,1,1,1,1,1,1,0,VERIFIED_NO_CONFLICT
Lake Hume||Australia||2017-11-14||-36.205||147.078,GID_238,1,1,1,1,1,1,1,0,VERIFIED_NO_CONFLICT
Lake Hume||Australia||2017-11-15||-36.011||147.09,GID_254,1,1,1,1,1,1,1,0,VERIFIED_NO_CONFLICT
Lake Hume||Australia||2017-11-15||-36.098||147.052,GID_229,1,1,1,1,1,1,1,0,VERIFIED_NO_CONFLICT
Lake Hume||Australia||2017-11-15||-36.111||147.034,GID_262,1,1,1,1,1,1,1,0,VERIFIED_NO_CONFLICT
Lake Hume||Australia||2017-11-15||-36.128||147.04,GID_245,1,1,1,1,1,1,1,0,VERIFIED_NO_CONFLICT
Lake Hume||Australia||2018-03-05||-36.01||147.089,GID_255,1,1,1,1,1,1,1,0,VERIFIED_NO_CONFLICT
Lake Hume||Australia||2018-03-06||-36.099||147.052,GID_230,1,1,1,1,1,1,1,0,VERIFIED_NO_CONFLICT
Lake Hume||Australia||2018-03-06||-36.128||147.04,GID_246,1,1,1,1,1,1,1,0,VERIFIED_NO_CONFLICT
Lake Hume||Australia||2020-02-11||-36.009||147.091,GID_256,1,1,1,1,1,1,1,0,VERIFIED_NO_CONFLICT
Lake Hume||Australia||2020-02-12||-36.099||147.052,GID_231,1,1,1,1,1,1,1,0,VERIFIED_NO_CONFLICT
Lake Hume||Australia||2020-02-12||-36.11||147.035,GID_263,1,1,1,1,1,1,1,0,VERIFIED_NO_CONFLICT
Lake Hume||Australia||2020-02-12||-36.204||147.078,GID_239,1,1,1,1,1,1,1,0,VERIFIED_NO_CONFLICT
Lake Hume||Australia||2020-03-02||-36.009||147.091,GID_257,1,1,1,1,1,1,1,0,VERIFIED_NO_CONFLICT
Lake Hume||Australia||2020-03-02||-36.099||147.052,GID_232,1,1,1,1,1,1,1,0,VERIFIED_NO_CONFLICT
Lake Hume||Australia||2020-03-03||-36.11||147.035,GID_264,1,1,1,1,1,1,1,0,VERIFIED_NO_CONFLICT
Lake Hume||Australia||2020-03-03||-36.128||147.04,GID_248,1,1,1,1,1,1,1,0,VERIFIED_NO_CONFLICT
Lake Hume||Australia||2020-03-03||-36.204||147.078,GID_240,1,1,1,1,1,1,1,0,VERIFIED_NO_CONFLICT
Lake Hume||Australia||2020-12-12||-36.01||147.089,GID_258,1,1,1,1,1,1,1,0,VERIFIED_NO_CONFLICT
Lake Hume||Australia||2020-12-13||-36.109||147.033,GID_265,1,1,1,1,1,1,1,0,VERIFIED_NO_CONFLICT
Lake Hume||Australia||2020-12-13||-36.127||147.04,GID_249,1,1,1,1,1,1,1,0,VERIFIED_NO_CONFLICT
Lake Hume||Australia||2020-12-13||-36.1||147.047,GID_233,1,1,1,1,1,1,1,0,VERIFIED_NO_CONFLICT
Lake Hume||Australia||2020-12-13||-36.203||147.079,GID_241,1,1,1,1,1,1,1,0,VERIFIED_NO_CONFLICT
Lake Hume||Australia||2021-01-06||-36.098||147.053,GID_234,1,1,1,1,1,1,1,0,VERIFIED_NO_CONFLICT
Lake Humuhumu||New Zealand||2017-11-20||-36.328||174.129,GID_2360,1,1,1,1,1,1,1,0,VERIFIED_NO_CONFLICT
Lake Jasień Południowy||Poland||2007-03-03||54.285||17.618,GID_7653,1,1,1,1,1,1,1,0,VERIFIED_NO_CONFLICT
Lake Jasień Południowy||Poland||2007-04-04||54.285||17.618,GID_7654;GID_7655,1,1,1,1,1,1,1,0,VERIFIED_NO_CONFLICT
Lake Jasień Południowy||Poland||2007-06-06||54.285||17.618,GID_7656,1,1,1,1,1,1,1,0,VERIFIED_NO_CONFLICT
Lake Jasień Południowy||Poland||2007-07-07||54.285||17.618,GID_7657,1,1,1,1,1,1,1,0,VERIFIED_NO_CONFLICT
Lake Jasień Południowy||Poland||2007-08-08||54.285||17.618,GID_7658,1,1,1,1,1,1,1,0,VERIFIED_NO_CONFLICT
Lake Jasień Południowy||Poland||2007-09-09||54.285||17.618,GID_7659,1,1,1,1,1,1,1,0,VERIFIED_NO_CONFLICT
Lake Jasień Południowy||Poland||2007-10-10||54.285||17.618,GID_7660,1,1,1,1,1,1,1,0,VERIFIED_NO_CONFLICT
Lake Jasień Południowy||Poland||2007-12-12||54.285||17.618,GID_7661,1,1,1,1,1,1,1,0,VERIFIED_NO_CONFLICT
Lake Jasień Południowy||Poland||2008-04-04||54.285||17.618,GID_7662,1,1,1,1,1,1,1,0,VERIFIED_NO_CONFLICT
Lake Jasień Południowy||Poland||2008-05-05||54.285||17.618,GID_7663,1,1,1,1,1,1,1,0,VERIFIED_NO_CONFLICT
Lake Jasień Południowy||Poland||2008-06-06||54.285||17.618,GID_7664,1,1,1,1,1,1,1,0,VERIFIED_NO_CONFLICT
Lake Jasień Południowy||Poland||2009-04-04||54.285||17.618,GID_7665,1,1,1,1,1,1,1,0,VERIFIED_NO_CONFLICT
Lake Jasień Południowy||Poland||2009-05-05||54.285||17.618,GID_7666,1,1,1,1,1,1,1,0,VERIFIED_NO_CONFLICT
Lake Jasień Południowy||Poland||2009-05-05||54.303||17.615,GID_7648,1,1,1,1,1,1,1,0,VERIFIED_NO_CONFLICT
Lake Jasień Południowy||Poland||2009-06-06||54.285||17.618,GID_7667,1,1,1,1,1,1,1,0,VERIFIED_NO_CONFLICT
Lake Jasień Południowy||Poland||2009-06-06||54.303||17.615,GID_7649,1,1,1,1,1,1,1,0,VERIFIED_NO_CONFLICT
Lake Jasień Południowy||Poland||2009-07-07||54.303||17.615,GID_7650,1,1,1,1,1,1,1,0,VERIFIED_NO_CONFLICT
Lake Jasień Południowy||Poland||2009-08-08||54.285||17.618,GID_7668,1,1,1,1,1,1,1,0,VERIFIED_NO_CONFLICT
Lake Jasień Południowy||Poland||2009-09-09||54.285||17.618,GID_7669,1,1,1,1,1,1,1,0,VERIFIED_NO_CONFLICT
Lake Jasień Południowy||Poland||2009-09-09||54.303||17.615,GID_7651,1,1,1,1,1,1,1,0,VERIFIED_NO_CONFLICT
Lake Jasień Południowy||Poland||2009-10-10||54.303||17.615,GID_7652,1,1,1,1,1,1,1,0,VERIFIED_NO_CONFLICT
Lake Jasień Południowy||Poland||2009-11-11||54.285||17.618,GID_7670,1,1,1,1,1,1,1,0,VERIFIED_NO_CONFLICT
Lake Jasień Północny||Poland||2008-04-04||54.303||17.615,GID_7644,1,1,1,1,1,1,1,0,VERIFIED_NO_CONFLICT
Lake Jasień Północny||Poland||2008-05-05||54.303||17.615,GID_7645,1,1,1,1,1,1,1,0,VERIFIED_NO_CONFLICT
Lake Jasień Północny||Poland||2008-06-06||54.303||17.615,GID_7646,1,1,1,1,1,1,1,0,VERIFIED_NO_CONFLICT
Lake Jasień Północny||Poland||2008-07-07||54.303||17.615,GID_7647,1,1,1,1,1,1,1,0,VERIFIED_NO_CONFLICT
Lake Jeleń||Poland||2006-10-10||54.198||17.538,GID_7671,1,1,1,1,1,1,1,0,VERIFIED_NO_CONFLICT
Lake Jeleń||Poland||2006-11-11||54.198||17.538,GID_7672,1,1,1,1,1,1,1,0,VERIFIED_NO_CONFLICT
Lake Jeleń||Poland||2006-12-12||54.198||17.538,GID_7673,1,1,1,1,1,1,1,0,VERIFIED_NO_CONFLICT
Lake Jeleń||Poland||2007-03-03||54.198||17.538,GID_7674,1,1,1,1,1,1,1,0,VERIFIED_NO_CONFLICT
Lake Jeleń||Poland||2007-04-04||54.198||17.538,GID_7675,1,1,1,1,1,1,1,0,VERIFIED_NO_CONFLICT
Lake Jeleń||Poland||2007-05-05||54.198||17.538,GID_7676,1,1,1,1,1,1,1,0,VERIFIED_NO_CONFLICT
Lake Jeleń||Poland||2007-06-06||54.198||17.538,GID_7677,1,1,1,1,1,1,1,0,VERIFIED_NO_CONFLICT
Lake Jeleń||Poland||2007-07-07||54.198||17.538,GID_7678,1,1,1,1,1,1,1,0,VERIFIED_NO_CONFLICT
Lake Jeleń||Poland||2007-08-08||54.198||17.538,GID_7679,1,1,1,1,1,1,1,0,VERIFIED_NO_CONFLICT
Lake Jeleń||Poland||2007-09-09||54.198||17.538,GID_7680,1,1,1,1,1,1,1,0,VERIFIED_NO_CONFLICT
Lake Jeleń||Poland||2007-10-10||54.198||17.538,GID_7681,1,1,1,1,1,1,1,0,VERIFIED_NO_CONFLICT
Lake Jeleń||Poland||2007-11-11||54.198||17.538,GID_7682,1,1,1,1,1,1,1,0,VERIFIED_NO_CONFLICT
Lake Jeleń||Poland||2009-04-04||54.198||17.538,GID_7683,1,1,1,1,1,1,1,0,VERIFIED_NO_CONFLICT
Lake Jeleń||Poland||2009-05-05||54.198||17.538,GID_7684,1,1,1,1,1,1,1,0,VERIFIED_NO_CONFLICT
Lake Jeleń||Poland||2009-06-06||54.198||17.538,GID_7685,1,1,1,1,1,1,1,0,VERIFIED_NO_CONFLICT
Lake Jeleń||Poland||2009-07-07||54.198||17.538,GID_7686,1,1,1,1,1,1,1,0,VERIFIED_NO_CONFLICT
Lake Jeleń||Poland||2009-08-08||54.198||17.538,GID_7687,1,1,1,1,1,1,1,0,VERIFIED_NO_CONFLICT
Lake Jeleń||Poland||2009-09-09||54.198||17.538,GID_7688,1,1,1,1,1,1,1,0,VERIFIED_NO_CONFLICT
Lake Jeleń||Poland||2009-10-10||54.198||17.538,GID_7689,1,1,1,1,1,1,1,0,VERIFIED_NO_CONFLICT
Lake Jeleń||Poland||2009-11-11||54.198||17.538,GID_7690,1,1,1,1,1,1,1,0,VERIFIED_NO_CONFLICT
Lake Jeleń||Poland||2010-05-05||54.198||17.538,GID_7691,1,1,1,1,1,1,1,0,VERIFIED_NO_CONFLICT
Lake Jeleń||Poland||2010-07-07||54.198||17.538,GID_7692,1,1,1,1,1,1,1,0,VERIFIED_NO_CONFLICT
Lake Jindabyne||Australia||2020-08-11||-36.316||148.625,GID_272,1,1,1,1,1,1,1,0,VERIFIED_NO_CONFLICT
Lake Jindabyne||Australia||2020-08-11||-36.348||148.618,GID_274,1,1,1,1,1,1,1,0,VERIFIED_NO_CONFLICT
Lake Jindabyne||Australia||2020-08-11||-36.363||148.63,GID_270,1,1,1,1,1,1,1,0,VERIFIED_NO_CONFLICT
Lake Jindabyne||Australia||2020-08-12||-36.381||148.636,GID_268,1,1,1,1,1,1,1,0,VERIFIED_NO_CONFLICT
Lake Jindabyne||Australia||2020-08-12||-36.422||148.633,GID_266,1,1,1,1,1,1,1,0,VERIFIED_NO_CONFLICT
Lake Jindabyne||Australia||2021-01-18||-36.316||148.625,GID_273,1,1,1,1,1,1,1,0,VERIFIED_NO_CONFLICT
Lake Jindabyne||Australia||2021-01-18||-36.359||148.632,GID_271,1,1,1,1,1,1,1,0,VERIFIED_NO_CONFLICT
Lake Jindabyne||Australia||2021-01-19||-36.347||148.617,GID_275,1,1,1,1,1,1,1,0,VERIFIED_NO_CONFLICT
Lake Jindabyne||Australia||2021-01-19||-36.384||148.631,GID_269,1,1,1,1,1,1,1,0,VERIFIED_NO_CONFLICT
Lake Jindabyne||Australia||2021-01-20||-36.422||148.633,GID_267,1,1,1,1,1,1,1,0,VERIFIED_NO_CONFLICT
Lake Joemoisa||Estonia||2018-05-11||58.653||26.832,GID_143,1,1,1,1,1,1,1,0,VERIFIED_NO_CONFLICT
Lake Joksi||Estonia||2016-09-15||58.002||26.751,GID_94,1,1,1,1,1,1,1,0,VERIFIED_NO_CONFLICT
Lake Juottaan Tekojarvi||Finland||2018-06-05||66.319||26.947,GID_179,1,1,1,1,1,1,1,0,VERIFIED_NO_CONFLICT
Lake Kaariku||Estonia||2018-05-25||58.004||26.396,GID_166,1,1,1,1,1,1,1,0,VERIFIED_NO_CONFLICT
Lake Kahuparere||New Zealand||2017-11-19||-36.369||174.157,GID_2356,1,1,1,1,1,1,1,0,VERIFIED_NO_CONFLICT
Lake Kai-iwi||New Zealand||2017-11-22||-35.816||173.654,GID_2364,1,1,1,1,1,1,1,0,VERIFIED_NO_CONFLICT
Lake Kaiavere||Estonia||2014-09-04||58.595||26.692,GID_36,1,1,1,1,1,1,1,0,VERIFIED_NO_CONFLICT
Lake Kaiavere||Estonia||2018-05-03||58.596||26.689,GID_132,1,1,1,1,1,1,1,0,VERIFIED_NO_CONFLICT
Lake Kaiu||Estonia||2016-08-25||58.644||26.841,GID_81,1,1,1,1,1,1,1,0,VERIFIED_NO_CONFLICT
Lake Kaiu||Estonia||2018-05-11||58.645||26.84,GID_144,1,1,1,1,1,1,1,0,VERIFIED_NO_CONFLICT
Lake Kalli||Estonia||2013-07-14||58.378||27.239,GID_19,1,1,1,1,1,1,1,0,VERIFIED_NO_CONFLICT
Lake Kanono||New Zealand||2017-11-20||-36.365||174.149,GID_2355,1,1,1,1,1,1,1,0,VERIFIED_NO_CONFLICT
Lake Karaka||New Zealand||2017-11-21||-36.314||174.038,GID_2361,1,1,1,1,1,1,1,0,VERIFIED_NO_CONFLICT
Lake Karapiro||New Zealand||2017-11-17||-37.928||175.545,GID_2354,1,1,1,1,1,1,1,0,VERIFIED_NO_CONFLICT
Lake Karapiro||New Zealand||2017-11-17||-37.936||175.55,GID_2353,1,1,1,1,1,1,1,0,VERIFIED_NO_CONFLICT
Lake Kasumigaura||Japan||2006-02-18||36.005||140.439,GID_3008,1,1,1,1,1,1,1,0,VERIFIED_NO_CONFLICT
Lake Kasumigaura||Japan||2006-02-18||36.032||140.407,GID_3007,1,1,1,1,1,1,1,0,VERIFIED_NO_CONFLICT
Lake Kasumigaura||Japan||2006-02-18||36.042||140.303,GID_3006,1,1,1,1,1,1,1,0,VERIFIED_NO_CONFLICT
Lake Kasumigaura||Japan||2006-02-18||36.062||140.236,GID_3005,1,1,1,1,1,1,1,0,VERIFIED_NO_CONFLICT
Lake Kasumigaura||Japan||2006-02-18||36.079||140.224,GID_3004,1,1,1,1,1,1,1,0,VERIFIED_NO_CONFLICT
Lake Kasumigaura||Japan||2006-02-18||36.086||140.402,GID_3003,1,1,1,1,1,1,1,0,VERIFIED_NO_CONFLICT
Lake Kasumigaura||Japan||2006-02-18||36.118||140.381,GID_3002,1,1,1,1,1,1,1,0,VERIFIED_NO_CONFLICT
Lake Kasumigaura||Japan||2006-02-18||36.134||140.344,GID_3001,1,1,1,1,1,1,1,0,VERIFIED_NO_CONFLICT
Lake Kasumigaura||Japan||2006-02-18||36.146||140.328,GID_3000,1,1,1,1,1,1,1,0,VERIFIED_NO_CONFLICT
Lake Kasumigaura||Japan||2008-08-07||35.977||140.472,GID_3017,1,1,1,1,1,1,1,0,VERIFIED_NO_CONFLICT
Lake Kasumigaura||Japan||2008-08-07||35.997||140.373,GID_3018,1,1,1,1,1,1,1,0,VERIFIED_NO_CONFLICT
Lake Kasumigaura||Japan||2008-08-07||36.009||140.437,GID_3016,1,1,1,1,1,1,1,0,VERIFIED_NO_CONFLICT
Lake Kasumigaura||Japan||2008-08-07||36.035||140.404,GID_3015,1,1,1,1,1,1,1,0,VERIFIED_NO_CONFLICT
Lake Kasumigaura||Japan||2008-08-07||36.045||140.301,GID_3014,1,1,1,1,1,1,1,0,VERIFIED_NO_CONFLICT
Lake Kasumigaura||Japan||2008-08-07||36.065||140.234,GID_3013,1,1,1,1,1,1,1,0,VERIFIED_NO_CONFLICT
Lake Kasumigaura||Japan||2008-08-07||36.082||140.222,GID_3012,1,1,1,1,1,1,1,0,VERIFIED_NO_CONFLICT
Lake Kasumigaura||Japan||2008-08-07||36.09||140.398,GID_3011,1,1,1,1,1,1,1,0,VERIFIED_NO_CONFLICT
Lake Kasumigaura||Japan||2008-08-07||36.122||140.377,GID_3010,1,1,1,1,1,1,1,0,VERIFIED_NO_CONFLICT
Lake Kasumigaura||Japan||2008-08-07||36.138||140.353,GID_3009,1,1,1,1,1,1,1,0,VERIFIED_NO_CONFLICT
Lake Kasumigaura||Japan||2009-06-10||36.036||140.404,GID_3020,1,1,1,1,1,1,1,0,VERIFIED_NO_CONFLICT
Lake Kasumigaura||Japan||2009-06-10||36.122||140.378,GID_3019,1,1,1,1,1,1,1,0,VERIFIED_NO_CONFLICT
Lake Kasumigaura||Japan||2009-08-12||35.976||140.473,GID_3023,1,1,1,1,1,1,1,0,VERIFIED_NO_CONFLICT
Lake Kasumigaura||Japan||2009-08-12||36.036||140.404,GID_3022,1,1,1,1,1,1,1,0,VERIFIED_NO_CONFLICT
Lake Kasumigaura||Japan||2009-08-12||36.065||140.233,GID_3024,1,1,1,1,1,1,1,0,VERIFIED_NO_CONFLICT
Lake Kasumigaura||Japan||2009-08-12||36.122||140.378,GID_3021,1,1,1,1,1,1,1,0,VERIFIED_NO_CONFLICT
Lake Kasumigaura||Japan||2010-05-18||35.977||140.473,GID_3037,1,1,1,1,1,1,1,0,VERIFIED_NO_CONFLICT
Lake Kasumigaura||Japan||2010-05-18||35.989||140.381,GID_3049,1,1,1,1,1,1,1,0,VERIFIED_NO_CONFLICT
Lake Kasumigaura||Japan||2010-05-18||35.993||140.454,GID_3036,1,1,1,1,1,1,1,0,VERIFIED_NO_CONFLICT
Lake Kasumigaura||Japan||2010-05-18||36.009||140.436,GID_3035,1,1,1,1,1,1,1,0,VERIFIED_NO_CONFLICT
Lake Kasumigaura||Japan||2010-05-18||36.021||140.391,GID_3048,1,1,1,1,1,1,1,0,VERIFIED_NO_CONFLICT
Lake Kasumigaura||Japan||2010-05-18||36.033||140.406,GID_3034,1,1,1,1,1,1,1,0,VERIFIED_NO_CONFLICT
Lake Kasumigaura||Japan||2010-05-18||36.043||140.354,GID_3046,1,1,1,1,1,1,1,0,VERIFIED_NO_CONFLICT
Lake Kasumigaura||Japan||2010-05-18||36.044||140.323,GID_3045,1,1,1,1,1,1,1,0,VERIFIED_NO_CONFLICT
Lake Kasumigaura||Japan||2010-05-18||36.045||140.3,GID_3044,1,1,1,1,1,1,1,0,VERIFIED_NO_CONFLICT
Lake Kasumigaura||Japan||2010-05-18||36.049||140.276,GID_3043,1,1,1,1,1,1,1,0,VERIFIED_NO_CONFLICT
Lake Kasumigaura||Japan||2010-05-18||36.04||140.375,GID_3047,1,1,1,1,1,1,1,0,VERIFIED_NO_CONFLICT
Lake Kasumigaura||Japan||2010-05-18||36.053||140.254,GID_3042,1,1,1,1,1,1,1,0,VERIFIED_NO_CONFLICT
Lake Kasumigaura||Japan||2010-05-18||36.063||140.403,GID_3033,1,1,1,1,1,1,1,0,VERIFIED_NO_CONFLICT
Lake Kasumigaura||Japan||2010-05-18||36.064||140.234,GID_3041,1,1,1,1,1,1,1,0,VERIFIED_NO_CONFLICT
Lake Kasumigaura||Japan||2010-05-18||36.071||140.231,GID_3040,1,1,1,1,1,1,1,0,VERIFIED_NO_CONFLICT
Lake Kasumigaura||Japan||2010-05-18||36.082||140.214,GID_3038,1,1,1,1,1,1,1,0,VERIFIED_NO_CONFLICT
Lake Kasumigaura||Japan||2010-05-18||36.086||140.401,GID_3032,1,1,1,1,1,1,1,0,VERIFIED_NO_CONFLICT
Lake Kasumigaura||Japan||2010-05-18||36.08||140.223,GID_3039,1,1,1,1,1,1,1,0,VERIFIED_NO_CONFLICT
Lake Kasumigaura||Japan||2010-05-18||36.0||140.414,GID_3050,1,1,1,1,1,1,1,0,VERIFIED_NO_CONFLICT
Lake Kasumigaura||Japan||2010-05-18||36.105||140.389,GID_3031,1,1,1,1,1,1,1,0,VERIFIED_NO_CONFLICT
Lake Kasumigaura||Japan||2010-05-18||36.123||140.369,GID_3029,1,1,1,1,1,1,1,0,VERIFIED_NO_CONFLICT
Lake Kasumigaura||Japan||2010-05-18||36.126||140.355,GID_3028,1,1,1,1,1,1,1,0,VERIFIED_NO_CONFLICT
Lake Kasumigaura||Japan||2010-05-18||36.12||140.378,GID_3030,1,1,1,1,1,1,1,0,VERIFIED_NO_CONFLICT
Lake Kasumigaura||Japan||2010-05-18||36.134||140.343,GID_3027,1,1,1,1,1,1,1,0,VERIFIED_NO_CONFLICT
Lake Kasumigaura||Japan||2010-05-18||36.147||140.327,GID_3025,1,1,1,1,1,1,1,0,VERIFIED_NO_CONFLICT
Lake Kasumigaura||Japan||2010-05-18||36.14||140.337,GID_3026,1,1,1,1,1,1,1,0,VERIFIED_NO_CONFLICT
Lake Kasumigaura||Japan||2013-07-11||35.965||140.489,GID_3051,1,1,1,1,1,1,1,0,VERIFIED_NO_CONFLICT
Lake Kasumigaura||Japan||2013-07-11||36.037||140.404,GID_3052,1,1,1,1,1,1,1,0,VERIFIED_NO_CONFLICT
Lake Kasumigaura||Japan||2013-07-11||36.054||140.247,GID_3054,1,1,1,1,1,1,1,0,VERIFIED_NO_CONFLICT
Lake Kasumigaura||Japan||2013-07-11||36.08||140.223,GID_3055,1,1,1,1,1,1,1,0,VERIFIED_NO_CONFLICT
Lake Kasumigaura||Japan||2013-07-11||36.139||140.34,GID_3053,1,1,1,1,1,1,1,0,VERIFIED_NO_CONFLICT
Lake Kasumigaura||Japan||2013-08-07||35.964||140.489,GID_3056,1,1,1,1,1,1,1,0,VERIFIED_NO_CONFLICT
Lake Kasumigaura||Japan||2013-08-07||36.037||140.404,GID_3057,1,1,1,1,1,1,1,0,VERIFIED_NO_CONFLICT
Lake Kasumigaura||Japan||2013-08-07||36.054||140.247,GID_3058,1,1,1,1,1,1,1,0,VERIFIED_NO_CONFLICT
Lake Kasumigaura||Japan||2013-08-07||36.08||140.223,GID_3059,1,1,1,1,1,1,1,0,VERIFIED_NO_CONFLICT
Lake Kasumigaura||Japan||2013-10-03||35.964||140.488,GID_3060,1,1,1,1,1,1,1,0,VERIFIED_NO_CONFLICT
Lake Kasumigaura||Japan||2013-10-03||36.037||140.404,GID_3061,1,1,1,1,1,1,1,0,VERIFIED_NO_CONFLICT
Lake Kasumigaura||Japan||2013-10-03||36.08||140.223,GID_3063,1,1,1,1,1,1,1,0,VERIFIED_NO_CONFLICT
Lake Kasumigaura||Japan||2013-10-03||36.139||140.34,GID_3062,1,1,1,1,1,1,1,0,VERIFIED_NO_CONFLICT
Lake Kasumigaura||Japan||2014-01-28||35.964||140.489,GID_3064,1,1,1,1,1,1,1,0,VERIFIED_NO_CONFLICT
Lake Kasumigaura||Japan||2014-01-28||36.037||140.405,GID_3065,1,1,1,1,1,1,1,0,VERIFIED_NO_CONFLICT
Lake Kasumigaura||Japan||2014-01-28||36.054||140.248,GID_3067,1,1,1,1,1,1,1,0,VERIFIED_NO_CONFLICT
Lake Kasumigaura||Japan||2014-01-28||36.08||140.223,GID_3068,1,1,1,1,1,1,1,0,VERIFIED_NO_CONFLICT
Lake Kasumigaura||Japan||2014-01-28||36.139||140.339,GID_3066,1,1,1,1,1,1,1,0,VERIFIED_NO_CONFLICT
Lake Kasumigaura||Japan||2014-03-12||35.964||140.487,GID_3069,1,1,1,1,1,1,1,0,VERIFIED_NO_CONFLICT
Lake Kasumigaura||Japan||2014-03-12||36.037||140.404,GID_3070,1,1,1,1,1,1,1,0,VERIFIED_NO_CONFLICT
Lake Kasumigaura||Japan||2014-03-12||36.054||140.247,GID_3072,1,1,1,1,1,1,1,0,VERIFIED_NO_CONFLICT
Lake Kasumigaura||Japan||2014-03-12||36.08||140.223,GID_3073,1,1,1,1,1,1,1,0,VERIFIED_NO_CONFLICT
Lake Kasumigaura||Japan||2014-03-12||36.139||140.34,GID_3071,1,1,1,1,1,1,1,0,VERIFIED_NO_CONFLICT
Lake Kasumigaura||Japan||2015-11-11||36.037||140.404,GID_3074,1,1,1,1,1,1,1,0,VERIFIED_NO_CONFLICT
Lake Kasumigaura||Japan||2015-11-11||36.054||140.247,GID_3076,1,1,1,1,1,1,1,0,VERIFIED_NO_CONFLICT
Lake Kasumigaura||Japan||2015-11-11||36.138||140.34,GID_3075,1,1,1,1,1,1,1,0,VERIFIED_NO_CONFLICT
Lake Kasumigaura||Japan||2015-11-27||35.965||140.489,GID_3077,1,1,1,1,1,1,1,0,VERIFIED_NO_CONFLICT
Lake Kasumigaura||Japan||2015-11-27||36.037||140.404,GID_3078,1,1,1,1,1,1,1,0,VERIFIED_NO_CONFLICT
Lake Kasumigaura||Japan||2015-11-27||36.055||140.247,GID_3079,1,1,1,1,1,1,1,0,VERIFIED_NO_CONFLICT
Lake Kasumigaura||Japan||2015-11-27||36.081||140.223,GID_3080,1,1,1,1,1,1,1,0,VERIFIED_NO_CONFLICT
Lake Kasumigaura||Japan||2016-01-13||35.967||140.486,GID_3081,1,1,1,1,1,1,1,0,VERIFIED_NO_CONFLICT
Lake Kasumigaura||Japan||2016-01-13||36.053||140.25,GID_3082,1,1,1,1,1,1,1,0,VERIFIED_NO_CONFLICT
Lake Kasumigaura||Japan||2016-01-13||36.077||140.226,GID_3083,1,1,1,1,1,1,1,0,VERIFIED_NO_CONFLICT
Lake Kasumigaura||Japan||2016-01-14||35.967||140.486,GID_3084,1,1,1,1,1,1,1,0,VERIFIED_NO_CONFLICT
Lake Kasumigaura||Japan||2016-01-14||36.037||140.405,GID_3085,1,1,1,1,1,1,1,0,VERIFIED_NO_CONFLICT
Lake Kasumigaura||Japan||2016-01-14||36.054||140.249,GID_3087,1,1,1,1,1,1,1,0,VERIFIED_NO_CONFLICT
Lake Kasumigaura||Japan||2016-01-14||36.077||140.225,GID_3088,1,1,1,1,1,1,1,0,VERIFIED_NO_CONFLICT
Lake Kasumigaura||Japan||2016-01-14||36.134||140.359,GID_3086,1,1,1,1,1,1,1,0,VERIFIED_NO_CONFLICT
Lake Kasumigaura||Japan||2016-02-12||35.977||140.472,GID_4278,1,1,1,1,1,1,1,0,VERIFIED_NO_CONFLICT
Lake Kasumigaura||Japan||2016-02-12||36.008||140.436,GID_4277,1,1,1,1,1,1,1,0,VERIFIED_NO_CONFLICT
Lake Kasumigaura||Japan||2016-02-12||36.036||140.404,GID_4276,1,1,1,1,1,1,1,0,VERIFIED_NO_CONFLICT
Lake Kasumigaura||Japan||2016-02-12||36.045||140.3,GID_4275,1,1,1,1,1,1,1,0,VERIFIED_NO_CONFLICT
Lake Kasumigaura||Japan||2016-02-12||36.065||140.233,GID_4274,1,1,1,1,1,1,1,0,VERIFIED_NO_CONFLICT
Lake Kasumigaura||Japan||2016-02-12||36.089||140.398,GID_4273,1,1,1,1,1,1,1,0,VERIFIED_NO_CONFLICT
Lake Kasumigaura||Japan||2016-02-12||36.122||140.378,GID_4272,1,1,1,1,1,1,1,0,VERIFIED_NO_CONFLICT
Lake Kasumigaura||Japan||2016-02-12||36.138||140.34,GID_4271,1,1,1,1,1,1,1,0,VERIFIED_NO_CONFLICT
Lake Kasumigaura||Japan||2016-02-12||36.149||140.325,GID_4270,1,1,1,1,1,1,1,0,VERIFIED_NO_CONFLICT
Lake Kasumigaura||Japan||2016-03-04||35.965||140.488,GID_3089,1,1,1,1,1,1,1,0,VERIFIED_NO_CONFLICT
Lake Kasumigaura||Japan||2016-03-04||36.037||140.404,GID_3090,1,1,1,1,1,1,1,0,VERIFIED_NO_CONFLICT
Lake Kasumigaura||Japan||2016-03-04||36.054||140.246,GID_3092,1,1,1,1,1,1,1,0,VERIFIED_NO_CONFLICT
Lake Kasumigaura||Japan||2016-03-04||36.076||140.226,GID_3093,1,1,1,1,1,1,1,0,VERIFIED_NO_CONFLICT
Lake Kasumigaura||Japan||2016-03-04||36.13||140.362,GID_3091,1,1,1,1,1,1,1,0,VERIFIED_NO_CONFLICT
Lake Kasumigaura||Japan||2016-03-14||35.977||140.472,GID_4284,1,1,1,1,1,1,1,0,VERIFIED_NO_CONFLICT
Lake Kasumigaura||Japan||2016-03-14||36.008||140.436,GID_4283,1,1,1,1,1,1,1,0,VERIFIED_NO_CONFLICT
Lake Kasumigaura||Japan||2016-03-14||36.036||140.404,GID_4282,1,1,1,1,1,1,1,0,VERIFIED_NO_CONFLICT
Lake Kasumigaura||Japan||2016-03-14||36.065||140.233,GID_4281,1,1,1,1,1,1,1,0,VERIFIED_NO_CONFLICT
Lake Kasumigaura||Japan||2016-03-14||36.122||140.378,GID_4280,1,1,1,1,1,1,1,0,VERIFIED_NO_CONFLICT
Lake Kasumigaura||Japan||2016-03-14||36.149||140.325,GID_4279,1,1,1,1,1,1,1,0,VERIFIED_NO_CONFLICT
Lake Kasumigaura||Japan||2016-04-13||35.977||140.472,GID_4288,1,1,1,1,1,1,1,0,VERIFIED_NO_CONFLICT
Lake Kasumigaura||Japan||2016-04-13||36.008||140.436,GID_4287,1,1,1,1,1,1,1,0,VERIFIED_NO_CONFLICT
Lake Kasumigaura||Japan||2016-04-13||36.036||140.404,GID_4286,1,1,1,1,1,1,1,0,VERIFIED_NO_CONFLICT
Lake Kasumigaura||Japan||2016-04-13||36.065||140.233,GID_4285,1,1,1,1,1,1,1,0,VERIFIED_NO_CONFLICT
Lake Kasumigaura||Japan||2016-04-18||35.972||140.482,GID_3094,1,1,1,1,1,1,1,0,VERIFIED_NO_CONFLICT
Lake Kasumigaura||Japan||2016-04-18||36.038||140.405,GID_3095,1,1,1,1,1,1,1,0,VERIFIED_NO_CONFLICT
Lake Kasumigaura||Japan||2016-04-18||36.078||140.223,GID_3097,1,1,1,1,1,1,1,0,VERIFIED_NO_CONFLICT
Lake Kasumigaura||Japan||2016-04-18||36.134||140.363,GID_3096,1,1,1,1,1,1,1,0,VERIFIED_NO_CONFLICT
Lake Kasumigaura||Japan||2016-06-08||35.977||140.472,GID_4298,1,1,1,1,1,1,1,0,VERIFIED_NO_CONFLICT
Lake Kasumigaura||Japan||2016-06-08||36.008||140.436,GID_4297,1,1,1,1,1,1,1,0,VERIFIED_NO_CONFLICT
Lake Kasumigaura||Japan||2016-06-08||36.036||140.404,GID_4296,1,1,1,1,1,1,1,0,VERIFIED_NO_CONFLICT
Lake Kasumigaura||Japan||2016-06-08||36.045||140.3,GID_4295,1,1,1,1,1,1,1,0,VERIFIED_NO_CONFLICT
Lake Kasumigaura||Japan||2016-06-08||36.065||140.233,GID_4294,1,1,1,1,1,1,1,0,VERIFIED_NO_CONFLICT
Lake Kasumigaura||Japan||2016-06-08||36.082||140.22,GID_4293,1,1,1,1,1,1,1,0,VERIFIED_NO_CONFLICT
Lake Kasumigaura||Japan||2016-06-08||36.089||140.398,GID_4292,1,1,1,1,1,1,1,0,VERIFIED_NO_CONFLICT
Lake Kasumigaura||Japan||2016-06-08||36.122||140.378,GID_4291,1,1,1,1,1,1,1,0,VERIFIED_NO_CONFLICT
Lake Kasumigaura||Japan||2016-06-08||36.138||140.34,GID_4290,1,1,1,1,1,1,1,0,VERIFIED_NO_CONFLICT
Lake Kasumigaura||Japan||2016-06-08||36.149||140.325,GID_4289,1,1,1,1,1,1,1,0,VERIFIED_NO_CONFLICT
Lake Kasumigaura||Japan||2016-07-12||35.972||140.476,GID_3098,1,1,1,1,1,1,1,0,VERIFIED_NO_CONFLICT
Lake Kasumigaura||Japan||2016-07-12||35.977||140.472,GID_4308,1,1,1,1,1,1,1,0,VERIFIED_NO_CONFLICT
Lake Kasumigaura||Japan||2016-07-12||36.008||140.436,GID_4307,1,1,1,1,1,1,1,0,VERIFIED_NO_CONFLICT
Lake Kasumigaura||Japan||2016-07-12||36.036||140.404,GID_4306,1,1,1,1,1,1,1,0,VERIFIED_NO_CONFLICT
Lake Kasumigaura||Japan||2016-07-12||36.045||140.3,GID_4305,1,1,1,1,1,1,1,0,VERIFIED_NO_CONFLICT
Lake Kasumigaura||Japan||2016-07-12||36.053||140.257,GID_3100,1,1,1,1,1,1,1,0,VERIFIED_NO_CONFLICT
Lake Kasumigaura||Japan||2016-07-12||36.065||140.233,GID_4304,1,1,1,1,1,1,1,0,VERIFIED_NO_CONFLICT
Lake Kasumigaura||Japan||2016-07-12||36.078||140.226,GID_3101,1,1,1,1,1,1,1,0,VERIFIED_NO_CONFLICT
Lake Kasumigaura||Japan||2016-07-12||36.082||140.22,GID_4303,1,1,1,1,1,1,1,0,VERIFIED_NO_CONFLICT
Lake Kasumigaura||Japan||2016-07-12||36.089||140.398,GID_4302,1,1,1,1,1,1,1,0,VERIFIED_NO_CONFLICT
Lake Kasumigaura||Japan||2016-07-12||36.122||140.378,GID_4301,1,1,1,1,1,1,1,0,VERIFIED_NO_CONFLICT
Lake Kasumigaura||Japan||2016-07-12||36.132||140.36,GID_3099,1,1,1,1,1,1,1,0,VERIFIED_NO_CONFLICT
Lake Kasumigaura||Japan||2016-07-12||36.138||140.34,GID_4300,1,1,1,1,1,1,1,0,VERIFIED_NO_CONFLICT
Lake Kasumigaura||Japan||2016-07-12||36.149||140.325,GID_4299,1,1,1,1,1,1,1,0,VERIFIED_NO_CONFLICT
Lake Kasumigaura||Japan||2016-08-09||35.977||140.472,GID_4318,1,1,1,1,1,1,1,0,VERIFIED_NO_CONFLICT
Lake Kasumigaura||Japan||2016-08-09||36.008||140.436,GID_4317,1,1,1,1,1,1,1,0,VERIFIED_NO_CONFLICT
Lake Kasumigaura||Japan||2016-08-09||36.036||140.404,GID_4316,1,1,1,1,1,1,1,0,VERIFIED_NO_CONFLICT
Lake Kasumigaura||Japan||2016-08-09||36.045||140.3,GID_4315,1,1,1,1,1,1,1,0,VERIFIED_NO_CONFLICT
Lake Kasumigaura||Japan||2016-08-09||36.065||140.233,GID_4314,1,1,1,1,1,1,1,0,VERIFIED_NO_CONFLICT
Lake Kasumigaura||Japan||2016-08-09||36.082||140.22,GID_4313,1,1,1,1,1,1,1,0,VERIFIED_NO_CONFLICT
Lake Kasumigaura||Japan||2016-08-09||36.089||140.398,GID_4312,1,1,1,1,1,1,1,0,VERIFIED_NO_CONFLICT
Lake Kasumigaura||Japan||2016-08-09||36.122||140.378,GID_4311,1,1,1,1,1,1,1,0,VERIFIED_NO_CONFLICT
Lake Kasumigaura||Japan||2016-08-09||36.138||140.34,GID_4310,1,1,1,1,1,1,1,0,VERIFIED_NO_CONFLICT
Lake Kasumigaura||Japan||2016-08-09||36.149||140.325,GID_4309,1,1,1,1,1,1,1,0,VERIFIED_NO_CONFLICT
Lake Kasumigaura||Japan||2016-09-09||36.036||140.405,GID_3102,1,1,1,1,1,1,1,0,VERIFIED_NO_CONFLICT
Lake Kasumigaura||Japan||2016-09-09||36.136||140.359,GID_3103,1,1,1,1,1,1,1,0,VERIFIED_NO_CONFLICT
Lake Kasumigaura||Japan||2016-10-12||35.977||140.472,GID_4328,1,1,1,1,1,1,1,0,VERIFIED_NO_CONFLICT
Lake Kasumigaura||Japan||2016-10-12||36.008||140.436,GID_4327,1,1,1,1,1,1,1,0,VERIFIED_NO_CONFLICT
Lake Kasumigaura||Japan||2016-10-12||36.036||140.404,GID_4326,1,1,1,1,1,1,1,0,VERIFIED_NO_CONFLICT
Lake Kasumigaura||Japan||2016-10-12||36.045||140.3,GID_4325,1,1,1,1,1,1,1,0,VERIFIED_NO_CONFLICT
Lake Kasumigaura||Japan||2016-10-12||36.065||140.233,GID_4324,1,1,1,1,1,1,1,0,VERIFIED_NO_CONFLICT
Lake Kasumigaura||Japan||2016-10-12||36.082||140.22,GID_4323,1,1,1,1,1,1,1,0,VERIFIED_NO_CONFLICT
Lake Kasumigaura||Japan||2016-10-12||36.089||140.398,GID_4322,1,1,1,1,1,1,1,0,VERIFIED_NO_CONFLICT
Lake Kasumigaura||Japan||2016-10-12||36.122||140.378,GID_4321,1,1,1,1,1,1,1,0,VERIFIED_NO_CONFLICT
Lake Kasumigaura||Japan||2016-10-12||36.138||140.34,GID_4320,1,1,1,1,1,1,1,0,VERIFIED_NO_CONFLICT
Lake Kasumigaura||Japan||2016-10-12||36.149||140.325,GID_4319,1,1,1,1,1,1,1,0,VERIFIED_NO_CONFLICT
Lake Kasumigaura||Japan||2016-10-27||35.97||140.479,GID_3104,1,1,1,1,1,1,1,0,VERIFIED_NO_CONFLICT
Lake Kasumigaura||Japan||2016-10-27||36.036||140.405,GID_3105,1,1,1,1,1,1,1,0,VERIFIED_NO_CONFLICT
Lake Kasumigaura||Japan||2016-10-27||36.054||140.254,GID_3107,1,1,1,1,1,1,1,0,VERIFIED_NO_CONFLICT
Lake Kasumigaura||Japan||2016-10-27||36.079||140.226,GID_3108,1,1,1,1,1,1,1,0,VERIFIED_NO_CONFLICT
Lake Kasumigaura||Japan||2016-10-27||36.129||140.362,GID_3106,1,1,1,1,1,1,1,0,VERIFIED_NO_CONFLICT
Lake Kasumigaura||Japan||2016-11-09||35.977||140.472,GID_4337,1,1,1,1,1,1,1,0,VERIFIED_NO_CONFLICT
Lake Kasumigaura||Japan||2016-11-09||36.008||140.436,GID_4336,1,1,1,1,1,1,1,0,VERIFIED_NO_CONFLICT
Lake Kasumigaura||Japan||2016-11-09||36.036||140.404,GID_4335,1,1,1,1,1,1,1,0,VERIFIED_NO_CONFLICT
Lake Kasumigaura||Japan||2016-11-09||36.065||140.233,GID_4334,1,1,1,1,1,1,1,0,VERIFIED_NO_CONFLICT
Lake Kasumigaura||Japan||2016-11-09||36.082||140.22,GID_4333,1,1,1,1,1,1,1,0,VERIFIED_NO_CONFLICT
Lake Kasumigaura||Japan||2016-11-09||36.089||140.398,GID_4332,1,1,1,1,1,1,1,0,VERIFIED_NO_CONFLICT
Lake Kasumigaura||Japan||2016-11-09||36.122||140.378,GID_4331,1,1,1,1,1,1,1,0,VERIFIED_NO_CONFLICT
Lake Kasumigaura||Japan||2016-11-09||36.138||140.34,GID_4330,1,1,1,1,1,1,1,0,VERIFIED_NO_CONFLICT
Lake Kasumigaura||Japan||2016-11-09||36.149||140.325,GID_4329,1,1,1,1,1,1,1,0,VERIFIED_NO_CONFLICT
Lake Kasumigaura||Japan||2016-11-29||35.971||140.479,GID_3109,1,1,1,1,1,1,1,0,VERIFIED_NO_CONFLICT
Lake Kasumigaura||Japan||2016-11-29||36.036||140.407,GID_3110,1,1,1,1,1,1,1,0,VERIFIED_NO_CONFLICT
Lake Kasumigaura||Japan||2016-11-29||36.054||140.254,GID_3112,1,1,1,1,1,1,1,0,VERIFIED_NO_CONFLICT
Lake Kasumigaura||Japan||2016-11-29||36.076||140.231,GID_3113,1,1,1,1,1,1,1,0,VERIFIED_NO_CONFLICT
Lake Kasumigaura||Japan||2016-11-29||36.132||140.354,GID_3111,1,1,1,1,1,1,1,0,VERIFIED_NO_CONFLICT
Lake Kasumigaura||Japan||2018-05-11||35.974||140.479,GID_3114,1,1,1,1,1,1,1,0,VERIFIED_NO_CONFLICT
Lake Kasumigaura||Japan||2018-05-11||36.038||140.408,GID_3115,1,1,1,1,1,1,1,0,VERIFIED_NO_CONFLICT
Lake Kasumigaura||Japan||2018-05-11||36.055||140.257,GID_3117,1,1,1,1,1,1,1,0,VERIFIED_NO_CONFLICT
Lake Kasumigaura||Japan||2018-05-11||36.078||140.23,GID_3118,1,1,1,1,1,1,1,0,VERIFIED_NO_CONFLICT
Lake Kasumigaura||Japan||2018-05-11||36.128||140.367,GID_3116,1,1,1,1,1,1,1,0,VERIFIED_NO_CONFLICT
Lake Kasumigaura||Japan||2019-03-12||36.082||140.215,GID_3119,1,1,1,1,1,1,1,0,VERIFIED_NO_CONFLICT
Lake Kegonsa||United States of America (the)||2014-08-12||42.958||-89.269,GID_1438,1,1,1,1,1,1,1,0,VERIFIED_NO_CONFLICT
Lake Kegonsa||United States of America (the)||2014-08-12||42.963||-89.247,GID_1437,1,1,1,1,1,1,1,0,VERIFIED_NO_CONFLICT
Lake Kegonsa||United States of America (the)||2014-08-12||42.974||-89.253,GID_1439,1,1,1,1,1,1,1,0,VERIFIED_NO_CONFLICT
Lake Kegonsa||United States of America (the)||2015-08-31||42.958||-89.269,GID_1514,1,1,1,1,1,1,1,0,VERIFIED_NO_CONFLICT
Lake Kegonsa||United States of America (the)||2015-08-31||42.963||-89.243,GID_1513,1,1,1,1,1,1,1,0,VERIFIED_NO_CONFLICT
Lake Kegonsa||United States of America (the)||2015-08-31||42.975||-89.254,GID_1515,1,1,1,1,1,1,1,0,VERIFIED_NO_CONFLICT
Lake Kegonsa||United States of America (the)||2016-07-19||42.958||-89.268,GID_1556,1,1,1,1,1,1,1,0,VERIFIED_NO_CONFLICT
Lake Kegonsa||United States of America (the)||2016-07-19||42.965||-89.244,GID_1555,1,1,1,1,1,1,1,0,VERIFIED_NO_CONFLICT
Lake Kegonsa||United States of America (the)||2016-07-19||42.975||-89.254,GID_1557,1,1,1,1,1,1,1,0,VERIFIED_NO_CONFLICT
Lake Komiojarvi||Finland||2018-06-06||66.913||27.061,GID_181,1,1,1,1,1,1,1,0,VERIFIED_NO_CONFLICT
Lake Kooraste Linajarv||Estonia||2018-05-21||57.963||26.664,GID_160,1,1,1,1,1,1,1,0,VERIFIED_NO_CONFLICT
Lake Koorkula Valgjarv||Estonia||2016-09-15||57.899||25.871,GID_93,1,1,1,1,1,1,1,0,VERIFIED_NO_CONFLICT
Lake Koorkula Valgjarv||Estonia||2018-06-01||57.901||25.873,GID_173,1,1,1,1,1,1,1,0,VERIFIED_NO_CONFLICT
Lake Koosa||Estonia||2013-07-14||58.434||27.155,GID_21,1,1,1,1,1,1,1,0,VERIFIED_NO_CONFLICT
Lake Koshkonong||United States of America (the)||2015-07-08||42.854||-88.978,GID_1467,1,1,1,1,1,1,1,0,VERIFIED_NO_CONFLICT
Lake Koshkonong||United States of America (the)||2015-07-08||42.875||-88.989,GID_1466,1,1,1,1,1,1,1,0,VERIFIED_NO_CONFLICT
Lake Koshkonong||United States of America (the)||2015-07-08||42.878||-88.957,GID_1465,1,1,1,1,1,1,1,0,VERIFIED_NO_CONFLICT
Lake Kummerow||Germany||2015-01-08||53.846||12.9,GID_3968,1,1,1,1,1,1,1,0,VERIFIED_NO_CONFLICT
Lake Kummerow||Germany||2015-06-04||53.833||12.877,GID_3955,1,1,1,1,1,1,1,0,VERIFIED_NO_CONFLICT
Lake Kummerow||Germany||2015-06-04||53.833||12.889,GID_3956,1,1,1,1,1,1,1,0,VERIFIED_NO_CONFLICT
Lake Kummerow||Germany||2015-06-04||53.841||12.898,GID_3957,1,1,1,1,1,1,1,0,VERIFIED_NO_CONFLICT
Lake Kummerow||Germany||2015-06-06||53.832||12.901,GID_3950,1,1,1,1,1,1,1,0,VERIFIED_NO_CONFLICT
Lake Kummerow||Germany||2015-06-06||53.837||12.894,GID_3949,1,1,1,1,1,1,1,0,VERIFIED_NO_CONFLICT
Lake Kummerow||Germany||2015-06-06||53.841||12.888,GID_3948,1,1,1,1,1,1,1,0,VERIFIED_NO_CONFLICT
Lake Kummerow||Germany||2015-06-06||53.84||12.902,GID_3951,1,1,1,1,1,1,1,0,VERIFIED_NO_CONFLICT
Lake Kummerow||Germany||2015-08-07||53.828||12.896,GID_3959,1,1,1,1,1,1,1,0,VERIFIED_NO_CONFLICT
Lake Kummerow||Germany||2015-08-07||53.834||12.896,GID_3960,1,1,1,1,1,1,1,0,VERIFIED_NO_CONFLICT
Lake Kummerow||Germany||2015-08-07||53.835||12.874,GID_3958,1,1,1,1,1,1,1,0,VERIFIED_NO_CONFLICT
Lake Kummerow||Germany||2015-08-07||53.845||12.902,GID_3962,1,1,1,1,1,1,1,0,VERIFIED_NO_CONFLICT
Lake Kummerow||Germany||2015-08-07||53.84||12.902,GID_3961,1,1,1,1,1,1,1,0,VERIFIED_NO_CONFLICT
Lake Kummerow||Germany||2015-08-23||53.821||12.883,GID_3964,1,1,1,1,1,1,1,0,VERIFIED_NO_CONFLICT
Lake Kummerow||Germany||2015-08-23||53.833||12.871,GID_3963,1,1,1,1,1,1,1,0,VERIFIED_NO_CONFLICT
Lake Kummerow||Germany||2015-08-23||53.836||12.897,GID_3966,1,1,1,1,1,1,1,0,VERIFIED_NO_CONFLICT
Lake Kummerow||Germany||2015-08-23||53.83||12.891,GID_3965,1,1,1,1,1,1,1,0,VERIFIED_NO_CONFLICT
Lake Kummerow||Germany||2015-08-23||53.843||12.9,GID_3967,1,1,1,1,1,1,1,0,VERIFIED_NO_CONFLICT
Lake Kummerow||Germany||2015-09-30||53.82||12.882,GID_3953,1,1,1,1,1,1,1,0,VERIFIED_NO_CONFLICT
Lake Kummerow||Germany||2015-09-30||53.83||12.889,GID_3954,1,1,1,1,1,1,1,0,VERIFIED_NO_CONFLICT
Lake Kummerow||Germany||2015-09-30||53.841||12.883,GID_3952,1,1,1,1,1,1,1,0,VERIFIED_NO_CONFLICT
Lake Kummerow||Germany||2016-05-30||53.829||12.871,GID_3973,1,1,1,1,1,1,1,0,VERIFIED_NO_CONFLICT
Lake Kummerow||Germany||2016-09-10||53.819||12.88,GID_3970,1,1,1,1,1,1,1,0,VERIFIED_NO_CONFLICT
Lake Kummerow||Germany||2016-09-10||53.832||12.874,GID_3969,1,1,1,1,1,1,1,0,VERIFIED_NO_CONFLICT
Lake Kummerow||Germany||2016-09-10||53.83||12.891,GID_3971,1,1,1,1,1,1,1,0,VERIFIED_NO_CONFLICT
Lake Kummerow||Germany||2016-09-10||53.84||12.897,GID_3972,1,1,1,1,1,1,1,0,VERIFIED_NO_CONFLICT
Lake Kuremaa||Estonia||2018-05-11||58.712||26.562,GID_142,1,1,1,1,1,1,1,0,VERIFIED_NO_CONFLICT
Lake Loch Katrine||New Zealand||2018-01-19||-42.719||172.2,GID_2383,1,1,1,1,1,1,1,0,VERIFIED_NO_CONFLICT
Lake Lucerne||Switzerland||2019-07-30||46.978||8.507,GID_7133,1,1,1,1,1,1,1,0,VERIFIED_NO_CONFLICT
Lake Lucerne||Switzerland||2019-07-30||46.984||8.465,GID_7132,1,1,1,1,1,1,1,0,VERIFIED_NO_CONFLICT
Lake Lucerne||Switzerland||2019-07-30||46.989||8.334,GID_7131,1,1,1,1,1,1,1,0,VERIFIED_NO_CONFLICT
Lake Lucerne||Switzerland||2019-07-30||47.015||8.438,GID_7134,1,1,1,1,1,1,1,0,VERIFIED_NO_CONFLICT
Lake Manapouri||New Zealand||2017-11-02||-45.494||167.579,GID_2342,1,1,1,1,1,1,1,0,VERIFIED_NO_CONFLICT
Lake Manapouri||New Zealand||2017-11-02||-45.522||167.558,GID_2341,1,1,1,1,1,1,1,0,VERIFIED_NO_CONFLICT
"Lake Manawa, IA||United States of America (the)||2001-06-25||41.204||-95.853",GID_5040,1,1,1,1,1,1,1,0,VERIFIED_NO_CONFLICT
"Lake Manawa, IA||United States of America (the)||2008-05-06||41.204||-95.853",GID_5033,1,1,1,1,1,1,1,0,VERIFIED_NO_CONFLICT
"Lake Manawa, IA||United States of America (the)||2008-05-06||41.212||-95.855",GID_5042,1,1,1,1,1,1,1,0,VERIFIED_NO_CONFLICT
"Lake Manawa, IA||United States of America (the)||2008-05-15||41.204||-95.853",GID_5034,1,1,1,1,1,1,1,0,VERIFIED_NO_CONFLICT
"Lake Manawa, IA||United States of America (the)||2008-05-20||41.204||-95.853",GID_5035,1,1,1,1,1,1,1,0,VERIFIED_NO_CONFLICT
"Lake Manawa, IA||United States of America (the)||2008-05-29||41.204||-95.853",GID_5036,1,1,1,1,1,1,1,0,VERIFIED_NO_CONFLICT
"Lake Manawa, IA||United States of America (the)||2008-06-05||41.204||-95.853",GID_5037,1,1,1,1,1,1,1,0,VERIFIED_NO_CONFLICT
"Lake Manawa, IA||United States of America (the)||2008-06-10||41.204||-95.853",GID_5038,1,1,1,1,1,1,1,0,VERIFIED_NO_CONFLICT
"Lake Manawa, IA||United States of America (the)||2008-06-18||41.204||-95.853",GID_5039,1,1,1,1,1,1,1,0,VERIFIED_NO_CONFLICT
"Lake Manawa, IA||United States of America (the)||2008-07-01||41.204||-95.853",GID_5041,1,1,1,1,1,1,1,0,VERIFIED_NO_CONFLICT
Lake Maraetai||New Zealand||2017-11-16||-38.363||175.785,GID_2350,1,1,1,1,1,1,1,0,VERIFIED_NO_CONFLICT
Lake Maraetai||New Zealand||2017-11-16||-38.366||175.788,GID_2349,1,1,1,1,1,1,1,0,VERIFIED_NO_CONFLICT
Lake Maratoto||New Zealand||2020-10-18||-37.888||175.304,GID_2468,1,1,1,1,1,1,1,0,VERIFIED_NO_CONFLICT
Lake Mendota||United States of America (the)||2014-08-13||43.095||-89.452,GID_1445,1,1,1,1,1,1,1,0,VERIFIED_NO_CONFLICT
Lake Mendota||United States of America (the)||2014-08-13||43.098||-89.405,GID_1443,1,1,1,1,1,1,1,0,VERIFIED_NO_CONFLICT
Lake Mendota||United States of America (the)||2014-08-13||43.122||-89.42,GID_1444,1,1,1,1,1,1,1,0,VERIFIED_NO_CONFLICT
Lake Mendota||United States of America (the)||2014-11-01||43.095||-89.455,GID_1461,1,1,1,1,1,1,1,0,VERIFIED_NO_CONFLICT
Lake Mendota||United States of America (the)||2014-11-01||43.098||-89.405,GID_1459,1,1,1,1,1,1,1,0,VERIFIED_NO_CONFLICT
Lake Mendota||United States of America (the)||2014-11-01||43.123||-89.419,GID_1460,1,1,1,1,1,1,1,0,VERIFIED_NO_CONFLICT
Lake Mendota||United States of America (the)||2015-09-01||43.096||-89.45,GID_1518,1,1,1,1,1,1,1,0,VERIFIED_NO_CONFLICT
Lake Mendota||United States of America (the)||2015-09-01||43.098||-89.405,GID_1516,1,1,1,1,1,1,1,0,VERIFIED_NO_CONFLICT
Lake Mendota||United States of America (the)||2015-09-01||43.123||-89.42,GID_1517,1,1,1,1,1,1,1,0,VERIFIED_NO_CONFLICT
Lake Mendota||United States of America (the)||2016-07-19||43.095||-89.452,GID_1548,1,1,1,1,1,1,1,0,VERIFIED_NO_CONFLICT
Lake Mendota||United States of America (the)||2016-07-19||43.113||-89.42,GID_1547,1,1,1,1,1,1,1,0,VERIFIED_NO_CONFLICT
Lake Mendota||United States of America (the)||2016-07-19||43.1||-89.408,GID_1546,1,1,1,1,1,1,1,0,VERIFIED_NO_CONFLICT
Lake Michigan||United States of America (the)||2016-07-25||44.443||-87.498,GID_1368,1,1,1,1,1,1,1,0,VERIFIED_NO_CONFLICT
Lake Michigan||United States of America (the)||2016-07-25||44.45||-87.463,GID_1369,1,1,1,1,1,1,1,0,VERIFIED_NO_CONFLICT
Lake Michigan||United States of America (the)||2016-07-25||44.519||-87.415,GID_1370,1,1,1,1,1,1,1,0,VERIFIED_NO_CONFLICT
Lake Michigan||United States of America (the)||2016-07-25||44.589||-87.345,GID_1371,1,1,1,1,1,1,1,0,VERIFIED_NO_CONFLICT
Lake Michigan||United States of America (the)||2016-07-25||44.58||-87.444,GID_1367,1,1,1,1,1,1,1,0,VERIFIED_NO_CONFLICT
Lake Michigan||United States of America (the)||2016-07-25||44.742||-87.329,GID_1366,1,1,1,1,1,1,1,0,VERIFIED_NO_CONFLICT
Lake Michigan||United States of America (the)||2016-07-26||44.596||-87.953,GID_1372,1,1,1,1,1,1,1,0,VERIFIED_NO_CONFLICT
Lake Michigan||United States of America (the)||2016-07-26||44.653||-87.901,GID_1373,1,1,1,1,1,1,1,0,VERIFIED_NO_CONFLICT
Lake Michigan||United States of America (the)||2016-07-26||44.749||-87.793,GID_1374,1,1,1,1,1,1,1,0,VERIFIED_NO_CONFLICT
Lake Michigan||United States of America (the)||2016-07-26||44.856||-87.665,GID_1375,1,1,1,1,1,1,1,0,VERIFIED_NO_CONFLICT
Lake Michigan||United States of America (the)||2019-06-06||44.596||-87.953,GID_1360,1,1,1,1,1,1,1,0,VERIFIED_NO_CONFLICT
Lake Michigan||United States of America (the)||2019-07-24||44.582||-87.978,GID_1363,1,1,1,1,1,1,1,0,VERIFIED_NO_CONFLICT
Lake Michigan||United States of America (the)||2019-07-24||44.595||-87.998,GID_1364,1,1,1,1,1,1,1,0,VERIFIED_NO_CONFLICT
Lake Michigan||United States of America (the)||2019-07-24||44.597||-87.953,GID_1362,1,1,1,1,1,1,1,0,VERIFIED_NO_CONFLICT
Lake Michigan||United States of America (the)||2019-07-24||44.615||-87.898,GID_1361,1,1,1,1,1,1,1,0,VERIFIED_NO_CONFLICT
Lake Mokeno||New Zealand||2017-11-20||-36.352||174.061,GID_2358,1,1,1,1,1,1,1,0,VERIFIED_NO_CONFLICT
Lake Monona||United States of America (the)||2014-08-12||43.061||-89.356,GID_1434,1,1,1,1,1,1,1,0,VERIFIED_NO_CONFLICT
Lake Monona||United States of America (the)||2014-08-12||43.06||-89.375,GID_1435,1,1,1,1,1,1,1,0,VERIFIED_NO_CONFLICT
Lake Monona||United States of America (the)||2014-08-12||43.081||-89.343,GID_1436,1,1,1,1,1,1,1,0,VERIFIED_NO_CONFLICT
Lake Monona||United States of America (the)||2014-11-01||43.065||-89.377,GID_1457,1,1,1,1,1,1,1,0,VERIFIED_NO_CONFLICT
Lake Monona||United States of America (the)||2014-11-01||43.066||-89.358,GID_1456,1,1,1,1,1,1,1,0,VERIFIED_NO_CONFLICT
Lake Monona||United States of America (the)||2014-11-01||43.079||-89.346,GID_1458,1,1,1,1,1,1,1,0,VERIFIED_NO_CONFLICT
Lake Monona||United States of America (the)||2015-08-31||43.065||-89.377,GID_1511,1,1,1,1,1,1,1,0,VERIFIED_NO_CONFLICT
Lake Monona||United States of America (the)||2015-08-31||43.067||-89.358,GID_1510,1,1,1,1,1,1,1,0,VERIFIED_NO_CONFLICT
Lake Monona||United States of America (the)||2015-08-31||43.079||-89.346,GID_1512,1,1,1,1,1,1,1,0,VERIFIED_NO_CONFLICT
Lake Monona||United States of America (the)||2016-07-19||43.064||-89.376,GID_1550,1,1,1,1,1,1,1,0,VERIFIED_NO_CONFLICT
Lake Monona||United States of America (the)||2016-07-19||43.067||-89.359,GID_1549,1,1,1,1,1,1,1,0,VERIFIED_NO_CONFLICT
Lake Monona||United States of America (the)||2016-07-19||43.079||-89.343,GID_1551,1,1,1,1,1,1,1,0,VERIFIED_NO_CONFLICT
Lake Murati||Estonia||2018-05-22||57.586||27.091,GID_164,1,1,1,1,1,1,1,0,VERIFIED_NO_CONFLICT
Lake Niezabyszewskie||Poland||2008-03-03||54.127||17.43,GID_7639,1,1,1,1,1,1,1,0,VERIFIED_NO_CONFLICT
Lake Niezabyszewskie||Poland||2008-04-04||54.127||17.43,GID_7640,1,1,1,1,1,1,1,0,VERIFIED_NO_CONFLICT
Lake Niezabyszewskie||Poland||2008-05-05||54.127||17.43,GID_7641,1,1,1,1,1,1,1,0,VERIFIED_NO_CONFLICT
Lake Niezabyszewskie||Poland||2008-06-06||54.127||17.43,GID_7642,1,1,1,1,1,1,1,0,VERIFIED_NO_CONFLICT
Lake Niezabyszewskie||Poland||2008-07-07||54.127||17.43,GID_7643,1,1,1,1,1,1,1,0,VERIFIED_NO_CONFLICT
Lake Nohipalu Valgjarv||Estonia||2017-07-18||57.942||27.347,GID_108,1,1,1,1,1,1,1,0,VERIFIED_NO_CONFLICT
Lake Nohipalu Valgjarv||Estonia||2018-05-21||57.942||27.347,GID_158,1,1,1,1,1,1,1,0,VERIFIED_NO_CONFLICT
Lake Nouni||Estonia||2016-09-15||58.129||26.514,GID_95,1,1,1,1,1,1,1,0,VERIFIED_NO_CONFLICT
Lake Nouni||Estonia||2018-05-25||58.13||26.517,GID_168,1,1,1,1,1,1,1,0,VERIFIED_NO_CONFLICT
Lake Obłęże||Poland||2007-03-03||54.24||16.92,GID_7618,1,1,1,1,1,1,1,0,VERIFIED_NO_CONFLICT
Lake Obłęże||Poland||2007-06-06||54.24||16.92,GID_7619,1,1,1,1,1,1,1,0,VERIFIED_NO_CONFLICT
Lake Obłęże||Poland||2007-07-07||54.24||16.92,GID_7620,1,1,1,1,1,1,1,0,VERIFIED_NO_CONFLICT
Lake Obłęże||Poland||2007-08-08||54.24||16.92,GID_7621,1,1,1,1,1,1,1,0,VERIFIED_NO_CONFLICT
Lake Obłęże||Poland||2007-09-09||54.24||16.92,GID_7622,1,1,1,1,1,1,1,0,VERIFIED_NO_CONFLICT
Lake Obłęże||Poland||2007-10-10||54.24||16.92,GID_7623,1,1,1,1,1,1,1,0,VERIFIED_NO_CONFLICT
Lake Obłęże||Poland||2007-11-11||54.24||16.92,GID_7624,1,1,1,1,1,1,1,0,VERIFIED_NO_CONFLICT
Lake Obłęże||Poland||2007-12-12||54.24||16.92,GID_7625,1,1,1,1,1,1,1,0,VERIFIED_NO_CONFLICT
Lake Obłęże||Poland||2008-02-02||54.24||16.92,GID_7626,1,1,1,1,1,1,1,0,VERIFIED_NO_CONFLICT
Lake Obłęże||Poland||2008-03-03||54.24||16.92,GID_7627,1,1,1,1,1,1,1,0,VERIFIED_NO_CONFLICT
Lake Obłęże||Poland||2008-04-04||54.24||16.92,GID_7628,1,1,1,1,1,1,1,0,VERIFIED_NO_CONFLICT
Lake Obłęże||Poland||2008-05-05||54.24||16.92,GID_7629,1,1,1,1,1,1,1,0,VERIFIED_NO_CONFLICT
Lake Obłęże||Poland||2008-06-06||54.24||16.92,GID_7630,1,1,1,1,1,1,1,0,VERIFIED_NO_CONFLICT
Lake Obłęże||Poland||2009-05-05||54.24||16.92,GID_7631,1,1,1,1,1,1,1,0,VERIFIED_NO_CONFLICT
Lake Obłęże||Poland||2009-06-06||54.24||16.92,GID_7632,1,1,1,1,1,1,1,0,VERIFIED_NO_CONFLICT
Lake Obłęże||Poland||2009-07-07||54.24||16.92,GID_7633,1,1,1,1,1,1,1,0,VERIFIED_NO_CONFLICT
Lake Obłęże||Poland||2009-08-08||54.24||16.92,GID_7634,1,1,1,1,1,1,1,0,VERIFIED_NO_CONFLICT
Lake Obłęże||Poland||2009-10-10||54.24||16.92,GID_7635;GID_7636,1,1,1,1,1,1,1,0,VERIFIED_NO_CONFLICT
Lake Obłęże||Poland||2009-11-11||54.24||16.92,GID_7637,1,1,1,1,1,1,1,0,VERIFIED_NO_CONFLICT
Lake Obłęże||Poland||2010-08-08||54.24||16.92,GID_7638,1,1,1,1,1,1,1,0,VERIFIED_NO_CONFLICT
Lake Ohakuri||New Zealand||2017-12-12||-38.417||176.116,GID_2374,1,1,1,1,1,1,1,0,VERIFIED_NO_CONFLICT
Lake Ohau||New Zealand||2017-10-30||-44.282||169.926,GID_2332,1,1,1,1,1,1,1,0,VERIFIED_NO_CONFLICT
Lake Ohau||New Zealand||2017-10-31||-44.193||169.853,GID_2334,1,1,1,1,1,1,1,0,VERIFIED_NO_CONFLICT
Lake Okareka||New Zealand||2017-05-02||-38.167||176.36,GID_2315,1,1,1,1,1,1,1,0,VERIFIED_NO_CONFLICT
Lake Okareka||New Zealand||2017-05-02||-38.175||176.367,GID_2316,1,1,1,1,1,1,1,0,VERIFIED_NO_CONFLICT
Lake Okaro||New Zealand||2018-01-09||-38.3||176.395,GID_2378,1,1,1,1,1,1,1,0,VERIFIED_NO_CONFLICT
Lake Okataina||New Zealand||2017-05-02||-38.115||176.423,GID_2320,1,1,1,1,1,1,1,0,VERIFIED_NO_CONFLICT
Lake Okataina||New Zealand||2017-05-02||-38.128||176.41,GID_2321,1,1,1,1,1,1,1,0,VERIFIED_NO_CONFLICT
Lake Otepaa Valgjarv||Estonia||2017-07-18||58.088||26.643,GID_111,1,1,1,1,1,1,1,0,VERIFIED_NO_CONFLICT
Lake Otepaa Valgjarv||Estonia||2017-08-03||58.088||26.643,GID_115,1,1,1,1,1,1,1,0,VERIFIED_NO_CONFLICT
Lake Pamamaroo||Australia||2020-07-31||-32.276||142.457,GID_296,1,1,1,1,1,1,1,0,VERIFIED_NO_CONFLICT
Lake Pamamaroo||Australia||2020-07-31||-32.302||142.461,GID_298,1,1,1,1,1,1,1,0,VERIFIED_NO_CONFLICT
Lake Pamamaroo||Australia||2020-08-01||-32.255||142.434,GID_295,1,1,1,1,1,1,1,0,VERIFIED_NO_CONFLICT
Lake Pamamaroo||Australia||2020-10-25||-32.305||142.485,GID_300,1,1,1,1,1,1,1,0,VERIFIED_NO_CONFLICT
Lake Pamamaroo||Australia||2021-02-06||-32.275||142.457,GID_297,1,1,1,1,1,1,1,0,VERIFIED_NO_CONFLICT
Lake Pamamaroo||Australia||2021-02-06||-32.303||142.485,GID_301,1,1,1,1,1,1,1,0,VERIFIED_NO_CONFLICT
Lake Pamamaroo||Australia||2021-02-07||-32.295||142.467,GID_299,1,1,1,1,1,1,1,0,VERIFIED_NO_CONFLICT
Lake Pangodi||Estonia||2016-08-25||58.196||26.574,GID_83,1,1,1,1,1,1,1,0,VERIFIED_NO_CONFLICT
Lake Pangodi||Estonia||2017-07-18||58.197||26.572,GID_112,1,1,1,1,1,1,1,0,VERIFIED_NO_CONFLICT
Lake Pangodi||Estonia||2018-05-25||58.197||26.572,GID_169,1,1,1,1,1,1,1,0,VERIFIED_NO_CONFLICT
Lake Pearson||New Zealand||2018-01-21||-43.096||171.784,GID_2386,1,1,1,1,1,1,1,0,VERIFIED_NO_CONFLICT
Lake Peipsi||Estonia||2013-07-08||58.316||27.45,GID_6,1,1,1,1,1,1,1,0,VERIFIED_NO_CONFLICT
Lake Peipsi||Estonia||2013-07-08||58.36||27.455,GID_7,1,1,1,1,1,1,1,0,VERIFIED_NO_CONFLICT
Lake Peipsi||Estonia||2013-07-08||58.395||27.44,GID_8,1,1,1,1,1,1,1,0,VERIFIED_NO_CONFLICT
Lake Peipsi||Estonia||2013-07-08||58.418||27.451,GID_9,1,1,1,1,1,1,1,0,VERIFIED_NO_CONFLICT
Lake Peipsi||Estonia||2013-07-08||58.425||27.283,GID_4,1,1,1,1,1,1,1,0,VERIFIED_NO_CONFLICT
Lake Peipsi||Estonia||2013-07-08||58.446||27.284,GID_3,1,1,1,1,1,1,1,0,VERIFIED_NO_CONFLICT
Lake Peipsi||Estonia||2013-07-08||58.465||27.284,GID_2,1,1,1,1,1,1,1,0,VERIFIED_NO_CONFLICT
Lake Peipsi||Estonia||2013-07-08||58.4||27.288,GID_5,1,1,1,1,1,1,1,0,VERIFIED_NO_CONFLICT
Lake Peipsi||Estonia||2013-07-08||58.5||27.285,GID_1,1,1,1,1,1,1,1,0,VERIFIED_NO_CONFLICT
Lake Peipsi||Estonia||2013-07-09||58.412||27.474,GID_14,1,1,1,1,1,1,1,0,VERIFIED_NO_CONFLICT
Lake Peipsi||Estonia||2013-07-09||58.421||27.362,GID_15,1,1,1,1,1,1,1,0,VERIFIED_NO_CONFLICT
Lake Peipsi||Estonia||2013-07-09||58.441||27.25,GID_16,1,1,1,1,1,1,1,0,VERIFIED_NO_CONFLICT
Lake Peipsi||Estonia||2013-07-09||58.444||27.288,GID_10,1,1,1,1,1,1,1,0,VERIFIED_NO_CONFLICT
Lake Peipsi||Estonia||2013-07-09||58.457||27.449,GID_13,1,1,1,1,1,1,1,0,VERIFIED_NO_CONFLICT
Lake Peipsi||Estonia||2013-07-09||58.476||27.352,GID_11,1,1,1,1,1,1,1,0,VERIFIED_NO_CONFLICT
Lake Peipsi||Estonia||2013-07-09||58.522||27.408,GID_12,1,1,1,1,1,1,1,0,VERIFIED_NO_CONFLICT
Lake Peipsi||Estonia||2013-07-14||58.436||27.238,GID_20,1,1,1,1,1,1,1,0,VERIFIED_NO_CONFLICT
Lake Peipsi||Estonia||2013-07-14||58.445||27.289,GID_17,1,1,1,1,1,1,1,0,VERIFIED_NO_CONFLICT
Lake Peipsi||Estonia||2013-07-14||58.4||27.278,GID_18,1,1,1,1,1,1,1,0,VERIFIED_NO_CONFLICT
Lake Peipsi||Estonia||2014-07-17||58.444||27.289,GID_22,1,1,1,1,1,1,1,0,VERIFIED_NO_CONFLICT
Lake Peipsi||Estonia||2014-07-17||58.542||27.275,GID_24,1,1,1,1,1,1,1,0,VERIFIED_NO_CONFLICT
Lake Peipsi||Estonia||2014-07-17||58.597||27.349,GID_25,1,1,1,1,1,1,1,0,VERIFIED_NO_CONFLICT
Lake Peipsi||Estonia||2014-07-17||58.5||27.284,GID_23,1,1,1,1,1,1,1,0,VERIFIED_NO_CONFLICT
Lake Peipsi||Estonia||2014-07-17||58.689||27.21,GID_27,1,1,1,1,1,1,1,0,VERIFIED_NO_CONFLICT
Lake Peipsi||Estonia||2014-07-17||58.734||27.353,GID_26,1,1,1,1,1,1,1,0,VERIFIED_NO_CONFLICT
Lake Peipsi||Estonia||2016-06-14||58.123||27.575,GID_56,1,1,1,1,1,1,1,0,VERIFIED_NO_CONFLICT
Lake Peipsi||Estonia||2016-06-14||58.233||27.487,GID_57,1,1,1,1,1,1,1,0,VERIFIED_NO_CONFLICT
Lake Peipsi||Estonia||2016-06-14||58.446||27.291,GID_59,1,1,1,1,1,1,1,0,VERIFIED_NO_CONFLICT
Lake Peipsi||Estonia||2016-06-14||58.453||27.434,GID_58,1,1,1,1,1,1,1,0,VERIFIED_NO_CONFLICT
Lake Peipsi||Estonia||2016-06-14||58.59||27.435,GID_60,1,1,1,1,1,1,1,0,VERIFIED_NO_CONFLICT
Lake Peipsi||Estonia||2016-06-14||58.782||27.333,GID_61,1,1,1,1,1,1,1,0,VERIFIED_NO_CONFLICT
Lake Peipsi||Estonia||2016-06-14||58.825||27.107,GID_63,1,1,1,1,1,1,1,0,VERIFIED_NO_CONFLICT
Lake Peipsi||Estonia||2016-06-14||58.921||27.231,GID_62,1,1,1,1,1,1,1,0,VERIFIED_NO_CONFLICT
Lake Peipsi||Estonia||2016-07-27||58.177||27.538,GID_72,1,1,1,1,1,1,1,0,VERIFIED_NO_CONFLICT
Lake Peipsi||Estonia||2016-07-27||58.318||27.484,GID_73,1,1,1,1,1,1,1,0,VERIFIED_NO_CONFLICT
Lake Peipsi||Estonia||2016-07-27||58.378||27.426,GID_74,1,1,1,1,1,1,1,0,VERIFIED_NO_CONFLICT
Lake Peipsi||Estonia||2016-07-27||58.441||27.26,GID_76,1,1,1,1,1,1,1,0,VERIFIED_NO_CONFLICT
Lake Peipsi||Estonia||2016-07-27||58.453||27.423,GID_77,1,1,1,1,1,1,1,0,VERIFIED_NO_CONFLICT
Lake Peipsi||Estonia||2016-07-27||58.477||27.258,GID_75,1,1,1,1,1,1,1,0,VERIFIED_NO_CONFLICT
Lake Peipsi||Estonia||2016-08-15||58.383||27.431,GID_78,1,1,1,1,1,1,1,0,VERIFIED_NO_CONFLICT
Lake Peipsi||Estonia||2016-08-15||58.453||27.435,GID_79,1,1,1,1,1,1,1,0,VERIFIED_NO_CONFLICT
Lake Peipsi||Estonia||2016-09-14||58.232||27.487,GID_92,1,1,1,1,1,1,1,0,VERIFIED_NO_CONFLICT
Lake Peipsi||Estonia||2016-09-14||58.331||27.479,GID_91,1,1,1,1,1,1,1,0,VERIFIED_NO_CONFLICT
Lake Peipsi||Estonia||2016-09-14||58.383||27.431,GID_90,1,1,1,1,1,1,1,0,VERIFIED_NO_CONFLICT
Lake Peipsi||Estonia||2016-09-14||58.445||27.287,GID_88,1,1,1,1,1,1,1,0,VERIFIED_NO_CONFLICT
Lake Peipsi||Estonia||2016-09-14||58.453||27.434,GID_89,1,1,1,1,1,1,1,0,VERIFIED_NO_CONFLICT
Lake Peipsi||Estonia||2016-09-14||58.589||27.434,GID_87,1,1,1,1,1,1,1,0,VERIFIED_NO_CONFLICT
Lake Peipsi||Estonia||2016-09-14||58.781||27.332,GID_86,1,1,1,1,1,1,1,0,VERIFIED_NO_CONFLICT
Lake Peipsi||Estonia||2016-09-14||58.825||27.112,GID_84,1,1,1,1,1,1,1,0,VERIFIED_NO_CONFLICT
Lake Peipsi||Estonia||2016-09-14||58.92||27.232,GID_85,1,1,1,1,1,1,1,0,VERIFIED_NO_CONFLICT
Lake Peipsi||Estonia||2017-05-17||58.123||27.574,GID_96,1,1,1,1,1,1,1,0,VERIFIED_NO_CONFLICT
Lake Peipsi||Estonia||2017-05-17||58.232||27.486,GID_97,1,1,1,1,1,1,1,0,VERIFIED_NO_CONFLICT
Lake Peipsi||Estonia||2017-05-17||58.445||27.288,GID_98,1,1,1,1,1,1,1,0,VERIFIED_NO_CONFLICT
Lake Peipsi||Estonia||2017-05-17||58.589||27.433,GID_99,1,1,1,1,1,1,1,0,VERIFIED_NO_CONFLICT
Lake Peipsi||Estonia||2017-05-17||58.781||27.333,GID_100,1,1,1,1,1,1,1,0,VERIFIED_NO_CONFLICT
Lake Peipsi||Estonia||2017-08-08||58.231||27.487,GID_118,1,1,1,1,1,1,1,0,VERIFIED_NO_CONFLICT
Lake Peipsi||Estonia||2017-08-08||58.331||27.479,GID_119,1,1,1,1,1,1,1,0,VERIFIED_NO_CONFLICT
Lake Peipsi||Estonia||2017-08-08||58.383||27.43,GID_120,1,1,1,1,1,1,1,0,VERIFIED_NO_CONFLICT
Lake Peipsi||Estonia||2017-08-08||58.445||27.289,GID_122,1,1,1,1,1,1,1,0,VERIFIED_NO_CONFLICT
Lake Peipsi||Estonia||2017-08-08||58.453||27.434,GID_121,1,1,1,1,1,1,1,0,VERIFIED_NO_CONFLICT
Lake Peipsi||Estonia||2017-08-08||58.589||27.433,GID_123,1,1,1,1,1,1,1,0,VERIFIED_NO_CONFLICT
Lake Peipsi||Estonia||2017-08-08||58.779||27.333,GID_124,1,1,1,1,1,1,1,0,VERIFIED_NO_CONFLICT
Lake Peipsi||Estonia||2017-08-08||58.826||27.106,GID_126,1,1,1,1,1,1,1,0,VERIFIED_NO_CONFLICT
Lake Peipsi||Estonia||2017-08-08||58.922||27.232,GID_125,1,1,1,1,1,1,1,0,VERIFIED_NO_CONFLICT
Lake Peipsi||Estonia||2018-05-15||58.122||27.573,GID_151,1,1,1,1,1,1,1,0,VERIFIED_NO_CONFLICT
Lake Peipsi||Estonia||2018-05-15||58.33||27.48,GID_152,1,1,1,1,1,1,1,0,VERIFIED_NO_CONFLICT
Lake Peipsi||Estonia||2018-05-15||58.383||27.431,GID_153,1,1,1,1,1,1,1,0,VERIFIED_NO_CONFLICT
Lake Peipsi||Estonia||2018-05-15||58.445||27.289,GID_155,1,1,1,1,1,1,1,0,VERIFIED_NO_CONFLICT
Lake Peipsi||Estonia||2018-05-15||58.453||27.434,GID_154,1,1,1,1,1,1,1,0,VERIFIED_NO_CONFLICT
Lake Peipsi||Estonia||2018-05-15||58.588||27.435,GID_156,1,1,1,1,1,1,1,0,VERIFIED_NO_CONFLICT
Lake Peipsi||Estonia||2018-05-15||58.915||27.236,GID_157,1,1,1,1,1,1,1,0,VERIFIED_NO_CONFLICT
Lake Peipsi||Estonia||2018-08-22||58.123||27.574,GID_182,1,1,1,1,1,1,1,0,VERIFIED_NO_CONFLICT
Lake Peipsi||Estonia||2018-08-22||58.232||27.488,GID_183,1,1,1,1,1,1,1,0,VERIFIED_NO_CONFLICT
Lake Peipsi||Estonia||2018-08-22||58.331||27.48,GID_184,1,1,1,1,1,1,1,0,VERIFIED_NO_CONFLICT
"Lake Perry, OK||United States of America (the)||2008-07-24||36.245||-97.341",GID_5140,1,1,1,1,1,1,1,0,VERIFIED_NO_CONFLICT
"Lake Perry, OK||United States of America (the)||2008-07-24||36.249||-97.337",GID_5139,1,1,1,1,1,1,1,0,VERIFIED_NO_CONFLICT
Lake Pounui||New Zealand||2017-07-06||-41.345||175.115,GID_2331,1,1,1,1,1,1,1,0,VERIFIED_NO_CONFLICT
Lake Poygan||United States of America (the)||2015-09-22||44.126||-88.89,GID_1533,1,1,1,1,1,1,1,0,VERIFIED_NO_CONFLICT
Lake Poygan||United States of America (the)||2015-09-22||44.153||-88.799,GID_1532,1,1,1,1,1,1,1,0,VERIFIED_NO_CONFLICT
Lake Poygan||United States of America (the)||2015-09-22||44.161||-88.859,GID_1531,1,1,1,1,1,1,1,0,VERIFIED_NO_CONFLICT
Lake Poygan||United States of America (the)||2018-07-23||44.137||-88.877,GID_1564,1,1,1,1,1,1,1,0,VERIFIED_NO_CONFLICT
Lake Poygan||United States of America (the)||2018-07-23||44.145||-88.812,GID_1565,1,1,1,1,1,1,1,0,VERIFIED_NO_CONFLICT
Lake Poygan||United States of America (the)||2018-08-23||44.136||-88.877,GID_1567,1,1,1,1,1,1,1,0,VERIFIED_NO_CONFLICT
Lake Poygan||United States of America (the)||2018-08-23||44.145||-88.812,GID_1568,1,1,1,1,1,1,1,0,VERIFIED_NO_CONFLICT
Lake Poygan||United States of America (the)||2018-09-11||44.137||-88.877,GID_1570,1,1,1,1,1,1,1,0,VERIFIED_NO_CONFLICT
Lake Poygan||United States of America (the)||2018-09-11||44.145||-88.812,GID_1571,1,1,1,1,1,1,1,0,VERIFIED_NO_CONFLICT
Lake Poygan||United States of America (the)||2018-10-24||44.137||-88.877,GID_1573,1,1,1,1,1,1,1,0,VERIFIED_NO_CONFLICT
Lake Poygan||United States of America (the)||2018-10-24||44.145||-88.812,GID_1574,1,1,1,1,1,1,1,0,VERIFIED_NO_CONFLICT
Lake Puhajarv||Estonia||2016-07-20||58.042||26.468,GID_69,1,1,1,1,1,1,1,0,VERIFIED_NO_CONFLICT
Lake Puhajarv||Estonia||2018-05-25||58.038||26.463,GID_167,1,1,1,1,1,1,1,0,VERIFIED_NO_CONFLICT
Lake Pukaki||New Zealand||2018-02-11||-44.051||170.167,GID_2396,1,1,1,1,1,1,1,0,VERIFIED_NO_CONFLICT
Lake Pyszne||Poland||2007-03-03||54.093||17.508,GID_7560,1,1,1,1,1,1,1,0,VERIFIED_NO_CONFLICT
Lake Pyszne||Poland||2007-04-04||54.093||17.508,GID_7561,1,1,1,1,1,1,1,0,VERIFIED_NO_CONFLICT
Lake Pyszne||Poland||2007-05-05||54.093||17.508,GID_7562,1,1,1,1,1,1,1,0,VERIFIED_NO_CONFLICT
Lake Pyszne||Poland||2007-06-06||54.093||17.508,GID_7563,1,1,1,1,1,1,1,0,VERIFIED_NO_CONFLICT
Lake Pyszne||Poland||2007-07-07||54.093||17.508,GID_7564,1,1,1,1,1,1,1,0,VERIFIED_NO_CONFLICT
Lake Pyszne||Poland||2007-08-08||54.093||17.508,GID_7565,1,1,1,1,1,1,1,0,VERIFIED_NO_CONFLICT
Lake Pyszne||Poland||2008-03-03||54.093||17.508,GID_7566,1,1,1,1,1,1,1,0,VERIFIED_NO_CONFLICT
Lake Pyszne||Poland||2008-04-04||54.093||17.508,GID_7567,1,1,1,1,1,1,1,0,VERIFIED_NO_CONFLICT
Lake Pyszne||Poland||2008-05-05||54.093||17.508,GID_7568,1,1,1,1,1,1,1,0,VERIFIED_NO_CONFLICT
Lake Pyszne||Poland||2008-06-06||54.093||17.508,GID_7569,1,1,1,1,1,1,1,0,VERIFIED_NO_CONFLICT
Lake Pyszne||Poland||2008-07-07||54.093||17.508,GID_7570,1,1,1,1,1,1,1,0,VERIFIED_NO_CONFLICT
Lake Pyszne||Poland||2009-04-04||54.093||17.508,GID_7571,1,1,1,1,1,1,1,0,VERIFIED_NO_CONFLICT
Lake Pyszne||Poland||2009-06-06||54.093||17.508,GID_7572,1,1,1,1,1,1,1,0,VERIFIED_NO_CONFLICT
Lake Pyszne||Poland||2009-07-07||54.093||17.508,GID_7573,1,1,1,1,1,1,1,0,VERIFIED_NO_CONFLICT
Lake Raigastvere||Estonia||2014-09-04||58.592||26.652,GID_35,1,1,1,1,1,1,1,0,VERIFIED_NO_CONFLICT
Lake Raigastvere||Estonia||2015-06-12||58.592||26.651,GID_39,1,1,1,1,1,1,1,0,VERIFIED_NO_CONFLICT
Lake Raigastvere||Estonia||2018-05-03||58.591||26.649,GID_131,1,1,1,1,1,1,1,0,VERIFIED_NO_CONFLICT
Lake Rerewhakaaitu||New Zealand||2018-01-10||-38.297||176.497,GID_2377,1,1,1,1,1,1,1,0,VERIFIED_NO_CONFLICT
Lake Rotoehu||New Zealand||2017-03-29||-37.998||176.533,GID_2310,1,1,1,1,1,1,1,0,VERIFIED_NO_CONFLICT
Lake Rotoehu||New Zealand||2017-03-29||-38.015||176.531,GID_2309,1,1,1,1,1,1,1,0,VERIFIED_NO_CONFLICT
Lake Rotoehu||New Zealand||2019-11-04||-38.026||176.531,GID_2413,1,1,1,1,1,1,1,0,VERIFIED_NO_CONFLICT
Lake Rotoehu||New Zealand||2019-11-05||-38.015||176.531,GID_2414,1,1,1,1,1,1,1,0,VERIFIED_NO_CONFLICT
Lake Rotoehu||New Zealand||2019-12-05||-38.015||176.531,GID_2420,1,1,1,1,1,1,1,0,VERIFIED_NO_CONFLICT
Lake Rotoehu||New Zealand||2019-12-05||-38.026||176.531,GID_2419,1,1,1,1,1,1,1,0,VERIFIED_NO_CONFLICT
Lake Rotoehu||New Zealand||2020-01-10||-38.015||176.531,GID_2426,1,1,1,1,1,1,1,0,VERIFIED_NO_CONFLICT
Lake Rotoehu||New Zealand||2020-01-10||-38.026||176.531,GID_2425,1,1,1,1,1,1,1,0,VERIFIED_NO_CONFLICT
Lake Rotoehu||New Zealand||2020-02-26||-38.015||176.531,GID_2450,1,1,1,1,1,1,1,0,VERIFIED_NO_CONFLICT
Lake Rotoehu||New Zealand||2020-02-26||-38.026||176.531,GID_2449,1,1,1,1,1,1,1,0,VERIFIED_NO_CONFLICT
Lake Rotoehu||New Zealand||2020-05-27||-38.015||176.531,GID_2456,1,1,1,1,1,1,1,0,VERIFIED_NO_CONFLICT
Lake Rotoehu||New Zealand||2020-05-27||-38.026||176.531,GID_2455,1,1,1,1,1,1,1,0,VERIFIED_NO_CONFLICT
Lake Rotoehu||New Zealand||2020-10-20||-38.015||176.531,GID_2474,1,1,1,1,1,1,1,0,VERIFIED_NO_CONFLICT
Lake Rotoehu||New Zealand||2020-10-20||-38.026||176.531,GID_2473,1,1,1,1,1,1,1,0,VERIFIED_NO_CONFLICT
Lake Rotoehu||New Zealand||2020-12-19||-38.015||176.531,GID_2480,1,1,1,1,1,1,1,0,VERIFIED_NO_CONFLICT
Lake Rotoehu||New Zealand||2020-12-19||-38.026||176.531,GID_2479,1,1,1,1,1,1,1,0,VERIFIED_NO_CONFLICT
Lake Rotoehu||New Zealand||2021-03-28||-38.015||176.531,GID_2487,1,1,1,1,1,1,1,0,VERIFIED_NO_CONFLICT
Lake Rotoehu||New Zealand||2021-03-28||-38.026||176.531,GID_2486,1,1,1,1,1,1,1,0,VERIFIED_NO_CONFLICT
Lake Rotoiti (Nelson Lake)||New Zealand||2018-01-24||-41.82||172.837,GID_2389,1,1,1,1,1,1,1,0,VERIFIED_NO_CONFLICT
Lake Rotoiti||New Zealand||2017-02-09||-38.038||176.359,GID_2300,1,1,1,1,1,1,1,0,VERIFIED_NO_CONFLICT
Lake Rotoiti||New Zealand||2017-02-09||-38.045||176.424,GID_2301,1,1,1,1,1,1,1,0,VERIFIED_NO_CONFLICT
Lake Rotoiti||New Zealand||2017-02-09||-38.049||176.335,GID_2302,1,1,1,1,1,1,1,0,VERIFIED_NO_CONFLICT
Lake Rotoiti||New Zealand||2019-11-05||-38.022||176.391,GID_2416,1,1,1,1,1,1,1,0,VERIFIED_NO_CONFLICT
Lake Rotoiti||New Zealand||2019-11-05||-38.04||176.445,GID_2415,1,1,1,1,1,1,1,0,VERIFIED_NO_CONFLICT
Lake Rotoiti||New Zealand||2020-01-09||-38.021||176.39,GID_2428,1,1,1,1,1,1,1,0,VERIFIED_NO_CONFLICT
Lake Rotoiti||New Zealand||2020-01-09||-38.04||176.445,GID_2427,1,1,1,1,1,1,1,0,VERIFIED_NO_CONFLICT
Lake Rotoiti||New Zealand||2020-02-25||-38.041||176.442,GID_2448,1,1,1,1,1,1,1,0,VERIFIED_NO_CONFLICT
Lake Rotoiti||New Zealand||2020-05-27||-38.022||176.389,GID_2454,1,1,1,1,1,1,1,0,VERIFIED_NO_CONFLICT
Lake Rotoiti||New Zealand||2020-05-27||-38.041||176.442,GID_2453,1,1,1,1,1,1,1,0,VERIFIED_NO_CONFLICT
Lake Rotoiti||New Zealand||2020-10-21||-38.022||176.391,GID_2472,1,1,1,1,1,1,1,0,VERIFIED_NO_CONFLICT
Lake Rotoiti||New Zealand||2020-10-21||-38.04||176.445,GID_2471,1,1,1,1,1,1,1,0,VERIFIED_NO_CONFLICT
Lake Rotoiti||New Zealand||2020-12-20||-38.022||176.391,GID_2478,1,1,1,1,1,1,1,0,VERIFIED_NO_CONFLICT
Lake Rotoiti||New Zealand||2020-12-20||-38.04||176.445,GID_2477,1,1,1,1,1,1,1,0,VERIFIED_NO_CONFLICT
Lake Rotoiti||New Zealand||2021-03-28||-38.022||176.391,GID_2489,1,1,1,1,1,1,1,0,VERIFIED_NO_CONFLICT
Lake Rotoiti||New Zealand||2021-03-29||-38.04||176.445,GID_2488,1,1,1,1,1,1,1,0,VERIFIED_NO_CONFLICT
Lake Rotokakahi||New Zealand||2017-05-01||-38.209||176.338,GID_2319,1,1,1,1,1,1,1,0,VERIFIED_NO_CONFLICT
Lake Rotokakahi||New Zealand||2017-05-01||-38.218||176.315,GID_2318,1,1,1,1,1,1,1,0,VERIFIED_NO_CONFLICT
Lake Rotokare||New Zealand||2017-12-19||-39.453||174.41,GID_2376,1,1,1,1,1,1,1,0,VERIFIED_NO_CONFLICT
Lake Rotokauri||New Zealand||2017-06-09||-37.763||175.199,GID_2329,1,1,1,1,1,1,1,0,VERIFIED_NO_CONFLICT
Lake Rotokauri||New Zealand||2017-06-09||-37.76||175.196,GID_2328,1,1,1,1,1,1,1,0,VERIFIED_NO_CONFLICT
Lake Rotomanuka||New Zealand||2017-01-31||-37.926||175.315,GID_2297,1,1,1,1,1,1,1,0,VERIFIED_NO_CONFLICT
Lake Rotoma||New Zealand||2017-03-29||-38.034||176.584,GID_2312,1,1,1,1,1,1,1,0,VERIFIED_NO_CONFLICT
Lake Rotoma||New Zealand||2017-03-29||-38.057||176.591,GID_2311,1,1,1,1,1,1,1,0,VERIFIED_NO_CONFLICT
Lake Rotoma||New Zealand||2019-12-05||-38.028||176.586,GID_2418,1,1,1,1,1,1,1,0,VERIFIED_NO_CONFLICT
Lake Rotoma||New Zealand||2020-01-09||-38.053||176.585,GID_2423,1,1,1,1,1,1,1,0,VERIFIED_NO_CONFLICT
Lake Rotoma||New Zealand||2020-01-10||-38.027||176.586,GID_2424,1,1,1,1,1,1,1,0,VERIFIED_NO_CONFLICT
Lake Rotoma||New Zealand||2020-05-26||-38.028||176.586,GID_2452,1,1,1,1,1,1,1,0,VERIFIED_NO_CONFLICT
Lake Rotoma||New Zealand||2020-05-26||-38.052||176.585,GID_2451,1,1,1,1,1,1,1,0,VERIFIED_NO_CONFLICT
Lake Rotoma||New Zealand||2020-10-20||-38.027||176.586,GID_2476,1,1,1,1,1,1,1,0,VERIFIED_NO_CONFLICT
Lake Rotoma||New Zealand||2020-10-20||-38.053||176.587,GID_2475,1,1,1,1,1,1,1,0,VERIFIED_NO_CONFLICT
Lake Rotoma||New Zealand||2020-12-19||-38.027||176.586,GID_2482,1,1,1,1,1,1,1,0,VERIFIED_NO_CONFLICT
Lake Rotoma||New Zealand||2020-12-19||-38.053||176.587,GID_2481,1,1,1,1,1,1,1,0,VERIFIED_NO_CONFLICT
Lake Rotoma||New Zealand||2021-01-25||-38.027||176.586,GID_2484,1,1,1,1,1,1,1,0,VERIFIED_NO_CONFLICT
Lake Rotoma||New Zealand||2021-01-25||-38.053||176.587,GID_2483,1,1,1,1,1,1,1,0,VERIFIED_NO_CONFLICT
Lake Rotoma||New Zealand||2021-03-28||-38.053||176.587,GID_2485,1,1,1,1,1,1,1,0,VERIFIED_NO_CONFLICT
Lake Rotongaio||New Zealand||2017-12-11||-38.944||177.012,GID_2369,1,1,1,1,1,1,1,0,VERIFIED_NO_CONFLICT
Lake Rotonuiaha||New Zealand||2017-12-11||-38.948||177.039,GID_2372,1,1,1,1,1,1,1,0,VERIFIED_NO_CONFLICT
Lake Rotoroa (Hamilton)||New Zealand||2017-01-15||-37.798||175.274,GID_2295,1,1,1,1,1,1,1,0,VERIFIED_NO_CONFLICT
Lake Rotoroa||New Zealand||2017-12-11||-38.948||177.028,GID_2373,1,1,1,1,1,1,1,0,VERIFIED_NO_CONFLICT
Lake Rotorua||New Zealand||2017-02-09||-38.071||176.271,GID_2299,1,1,1,1,1,1,1,0,VERIFIED_NO_CONFLICT
Lake Rotorua||New Zealand||2017-02-09||-38.094||176.27,GID_2298,1,1,1,1,1,1,1,0,VERIFIED_NO_CONFLICT
Lake Rotorua||New Zealand||2018-01-19||-42.406||173.582,GID_2380,1,1,1,1,1,1,1,0,VERIFIED_NO_CONFLICT
Lake Rototuna||New Zealand||2017-11-21||-36.251||174.04,GID_2363,1,1,1,1,1,1,1,0,VERIFIED_NO_CONFLICT
Lake Rouge Suurjarv||Estonia||2016-07-20||57.728||26.923,GID_71,1,1,1,1,1,1,1,0,VERIFIED_NO_CONFLICT
Lake Rouge Suurjarv||Estonia||2017-07-18||57.729||26.921,GID_110,1,1,1,1,1,1,1,0,VERIFIED_NO_CONFLICT
Lake Rouge Suurjarv||Estonia||2017-08-03||57.729||26.922,GID_114,1,1,1,1,1,1,1,0,VERIFIED_NO_CONFLICT
Lake Rouge Suurjarv||Estonia||2018-05-22||57.729||26.921,GID_162,1,1,1,1,1,1,1,0,VERIFIED_NO_CONFLICT
Lake Ruataniwha||New Zealand||2018-02-11||-44.28||170.066,GID_2397,1,1,1,1,1,1,1,0,VERIFIED_NO_CONFLICT
Lake Ruatuna||New Zealand||2017-01-31||-37.927||175.291,GID_2296,1,1,1,1,1,1,1,0,VERIFIED_NO_CONFLICT
Lake Ruusmae||Estonia||2017-08-30||57.636||27.085,GID_130,1,1,1,1,1,1,1,0,VERIFIED_NO_CONFLICT
Lake Ruusmae||Estonia||2018-05-22||57.635||27.085,GID_163,1,1,1,1,1,1,1,0,VERIFIED_NO_CONFLICT
Lake Rybiec||Poland||2009-06-06||54.295||17.156,GID_7755,1,1,1,1,1,1,1,0,VERIFIED_NO_CONFLICT
Lake Rybiec||Poland||2009-07-07||54.295||17.156,GID_7756,1,1,1,1,1,1,1,0,VERIFIED_NO_CONFLICT
Lake Rybiec||Poland||2009-08-08||54.295||17.156,GID_7757,1,1,1,1,1,1,1,0,VERIFIED_NO_CONFLICT
Lake Rybiec||Poland||2009-10-10||54.295||17.156,GID_7758,1,1,1,1,1,1,1,0,VERIFIED_NO_CONFLICT
Lake Rybiec||Poland||2009-11-11||54.295||17.156,GID_7759,1,1,1,1,1,1,1,0,VERIFIED_NO_CONFLICT
Lake Saadjarv||Estonia||2014-09-04||58.533||26.675,GID_34,1,1,1,1,1,1,1,0,VERIFIED_NO_CONFLICT
Lake Saadjarv||Estonia||2014-09-04||58.537||26.656,GID_32,1,1,1,1,1,1,1,0,VERIFIED_NO_CONFLICT
Lake Saadjarv||Estonia||2014-09-04||58.545||26.634,GID_33,1,1,1,1,1,1,1,0,VERIFIED_NO_CONFLICT
Lake Saadjarv||Estonia||2018-05-03||58.53||26.675,GID_133,1,1,1,1,1,1,1,0,VERIFIED_NO_CONFLICT
Lake Sheppard||New Zealand||2018-01-20||-42.762||172.25,GID_2381,1,1,1,1,1,1,1,0,VERIFIED_NO_CONFLICT
Lake Siika-Kama||Finland||2018-06-05||66.225||26.484,GID_180,1,1,1,1,1,1,1,0,VERIFIED_NO_CONFLICT
Lake Soitsjärv||Estonia||2014-09-04||58.558||26.682,GID_38,1,1,1,1,1,1,1,0,VERIFIED_NO_CONFLICT
Lake Sumner||New Zealand||2018-01-19||-42.699||172.218,GID_2382,1,1,1,1,1,1,1,0,VERIFIED_NO_CONFLICT
Lake Swan/Rotootuaruru||New Zealand||2017-11-20||-36.331||174.142,GID_2357,1,1,1,1,1,1,1,0,VERIFIED_NO_CONFLICT
Lake Taharoa||New Zealand||2017-11-13||-38.159||174.749,GID_2347,1,1,1,1,1,1,1,0,VERIFIED_NO_CONFLICT
Lake Taharoa||New Zealand||2017-11-13||-38.168||174.736,GID_2348,1,1,1,1,1,1,1,0,VERIFIED_NO_CONFLICT
Lake Taharoa||New Zealand||2017-11-22||-35.808||173.646,GID_2365,1,1,1,1,1,1,1,0,VERIFIED_NO_CONFLICT
Lake Tamula||Estonia||2016-07-20||57.844||26.985,GID_70,1,1,1,1,1,1,1,0,VERIFIED_NO_CONFLICT
Lake Tarawera||New Zealand||2017-02-09||-38.212||176.431,GID_2303,1,1,1,1,1,1,1,0,VERIFIED_NO_CONFLICT
Lake Tarawera||New Zealand||2017-02-09||-38.2||176.424,GID_2304,1,1,1,1,1,1,1,0,VERIFIED_NO_CONFLICT
Lake Taupo||New Zealand||2017-03-29||-38.757||176.034,GID_2314,1,1,1,1,1,1,1,0,VERIFIED_NO_CONFLICT
Lake Taupo||New Zealand||2017-03-29||-38.778||175.975,GID_2313,1,1,1,1,1,1,1,0,VERIFIED_NO_CONFLICT
Lake Taupo||New Zealand||2019-09-11||-38.734||176.041,GID_2411,1,1,1,1,1,1,1,0,VERIFIED_NO_CONFLICT
Lake Taupo||New Zealand||2019-09-11||-38.774||175.985,GID_2410,1,1,1,1,1,1,1,0,VERIFIED_NO_CONFLICT
Lake Taylor||New Zealand||2018-01-20||-42.769||172.237,GID_2384,1,1,1,1,1,1,1,0,VERIFIED_NO_CONFLICT
Lake Tekapo||New Zealand||2018-02-10||-43.93||170.527,GID_2395,1,1,1,1,1,1,1,0,VERIFIED_NO_CONFLICT
Lake Tikitapu||New Zealand||2017-05-01||-38.198||176.335,GID_2317,1,1,1,1,1,1,1,0,VERIFIED_NO_CONFLICT
Lake Tuggeranong||Australia||2020-02-19||-35.409||149.066,GID_294,1,1,1,1,1,1,1,0,VERIFIED_NO_CONFLICT
Lake Tutira||New Zealand||2017-12-12||-39.227||176.893,GID_2371,1,1,1,1,1,1,1,0,VERIFIED_NO_CONFLICT
Lake Udsu||Estonia||2018-06-01||57.906||25.861,GID_172,1,1,1,1,1,1,1,0,VERIFIED_NO_CONFLICT
Lake Vanttausjarvi||Finland||2018-06-05||66.487||26.609,GID_176,1,1,1,1,1,1,1,0,VERIFIED_NO_CONFLICT
Lake Verevi||Estonia||2016-08-25||58.231||26.405,GID_82,1,1,1,1,1,1,1,0,VERIFIED_NO_CONFLICT
Lake Verevi||Estonia||2017-08-03||58.231||26.405,GID_116,1,1,1,1,1,1,1,0,VERIFIED_NO_CONFLICT
Lake Verevi||Estonia||2018-05-25||58.231||26.404,GID_170,1,1,1,1,1,1,1,0,VERIFIED_NO_CONFLICT
Lake Victoria||Australia||2020-07-30||-33.944||141.245,GID_302,1,1,1,1,1,1,1,0,VERIFIED_NO_CONFLICT
Lake Victoria||Australia||2020-07-30||-33.985||141.275,GID_303,1,1,1,1,1,1,1,0,VERIFIED_NO_CONFLICT
Lake Victoria||Australia||2020-07-30||-34.032||141.296,GID_304,1,1,1,1,1,1,1,0,VERIFIED_NO_CONFLICT
Lake Viljandi||Estonia||2018-06-01||58.357||25.603,GID_175,1,1,1,1,1,1,1,0,VERIFIED_NO_CONFLICT
Lake Vortsjarv||Estonia||2014-07-18||58.208||26.102,GID_31,1,1,1,1,1,1,1,0,VERIFIED_NO_CONFLICT
Lake Vortsjarv||Estonia||2014-07-18||58.265||26.051,GID_30,1,1,1,1,1,1,1,0,VERIFIED_NO_CONFLICT
Lake Vortsjarv||Estonia||2014-07-18||58.2||26.013,GID_28,1,1,1,1,1,1,1,0,VERIFIED_NO_CONFLICT
Lake Vortsjarv||Estonia||2014-07-18||58.317||26.044,GID_29,1,1,1,1,1,1,1,0,VERIFIED_NO_CONFLICT
Lake Vortsjarv||Estonia||2016-05-20||58.211||26.102,GID_55,1,1,1,1,1,1,1,0,VERIFIED_NO_CONFLICT
Lake Vortsjarv||Estonia||2016-05-20||58.269||26.044,GID_54,1,1,1,1,1,1,1,0,VERIFIED_NO_CONFLICT
Lake Vortsjarv||Estonia||2016-06-29||58.168||26.068,GID_64,1,1,1,1,1,1,1,0,VERIFIED_NO_CONFLICT
Lake Vortsjarv||Estonia||2016-06-29||58.215||26.101,GID_68,1,1,1,1,1,1,1,0,VERIFIED_NO_CONFLICT
Lake Vortsjarv||Estonia||2016-06-29||58.217||26.049,GID_65,1,1,1,1,1,1,1,0,VERIFIED_NO_CONFLICT
Lake Vortsjarv||Estonia||2016-06-29||58.228||26.045,GID_66,1,1,1,1,1,1,1,0,VERIFIED_NO_CONFLICT
Lake Vortsjarv||Estonia||2016-06-29||58.338||26.046,GID_67,1,1,1,1,1,1,1,0,VERIFIED_NO_CONFLICT
Lake Vortsjarv||Estonia||2018-05-14||58.121||26.078,GID_150,1,1,1,1,1,1,1,0,VERIFIED_NO_CONFLICT
Lake Vortsjarv||Estonia||2018-05-14||58.1||26.073,GID_148,1,1,1,1,1,1,1,0,VERIFIED_NO_CONFLICT
Lake Vortsjarv||Estonia||2018-05-14||58.21||26.101,GID_146,1,1,1,1,1,1,1,0,VERIFIED_NO_CONFLICT
Lake Vortsjarv||Estonia||2018-05-14||58.336||26.045,GID_147,1,1,1,1,1,1,1,0,VERIFIED_NO_CONFLICT
Lake Vuoskujarvi||Finland||2018-06-05||66.433||26.55,GID_177,1,1,1,1,1,1,1,0,VERIFIED_NO_CONFLICT
Lake Vänern||Sweden||2015-08-30||58.684||13.318,GID_6710,1,1,1,1,1,1,1,0,VERIFIED_NO_CONFLICT
Lake Vänern||Sweden||2015-08-30||58.735||13.386,GID_6708,1,1,1,1,1,1,1,0,VERIFIED_NO_CONFLICT
Lake Vänern||Sweden||2015-08-30||58.789||13.376,GID_6709,1,1,1,1,1,1,1,0,VERIFIED_NO_CONFLICT
Lake Vänern||Sweden||2015-08-31||58.564||13.211,GID_6714,1,1,1,1,1,1,1,0,VERIFIED_NO_CONFLICT
Lake Vänern||Sweden||2015-08-31||58.619||13.199,GID_6713,1,1,1,1,1,1,1,0,VERIFIED_NO_CONFLICT
Lake Vänern||Sweden||2015-08-31||58.69||13.222,GID_6712,1,1,1,1,1,1,1,0,VERIFIED_NO_CONFLICT
Lake Vänern||Sweden||2015-08-31||58.758||13.146,GID_6711,1,1,1,1,1,1,1,0,VERIFIED_NO_CONFLICT
Lake Waahi||New Zealand||2017-03-06||-37.555||175.119,GID_2306,1,1,1,1,1,1,1,0,VERIFIED_NO_CONFLICT
Lake Waahi||New Zealand||2017-03-06||-37.56||175.131,GID_2305,1,1,1,1,1,1,1,0,VERIFIED_NO_CONFLICT
Lake Waikaremoana||New Zealand||2017-12-11||-38.774||177.11,GID_2367;GID_2368,1,1,1,1,1,1,1,0,VERIFIED_NO_CONFLICT
Lake Waikare||New Zealand||2020-10-13||-37.426||175.2,GID_2467,1,1,1,1,1,1,1,0,VERIFIED_NO_CONFLICT
Lake Waikere||New Zealand||2017-11-22||-35.799||173.63,GID_2366,1,1,1,1,1,1,1,0,VERIFIED_NO_CONFLICT
Lake Waikopiro||New Zealand||2017-12-12||-39.235||176.895,GID_2370,1,1,1,1,1,1,1,0,VERIFIED_NO_CONFLICT
Lake Wainui||New Zealand||2017-11-22||-36.101||173.882,GID_2362,1,1,1,1,1,1,1,0,VERIFIED_NO_CONFLICT
Lake Wairepo Arm||New Zealand||2018-02-11||-44.299||170.079,GID_2398,1,1,1,1,1,1,1,0,VERIFIED_NO_CONFLICT
Lake Waitawa||New Zealand||2017-07-05||-40.725||175.17,GID_2330,1,1,1,1,1,1,1,0,VERIFIED_NO_CONFLICT
Lake Wakatipu||New Zealand||2017-11-04||-45.032||168.696,GID_2345,1,1,1,1,1,1,1,0,VERIFIED_NO_CONFLICT
Lake Wakatipu||New Zealand||2020-02-05||-45.019||168.419,GID_2430,1,1,1,1,1,1,1,0,VERIFIED_NO_CONFLICT
Lake Wanaka||New Zealand||2017-10-31||-44.396||169.15,GID_2335,1,1,1,1,1,1,1,0,VERIFIED_NO_CONFLICT
Lake Wanaka||New Zealand||2017-10-31||-44.49||169.139,GID_2336,1,1,1,1,1,1,1,0,VERIFIED_NO_CONFLICT
Lake Wanaka||New Zealand||2017-10-31||-44.637||169.083,GID_2337,1,1,1,1,1,1,1,0,VERIFIED_NO_CONFLICT
Lake Waubesa||United States of America (the)||2014-08-13||42.997||-89.334,GID_1442,1,1,1,1,1,1,1,0,VERIFIED_NO_CONFLICT
Lake Waubesa||United States of America (the)||2014-08-13||43.009||-89.32,GID_1440,1,1,1,1,1,1,1,0,VERIFIED_NO_CONFLICT
Lake Waubesa||United States of America (the)||2014-08-13||43.026||-89.32,GID_1441,1,1,1,1,1,1,1,0,VERIFIED_NO_CONFLICT
Lake Waubesa||United States of America (the)||2015-09-01||42.998||-89.334,GID_1521,1,1,1,1,1,1,1,0,VERIFIED_NO_CONFLICT
Lake Waubesa||United States of America (the)||2015-09-01||43.01||-89.319,GID_1519,1,1,1,1,1,1,1,0,VERIFIED_NO_CONFLICT
Lake Waubesa||United States of America (the)||2015-09-01||43.025||-89.318,GID_1520,1,1,1,1,1,1,1,0,VERIFIED_NO_CONFLICT
Lake Waubesa||United States of America (the)||2016-07-19||42.998||-89.333,GID_1554,1,1,1,1,1,1,1,0,VERIFIED_NO_CONFLICT
Lake Waubesa||United States of America (the)||2016-07-19||43.01||-89.32,GID_1552,1,1,1,1,1,1,1,0,VERIFIED_NO_CONFLICT
Lake Waubesa||United States of America (the)||2016-07-19||43.025||-89.318,GID_1553,1,1,1,1,1,1,1,0,VERIFIED_NO_CONFLICT
Lake Whangape||New Zealand||2017-03-05||-37.467||175.061,GID_2307,1,1,1,1,1,1,1,0,VERIFIED_NO_CONFLICT
Lake Whangape||New Zealand||2017-03-06||-37.47||175.045,GID_2308,1,1,1,1,1,1,1,0,VERIFIED_NO_CONFLICT
Lake Winnebago||United States of America (the)||2014-09-14||44.068||-88.46,GID_1446,1,1,1,1,1,1,1,0,VERIFIED_NO_CONFLICT
Lake Winnebago||United States of America (the)||2015-09-21||43.831||-88.431,GID_1530,1,1,1,1,1,1,1,0,VERIFIED_NO_CONFLICT
Lake Winnebago||United States of America (the)||2015-09-21||43.941||-88.419,GID_1529,1,1,1,1,1,1,1,0,VERIFIED_NO_CONFLICT
Lake Winnebago||United States of America (the)||2015-09-21||44.083||-88.405,GID_1528,1,1,1,1,1,1,1,0,VERIFIED_NO_CONFLICT
Lake Winnebago||United States of America (the)||2016-09-02||43.839||-88.431,GID_1560,1,1,1,1,1,1,1,0,VERIFIED_NO_CONFLICT
Lake Winnebago||United States of America (the)||2016-09-02||43.899||-88.425,GID_1561,1,1,1,1,1,1,1,0,VERIFIED_NO_CONFLICT
Lake Winnebago||United States of America (the)||2016-09-02||43.945||-88.415,GID_1559,1,1,1,1,1,1,1,0,VERIFIED_NO_CONFLICT
Lake Winnebago||United States of America (the)||2016-09-02||43.982||-88.486,GID_1562,1,1,1,1,1,1,1,0,VERIFIED_NO_CONFLICT
Lake Winnebago||United States of America (the)||2016-09-02||44.027||-88.507,GID_1563,1,1,1,1,1,1,1,0,VERIFIED_NO_CONFLICT
Lake Winnebago||United States of America (the)||2016-09-02||44.076||-88.409,GID_1558,1,1,1,1,1,1,1,0,VERIFIED_NO_CONFLICT
Lake Winneconne||United States of America (the)||2018-07-23||44.143||-88.735,GID_1566,1,1,1,1,1,1,1,0,VERIFIED_NO_CONFLICT
Lake Winneconne||United States of America (the)||2018-08-23||44.143||-88.736,GID_1569,1,1,1,1,1,1,1,0,VERIFIED_NO_CONFLICT
Lake Winneconne||United States of America (the)||2018-09-11||44.143||-88.736,GID_1572,1,1,1,1,1,1,1,0,VERIFIED_NO_CONFLICT
Lake Winneconne||United States of America (the)||2018-10-24||44.143||-88.736,GID_1575,1,1,1,1,1,1,1,0,VERIFIED_NO_CONFLICT
Lake Winnipeg||Canada||2013-07-25||51.775||-96.864,GID_476,1,1,1,1,1,1,1,0,VERIFIED_NO_CONFLICT
Lake Winnipeg||Canada||2013-07-25||51.863||-96.937,GID_477,1,1,1,1,1,1,1,0,VERIFIED_NO_CONFLICT
Lake Winnipeg||Canada||2013-07-25||52.008||-97.185,GID_479,1,1,1,1,1,1,1,0,VERIFIED_NO_CONFLICT
Lake Winnipeg||Canada||2013-07-25||52.0||-97.042,GID_478,1,1,1,1,1,1,1,0,VERIFIED_NO_CONFLICT
Lake Winnipeg||Canada||2013-07-25||52.121||-97.129,GID_480,1,1,1,1,1,1,1,0,VERIFIED_NO_CONFLICT
Lake Winnipeg||Canada||2013-07-25||52.267||-97.192,GID_481,1,1,1,1,1,1,1,0,VERIFIED_NO_CONFLICT
Lake Winnipeg||Canada||2013-07-26||52.434||-97.338,GID_482,1,1,1,1,1,1,1,0,VERIFIED_NO_CONFLICT
Lake Winnipeg||Canada||2013-07-26||52.642||-97.734,GID_483,1,1,1,1,1,1,1,0,VERIFIED_NO_CONFLICT
Lake Winnipeg||Canada||2013-07-26||52.796||-97.563,GID_484,1,1,1,1,1,1,1,0,VERIFIED_NO_CONFLICT
Lake Winnipeg||Canada||2013-07-27||53.025||-97.7,GID_485,1,1,1,1,1,1,1,0,VERIFIED_NO_CONFLICT
Lake Winnipeg||Canada||2013-07-27||53.171||-97.838,GID_487,1,1,1,1,1,1,1,0,VERIFIED_NO_CONFLICT
Lake Winnipeg||Canada||2013-07-27||53.201||-97.633,GID_486,1,1,1,1,1,1,1,0,VERIFIED_NO_CONFLICT
Lake Winnipeg||Canada||2013-08-01||50.792||-96.762,GID_470,1,1,1,1,1,1,1,0,VERIFIED_NO_CONFLICT
Lake Winnipeg||Canada||2013-08-02||50.697||-96.79,GID_475,1,1,1,1,1,1,1,0,VERIFIED_NO_CONFLICT
Lake Winnipeg||Canada||2013-08-02||50.734||-96.929,GID_474,1,1,1,1,1,1,1,0,VERIFIED_NO_CONFLICT
Lake Winnipeg||Canada||2013-08-02||50.846||-96.769,GID_471,1,1,1,1,1,1,1,0,VERIFIED_NO_CONFLICT
Lake Winnipeg||Canada||2013-08-02||50.974||-96.875,GID_472,1,1,1,1,1,1,1,0,VERIFIED_NO_CONFLICT
Lake Winnipeg||Canada||2014-07-22||50.518||-96.835,GID_527,1,1,1,1,1,1,1,0,VERIFIED_NO_CONFLICT
Lake Winnipeg||Canada||2014-07-22||50.696||-96.791,GID_526,1,1,1,1,1,1,1,0,VERIFIED_NO_CONFLICT
Lake Winnipeg||Canada||2014-07-23||50.733||-96.929,GID_530,1,1,1,1,1,1,1,0,VERIFIED_NO_CONFLICT
Lake Winnipeg||Canada||2014-07-23||50.846||-96.769,GID_528,1,1,1,1,1,1,1,0,VERIFIED_NO_CONFLICT
Lake Winnipeg||Canada||2014-07-23||50.975||-96.876,GID_529,1,1,1,1,1,1,1,0,VERIFIED_NO_CONFLICT
Lake Winnipeg||Canada||2014-07-28||50.633||-96.95,GID_531,1,1,1,1,1,1,1,0,VERIFIED_NO_CONFLICT
Lake Winnipeg||Canada||2014-07-28||51.022||-96.583,GID_532,1,1,1,1,1,1,1,0,VERIFIED_NO_CONFLICT
Lake Winnipeg||Canada||2014-07-28||51.139||-96.426,GID_533,1,1,1,1,1,1,1,0,VERIFIED_NO_CONFLICT
Lake Winnipeg||Canada||2014-07-29||51.217||-96.724,GID_534,1,1,1,1,1,1,1,0,VERIFIED_NO_CONFLICT
Lake Winnipeg||Canada||2014-07-29||51.338||-96.579,GID_535,1,1,1,1,1,1,1,0,VERIFIED_NO_CONFLICT
Lake Winnipeg||Canada||2014-07-29||51.442||-96.634,GID_536,1,1,1,1,1,1,1,0,VERIFIED_NO_CONFLICT
Lake Winnipeg||Canada||2014-07-29||51.774||-96.862,GID_537,1,1,1,1,1,1,1,0,VERIFIED_NO_CONFLICT
Lake Winnipeg||Canada||2014-07-30||52.0||-97.042,GID_538,1,1,1,1,1,1,1,0,VERIFIED_NO_CONFLICT
Lake Winnipeg||Canada||2014-07-30||52.121||-97.129,GID_539,1,1,1,1,1,1,1,0,VERIFIED_NO_CONFLICT
Lake Winnipeg||Canada||2014-07-30||52.267||-97.192,GID_540,1,1,1,1,1,1,1,0,VERIFIED_NO_CONFLICT
Lake Winnipeg||Canada||2014-07-30||52.433||-97.337,GID_541,1,1,1,1,1,1,1,0,VERIFIED_NO_CONFLICT
Lake Winnipeg||Canada||2014-08-02||53.662||-98.483,GID_504,1,1,1,1,1,1,1,0,VERIFIED_NO_CONFLICT
Lake Winnipeg||Canada||2014-08-02||53.833||-98.501,GID_503,1,1,1,1,1,1,1,0,VERIFIED_NO_CONFLICT
Lake Winnipeg||Canada||2014-08-03||53.212||-99.233,GID_507,1,1,1,1,1,1,1,0,VERIFIED_NO_CONFLICT
Lake Winnipeg||Canada||2014-08-03||53.6||-98.925,GID_506,1,1,1,1,1,1,1,0,VERIFIED_NO_CONFLICT
Lake Winnipeg||Canada||2014-08-04||52.821||-98.496,GID_516,1,1,1,1,1,1,1,0,VERIFIED_NO_CONFLICT
Lake Winnipeg||Canada||2014-08-04||52.866||-98.25,GID_515,1,1,1,1,1,1,1,0,VERIFIED_NO_CONFLICT
Lake Winnipeg||Canada||2014-08-04||53.075||-98.2,GID_514,1,1,1,1,1,1,1,0,VERIFIED_NO_CONFLICT
Lake Winnipeg||Canada||2014-08-04||53.205||-98.616,GID_513,1,1,1,1,1,1,1,0,VERIFIED_NO_CONFLICT
Lake Winnipeg||Canada||2014-08-05||52.171||-97.854,GID_524,1,1,1,1,1,1,1,0,VERIFIED_NO_CONFLICT
Lake Winnipeg||Canada||2014-08-05||52.241||-97.629,GID_523,1,1,1,1,1,1,1,0,VERIFIED_NO_CONFLICT
Lake Winnipeg||Canada||2014-08-05||52.637||-98.324,GID_521,1,1,1,1,1,1,1,0,VERIFIED_NO_CONFLICT
Lake Winnipeg||Canada||2014-08-06||52.104||-97.416,GID_525,1,1,1,1,1,1,1,0,VERIFIED_NO_CONFLICT
Lake Wisconsin||United States of America (the)||2015-07-15||43.364||-89.64,GID_1474,1,1,1,1,1,1,1,0,VERIFIED_NO_CONFLICT
Lake Wisconsin||United States of America (the)||2015-07-15||43.381||-89.597,GID_1475,1,1,1,1,1,1,1,0,VERIFIED_NO_CONFLICT
Lake Wisconsin||United States of America (the)||2015-07-15||43.393||-89.542,GID_1476,1,1,1,1,1,1,1,0,VERIFIED_NO_CONFLICT
Lake Wissota||United States of America (the)||2014-08-04||44.936||-91.333,GID_1428,1,1,1,1,1,1,1,0,VERIFIED_NO_CONFLICT
Lake Wissota||United States of America (the)||2014-08-04||44.947||-91.324,GID_1429,1,1,1,1,1,1,1,0,VERIFIED_NO_CONFLICT
Lake Wissota||United States of America (the)||2014-08-04||44.973||-91.327,GID_1430,1,1,1,1,1,1,1,0,VERIFIED_NO_CONFLICT
Lake Wissota||United States of America (the)||2015-09-08||44.936||-91.332,GID_1522,1,1,1,1,1,1,1,0,VERIFIED_NO_CONFLICT
Lake Wissota||United States of America (the)||2015-09-08||44.95||-91.322,GID_1523,1,1,1,1,1,1,1,0,VERIFIED_NO_CONFLICT
Lake Wissota||United States of America (the)||2015-09-08||44.964||-91.323,GID_1524,1,1,1,1,1,1,1,0,VERIFIED_NO_CONFLICT
Lake Zug||Switzerland||2019-07-29||47.094||8.493,GID_7130,1,1,1,1,1,1,1,0,VERIFIED_NO_CONFLICT
Lake Zug||Switzerland||2019-07-29||47.128||8.482,GID_7129,1,1,1,1,1,1,1,0,VERIFIED_NO_CONFLICT
Lake Zug||Switzerland||2019-07-29||47.15||8.477,GID_7128,1,1,1,1,1,1,1,0,VERIFIED_NO_CONFLICT
Lake Zurich||Switzerland||2019-08-01||47.208||8.828,GID_7137,1,1,1,1,1,1,1,0,VERIFIED_NO_CONFLICT
Lake Zurich||Switzerland||2019-08-01||47.22||8.726,GID_7135,1,1,1,1,1,1,1,0,VERIFIED_NO_CONFLICT
Lake Zurich||Switzerland||2019-08-01||47.243||8.679,GID_7136,1,1,1,1,1,1,1,0,VERIFIED_NO_CONFLICT
Lake Łebsko||Poland||2007-04-04||54.717||17.419,GID_7723,1,1,1,1,1,1,1,0,VERIFIED_NO_CONFLICT
Lake Łebsko||Poland||2007-05-05||54.717||17.419,GID_7724,1,1,1,1,1,1,1,0,VERIFIED_NO_CONFLICT
Lake Łebsko||Poland||2007-06-06||54.717||17.419,GID_7725,1,1,1,1,1,1,1,0,VERIFIED_NO_CONFLICT
Lake Łebsko||Poland||2007-07-07||54.717||17.419,GID_7726,1,1,1,1,1,1,1,0,VERIFIED_NO_CONFLICT
Lake Łebsko||Poland||2007-08-08||54.717||17.419,GID_7727,1,1,1,1,1,1,1,0,VERIFIED_NO_CONFLICT
Lake Łebsko||Poland||2007-09-09||54.717||17.419,GID_7728,1,1,1,1,1,1,1,0,VERIFIED_NO_CONFLICT
Lake Łebsko||Poland||2007-10-10||54.717||17.419,GID_7729,1,1,1,1,1,1,1,0,VERIFIED_NO_CONFLICT
Lake Łebsko||Poland||2007-11-11||54.717||17.419,GID_7730,1,1,1,1,1,1,1,0,VERIFIED_NO_CONFLICT
Lake Łebsko||Poland||2008-04-04||54.717||17.419,GID_7731,1,1,1,1,1,1,1,0,VERIFIED_NO_CONFLICT
Lake Łebsko||Poland||2008-05-05||54.717||17.419,GID_7732,1,1,1,1,1,1,1,0,VERIFIED_NO_CONFLICT
Lake Łebsko||Poland||2008-06-06||54.717||17.419,GID_7733,1,1,1,1,1,1,1,0,VERIFIED_NO_CONFLICT
Lake Łebsko||Poland||2009-06-06||54.714||17.354,GID_7736,1,1,1,1,1,1,1,0,VERIFIED_NO_CONFLICT
Lake Łebsko||Poland||2009-06-06||54.717||17.419,GID_7735,1,1,1,1,1,1,1,0,VERIFIED_NO_CONFLICT
Lake Łebsko||Poland||2009-06-06||54.743||17.491,GID_7734,1,1,1,1,1,1,1,0,VERIFIED_NO_CONFLICT
Lake Łebsko||Poland||2009-07-07||54.714||17.354,GID_7739,1,1,1,1,1,1,1,0,VERIFIED_NO_CONFLICT
Lake Łebsko||Poland||2009-07-07||54.717||17.419,GID_7738,1,1,1,1,1,1,1,0,VERIFIED_NO_CONFLICT
Lake Łebsko||Poland||2009-07-07||54.743||17.491,GID_7737,1,1,1,1,1,1,1,0,VERIFIED_NO_CONFLICT
Lake Łebsko||Poland||2009-08-08||54.717||17.419,GID_7741,1,1,1,1,1,1,1,0,VERIFIED_NO_CONFLICT
Lake Łebsko||Poland||2009-08-08||54.743||17.491,GID_7740,1,1,1,1,1,1,1,0,VERIFIED_NO_CONFLICT
Lake Łebsko||Poland||2009-09-09||54.714||17.354,GID_7744,1,1,1,1,1,1,1,0,VERIFIED_NO_CONFLICT
Lake Łebsko||Poland||2009-09-09||54.717||17.419,GID_7743,1,1,1,1,1,1,1,0,VERIFIED_NO_CONFLICT
Lake Łebsko||Poland||2009-09-09||54.743||17.491,GID_7742,1,1,1,1,1,1,1,0,VERIFIED_NO_CONFLICT
Lake Łebsko||Poland||2009-10-10||54.714||17.354,GID_7747,1,1,1,1,1,1,1,0,VERIFIED_NO_CONFLICT
Lake Łebsko||Poland||2009-10-10||54.717||17.419,GID_7746,1,1,1,1,1,1,1,0,VERIFIED_NO_CONFLICT
Lake Łebsko||Poland||2009-10-10||54.743||17.491,GID_7745,1,1,1,1,1,1,1,0,VERIFIED_NO_CONFLICT
Lake Łebsko||Poland||2010-05-05||54.714||17.354,GID_7750,1,1,1,1,1,1,1,0,VERIFIED_NO_CONFLICT
Lake Łebsko||Poland||2010-05-05||54.717||17.419,GID_7749,1,1,1,1,1,1,1,0,VERIFIED_NO_CONFLICT
Lake Łebsko||Poland||2010-05-05||54.743||17.491,GID_7748,1,1,1,1,1,1,1,0,VERIFIED_NO_CONFLICT
Lake Łebsko||Poland||2010-06-06||54.743||17.491,GID_7751,1,1,1,1,1,1,1,0,VERIFIED_NO_CONFLICT
Lake Łebsko||Poland||2010-07-07||54.714||17.354,GID_7753,1,1,1,1,1,1,1,0,VERIFIED_NO_CONFLICT
Lake Łebsko||Poland||2010-07-07||54.717||17.419,GID_7752,1,1,1,1,1,1,1,0,VERIFIED_NO_CONFLICT
Lake Łebsko||Poland||2010-08-08||54.743||17.491,GID_7754,1,1,1,1,1,1,1,0,VERIFIED_NO_CONFLICT
"Little Pee Dee River, SC||United States of America (the)||2011-07-21||33.736||-79.224",GID_4504,1,1,1,1,1,1,1,0,VERIFIED_NO_CONFLICT
Loch Lomond||United Kingdom of Great Britain and Northern Ireland (the)||2014-05-13||56.303||-4.716,GID_6662,1,1,1,1,1,1,1,0,VERIFIED_NO_CONFLICT
Loch Lomond||United Kingdom of Great Britain and Northern Ireland (the)||2014-05-14||56.025||-4.601,GID_6664,1,1,1,1,1,1,1,0,VERIFIED_NO_CONFLICT
Loch Lomond||United Kingdom of Great Britain and Northern Ireland (the)||2014-05-14||56.064||-4.549,GID_6663,1,1,1,1,1,1,1,0,VERIFIED_NO_CONFLICT
Loch Lomond||United Kingdom of Great Britain and Northern Ireland (the)||2014-06-18||56.057||-4.573,GID_6665,1,1,1,1,1,1,1,0,VERIFIED_NO_CONFLICT
Loch Lomond||United Kingdom of Great Britain and Northern Ireland (the)||2014-06-18||56.245||-4.696,GID_6666,1,1,1,1,1,1,1,0,VERIFIED_NO_CONFLICT
Loenderveensche Plas||Netherlands (the)||1990-09-03||52.201||5.06,GID_598,1,1,1,1,1,1,1,0,VERIFIED_NO_CONFLICT
Loenderveense Plas West||Netherlands (the)||1990-09-03||52.216||5.062,GID_592,1,1,1,1,1,1,1,0,VERIFIED_NO_CONFLICT
Loenderveense Plas oost||Netherlands (the)||1990-09-03||52.201||5.06,GID_593,1,1,1,1,1,1,1,0,VERIFIED_NO_CONFLICT
Loenderveense Plas oost||Netherlands (the)||1990-09-10||52.201||5.06,GID_591,1,1,1,1,1,1,1,0,VERIFIED_NO_CONFLICT
Long Lake||United States of America (the)||2015-08-14||45.677||-91.692,GID_1503,1,1,1,1,1,1,1,0,VERIFIED_NO_CONFLICT
Long Lake||United States of America (the)||2015-08-14||45.702||-91.718,GID_1502,1,1,1,1,1,1,1,0,VERIFIED_NO_CONFLICT
Long Lake||United States of America (the)||2015-08-14||45.758||-91.647,GID_1501,1,1,1,1,1,1,1,0,VERIFIED_NO_CONFLICT
Loosdrechtse Plassen||Netherlands (the)||1990-09-10||52.173||5.062,GID_594,1,1,1,1,1,1,1,0,VERIFIED_NO_CONFLICT
Loosdrechtse plassen Stille plas||Netherlands (the)||2013-08-28||52.183||5.094,GID_7261,1,1,1,1,1,1,1,0,VERIFIED_NO_CONFLICT
Loosdtrechtse plassen nr5||Netherlands (the)||2013-08-28||52.173||5.07,GID_7262,1,1,1,1,1,1,1,0,VERIFIED_NO_CONFLICT
Loskop||South Africa||2011-07-27||-25.453||29.288,GID_7423;GID_7430;GID_7438,1,1,1,1,1,1,1,0,VERIFIED_NO_CONFLICT
Loskop||South Africa||2011-07-28||-25.453||29.288,GID_7414;GID_7443,1,1,1,1,1,1,1,0,VERIFIED_NO_CONFLICT
Loskop||South Africa||2011-07-29||-25.453||29.288,GID_7424;GID_7441;GID_7444,1,1,1,1,1,1,1,0,VERIFIED_NO_CONFLICT
Loskop||South Africa||2011-07-30||-25.453||29.288,GID_7415;GID_7425;GID_7431;GID_7439,1,1,1,1,1,1,1,0,VERIFIED_NO_CONFLICT
Loskop||South Africa||2011-08-01||-25.453||29.288,GID_7407;GID_7416;GID_7432,1,1,1,1,1,1,1,0,VERIFIED_NO_CONFLICT
Loskop||South Africa||2011-08-02||-25.453||29.288,GID_7408;GID_7417;GID_7440;GID_7442,1,1,1,1,1,1,1,0,VERIFIED_NO_CONFLICT
Loskop||South Africa||2011-08-04||-25.453||29.288,GID_7409;GID_7418;GID_7426;GID_7433,1,1,1,1,1,1,1,0,VERIFIED_NO_CONFLICT
Loskop||South Africa||2011-08-08||-25.453||29.288,GID_7410;GID_7411;GID_7427,1,1,1,1,1,1,1,0,VERIFIED_NO_CONFLICT
Loskop||South Africa||2011-08-09||-25.453||29.288,GID_7412;GID_7419;GID_7434,1,1,1,1,1,1,1,0,VERIFIED_NO_CONFLICT
Loskop||South Africa||2011-08-10||-25.453||29.288,GID_7420;GID_7428;GID_7435,1,1,1,1,1,1,1,0,VERIFIED_NO_CONFLICT
Loskop||South Africa||2011-08-11||-25.453||29.288,GID_7413;GID_7421;GID_7436,1,1,1,1,1,1,1,0,VERIFIED_NO_CONFLICT
Loskop||South Africa||2011-08-12||-25.453||29.288,GID_7422;GID_7429;GID_7437,1,1,1,1,1,1,1,0,VERIFIED_NO_CONFLICT
"Lydia Ann Channel, TX||United States of America (the)||2008-07-14||27.869||-97.049",GID_5105,1,1,1,1,1,1,1,0,VERIFIED_NO_CONFLICT
"Lydia Ann Channel, TX||United States of America (the)||2011-03-07||27.862||-97.054",GID_5108,1,1,1,1,1,1,1,0,VERIFIED_NO_CONFLICT
"Lydia Ann Channel, TX||United States of America (the)||2011-03-07||27.879||-97.048",GID_5104,1,1,1,1,1,1,1,0,VERIFIED_NO_CONFLICT
"Lyons Bay, FL||United States of America (the)||2011-07-08||27.117||-82.467",GID_4893,1,1,1,1,1,1,1,0,VERIFIED_NO_CONFLICT
"Mackay River, GA||United States of America (the)||2014-11-06||31.231||-81.43",GID_4805,1,1,1,1,1,1,1,0,VERIFIED_NO_CONFLICT
Maggiore||Italy||2015-09-24||45.897||8.56,GID_892,1,1,1,1,1,1,1,0,VERIFIED_NO_CONFLICT
Maggiore||Italy||2015-09-24||45.911||8.544,GID_891,1,1,1,1,1,1,1,0,VERIFIED_NO_CONFLICT
Maggiore||Italy||2015-09-24||45.914||8.589,GID_893,1,1,1,1,1,1,1,0,VERIFIED_NO_CONFLICT
Maggiore||Italy||2015-09-24||45.926||8.607,GID_894,1,1,1,1,1,1,1,0,VERIFIED_NO_CONFLICT
Maggiore||Italy||2015-09-24||45.934||8.509,GID_890,1,1,1,1,1,1,1,0,VERIFIED_NO_CONFLICT
Maggiore||Italy||2015-09-24||45.949||8.633,GID_896,1,1,1,1,1,1,1,0,VERIFIED_NO_CONFLICT
Maggiore||Italy||2015-09-24||45.954||8.621,GID_895,1,1,1,1,1,1,1,0,VERIFIED_NO_CONFLICT
Maggiore||Italy||2018-06-26||45.977||8.636,GID_859,1,1,1,1,1,1,1,0,VERIFIED_NO_CONFLICT
Maggiore||Italy||2018-06-26||45.986||8.635,GID_860,1,1,1,1,1,1,1,0,VERIFIED_NO_CONFLICT
Maggiore||Italy||2019-07-02||45.976||8.634,GID_1105;GID_1106,1,1,1,1,1,1,1,0,VERIFIED_NO_CONFLICT
Maggiore||Italy||2019-07-03||45.976||8.634,GID_1107;GID_1108,1,1,1,1,1,1,1,0,VERIFIED_NO_CONFLICT
Mamiraua||Brazil||2016-08-12||-2.985||-64.925,GID_311,1,1,1,1,1,1,1,0,VERIFIED_NO_CONFLICT
Mamiraua||Brazil||2016-08-12||-2.989||-64.935,GID_312,1,1,1,1,1,1,1,0,VERIFIED_NO_CONFLICT
Mamiraua||Brazil||2016-08-12||-2.999||-64.947,GID_313,1,1,1,1,1,1,1,0,VERIFIED_NO_CONFLICT
Mamiraua||Brazil||2016-08-17||-2.894||-64.977,GID_309,1,1,1,1,1,1,1,0,VERIFIED_NO_CONFLICT
Mamiraua||Brazil||2016-08-17||-2.897||-64.98,GID_308,1,1,1,1,1,1,1,0,VERIFIED_NO_CONFLICT
Mamiraua||Brazil||2016-08-17||-2.89||-64.975,GID_310,1,1,1,1,1,1,1,0,VERIFIED_NO_CONFLICT
Mangakaware||New Zealand||2020-07-27||-37.932||175.22,GID_2459,1,1,1,1,1,1,1,0,VERIFIED_NO_CONFLICT
Mantova||Italy||2014-06-26||45.158||10.775,GID_905,1,1,1,1,1,1,1,0,VERIFIED_NO_CONFLICT
Mantova||Italy||2014-06-26||45.162||10.729,GID_901,1,1,1,1,1,1,1,0,VERIFIED_NO_CONFLICT
Mantova||Italy||2014-06-26||45.162||10.762,GID_903,1,1,1,1,1,1,1,0,VERIFIED_NO_CONFLICT
Mantova||Italy||2014-06-26||45.169||10.785,GID_904,1,1,1,1,1,1,1,0,VERIFIED_NO_CONFLICT
Mantova||Italy||2014-06-26||45.16||10.753,GID_902,1,1,1,1,1,1,1,0,VERIFIED_NO_CONFLICT
Mantova||Italy||2014-07-25||45.17||10.785,GID_1114,1,1,1,1,1,1,1,0,VERIFIED_NO_CONFLICT
Mantova||Italy||2014-09-23||45.158||10.805,GID_899,1,1,1,1,1,1,1,0,VERIFIED_NO_CONFLICT
Mantova||Italy||2014-09-23||45.15||10.81,GID_900,1,1,1,1,1,1,1,0,VERIFIED_NO_CONFLICT
Mantova||Italy||2014-09-23||45.165||10.802,GID_898,1,1,1,1,1,1,1,0,VERIFIED_NO_CONFLICT
Mantova||Italy||2014-09-23||45.168||10.796,GID_897,1,1,1,1,1,1,1,0,VERIFIED_NO_CONFLICT
Mantova||Italy||2014-09-27||45.161||10.809,GID_1116;GID_1117,1,1,1,1,1,1,1,0,VERIFIED_NO_CONFLICT
Mantova||Italy||2015-05-12||45.161||10.754,GID_1122,1,1,1,1,1,1,1,0,VERIFIED_NO_CONFLICT
Mantova||Italy||2015-05-12||45.163||10.779,GID_1120,1,1,1,1,1,1,1,0,VERIFIED_NO_CONFLICT
Mantova||Italy||2015-05-12||45.165||10.782,GID_1119,1,1,1,1,1,1,1,0,VERIFIED_NO_CONFLICT
Mantova||Italy||2015-05-12||45.169||10.781,GID_1118,1,1,1,1,1,1,1,0,VERIFIED_NO_CONFLICT
Mantova||Italy||2015-05-12||45.16||10.766,GID_1121,1,1,1,1,1,1,1,0,VERIFIED_NO_CONFLICT
Mantova||Italy||2015-09-09||45.162||10.762,GID_1125,1,1,1,1,1,1,1,0,VERIFIED_NO_CONFLICT
Mantova||Italy||2015-09-09||45.164||10.777,GID_1124,1,1,1,1,1,1,1,0,VERIFIED_NO_CONFLICT
Mantova||Italy||2015-09-09||45.167||10.777,GID_1123,1,1,1,1,1,1,1,0,VERIFIED_NO_CONFLICT
Mantova||Italy||2016-07-28||45.161||10.749,GID_869,1,1,1,1,1,1,1,0,VERIFIED_NO_CONFLICT
Mantova||Italy||2016-07-28||45.161||10.76,GID_868,1,1,1,1,1,1,1,0,VERIFIED_NO_CONFLICT
Mantova||Italy||2016-07-28||45.161||10.767,GID_866;GID_867,1,1,1,1,1,1,1,0,VERIFIED_NO_CONFLICT
Mantova||Italy||2016-07-28||45.163||10.769,GID_865,1,1,1,1,1,1,1,0,VERIFIED_NO_CONFLICT
Mantova||Italy||2016-07-28||45.16||10.737,GID_870,1,1,1,1,1,1,1,0,VERIFIED_NO_CONFLICT
Mantova||Italy||2016-09-19||45.161||10.75,GID_871,1,1,1,1,1,1,1,0,VERIFIED_NO_CONFLICT
Mantova||Italy||2016-09-19||45.162||10.762,GID_872,1,1,1,1,1,1,1,0,VERIFIED_NO_CONFLICT
Mantova||Italy||2016-09-19||45.165||10.774,GID_873,1,1,1,1,1,1,1,0,VERIFIED_NO_CONFLICT
Mantova||Italy||2016-09-19||45.165||10.784,GID_875,1,1,1,1,1,1,1,0,VERIFIED_NO_CONFLICT
Mantova||Italy||2016-09-19||45.168||10.783,GID_874,1,1,1,1,1,1,1,0,VERIFIED_NO_CONFLICT
Mantova||Italy||2017-07-28||45.155||10.805,GID_876,1,1,1,1,1,1,1,0,VERIFIED_NO_CONFLICT
Mantova||Italy||2017-07-28||45.164||10.801,GID_877,1,1,1,1,1,1,1,0,VERIFIED_NO_CONFLICT
Mapourika||New Zealand||2020-02-10||-43.303||170.215,GID_2440,1,1,1,1,1,1,1,0,VERIFIED_NO_CONFLICT
Markermeer De hemmelanden||Netherlands (the)||2013-08-26||52.46||5.046,GID_7255,1,1,1,1,1,1,1,0,VERIFIED_NO_CONFLICT
McConaughy Lake||United States of America (the)||2008-07-26||41.222||-101.69,GID_1174,1,1,1,1,1,1,1,0,VERIFIED_NO_CONFLICT
McConaughy Lake||United States of America (the)||2008-07-26||41.228||-101.753,GID_1175,1,1,1,1,1,1,1,0,VERIFIED_NO_CONFLICT
McConaughy Lake||United States of America (the)||2008-07-26||41.249||-101.819,GID_1176,1,1,1,1,1,1,1,0,VERIFIED_NO_CONFLICT
McConaughy Lake||United States of America (the)||2008-07-26||41.27||-101.885,GID_1177,1,1,1,1,1,1,1,0,VERIFIED_NO_CONFLICT
McConaughy Lake||United States of America (the)||2008-07-26||41.283||-101.945,GID_1178,1,1,1,1,1,1,1,0,VERIFIED_NO_CONFLICT
Mekong River||Viet Nam||2012-03-03||9.495||106.376,GID_1811,1,1,1,1,1,1,1,0,VERIFIED_NO_CONFLICT
Mekong River||Viet Nam||2012-03-03||9.591||106.294,GID_1810,1,1,1,1,1,1,1,0,VERIFIED_NO_CONFLICT
Mekong River||Viet Nam||2012-03-04||9.686||106.689,GID_1812,1,1,1,1,1,1,1,0,VERIFIED_NO_CONFLICT
Metonga Lake||United States of America (the)||2014-06-26||45.53||-88.903,GID_1400,1,1,1,1,1,1,1,0,VERIFIED_NO_CONFLICT
Metonga Lake||United States of America (the)||2014-06-26||45.54||-88.904,GID_1398,1,1,1,1,1,1,1,0,VERIFIED_NO_CONFLICT
Metonga Lake||United States of America (the)||2014-06-26||45.554||-88.905,GID_1399,1,1,1,1,1,1,1,0,VERIFIED_NO_CONFLICT
Metonga Lake||United States of America (the)||2015-07-31||45.53||-88.902,GID_1496,1,1,1,1,1,1,1,0,VERIFIED_NO_CONFLICT
Metonga Lake||United States of America (the)||2015-07-31||45.54||-88.904,GID_1495,1,1,1,1,1,1,1,0,VERIFIED_NO_CONFLICT
Metonga Lake||United States of America (the)||2015-07-31||45.554||-88.905,GID_1497,1,1,1,1,1,1,1,0,VERIFIED_NO_CONFLICT
Metonga Lake||United States of America (the)||2016-06-29||45.539||-88.903,GID_1540,1,1,1,1,1,1,1,0,VERIFIED_NO_CONFLICT
Metonga Lake||United States of America (the)||2016-06-29||45.53||-88.902,GID_1542,1,1,1,1,1,1,1,0,VERIFIED_NO_CONFLICT
Metonga Lake||United States of America (the)||2016-06-29||45.554||-88.904,GID_1541,1,1,1,1,1,1,1,0,VERIFIED_NO_CONFLICT
"Middle Bay, MS||United States of America (the)||2003-10-06||30.379||-88.402",GID_5002,1,1,1,1,1,1,1,0,VERIFIED_NO_CONFLICT
Minnetonka Halstead's Bay||United States of America (the)||2018-09-23||44.909||-93.684,GID_3848,1,1,1,1,1,1,1,0,VERIFIED_NO_CONFLICT
Minnetonka Stubbs Bay||United States of America (the)||2018-09-23||44.968||-93.616,GID_3845,1,1,1,1,1,1,1,0,VERIFIED_NO_CONFLICT
Minnetonka West Arm||United States of America (the)||2018-09-23||44.946||-93.636,GID_3847,1,1,1,1,1,1,1,0,VERIFIED_NO_CONFLICT
"Mississippi Sound, MS||United States of America (the)||2003-10-06||30.297||-88.527",GID_5032,1,1,1,1,1,1,1,0,VERIFIED_NO_CONFLICT
"Mississippi Sound, MS||United States of America (the)||2003-10-06||30.318||-88.52",GID_5031,1,1,1,1,1,1,1,0,VERIFIED_NO_CONFLICT
"Mississippi Sound, MS||United States of America (the)||2003-10-08||30.313||-88.265",GID_4990,1,1,1,1,1,1,1,0,VERIFIED_NO_CONFLICT
"Mississippi Sound, MS||United States of America (the)||2009-06-02||30.315||-88.44",GID_5015,1,1,1,1,1,1,1,0,VERIFIED_NO_CONFLICT
"Mississippi Sound, MS||United States of America (the)||2009-06-02||30.329||-88.415",GID_5008,1,1,1,1,1,1,1,0,VERIFIED_NO_CONFLICT
"Missouri River, NE||United States of America (the)||2007-10-04||41.037||-95.86",GID_5043,1,1,1,1,1,1,1,0,VERIFIED_NO_CONFLICT
"Missouri River, NE||United States of America (the)||2007-10-04||41.186||-95.889",GID_5044,1,1,1,1,1,1,1,0,VERIFIED_NO_CONFLICT
"Missouri River, NE||United States of America (the)||2008-05-15||41.267||-95.921",GID_5066,1,1,1,1,1,1,1,0,VERIFIED_NO_CONFLICT
"Missouri River, NE||United States of America (the)||2008-05-21||41.267||-95.921",GID_5067,1,1,1,1,1,1,1,0,VERIFIED_NO_CONFLICT
"Missouri River, NE||United States of America (the)||2008-05-29||41.267||-95.921",GID_5068,1,1,1,1,1,1,1,0,VERIFIED_NO_CONFLICT
"Missouri River, NE||United States of America (the)||2008-06-10||41.267||-95.921",GID_5070,1,1,1,1,1,1,1,0,VERIFIED_NO_CONFLICT
"Missouri River, NE||United States of America (the)||2008-06-18||41.267||-95.921",GID_5071,1,1,1,1,1,1,1,0,VERIFIED_NO_CONFLICT
"Missouri River, NE||United States of America (the)||2008-06-25||41.267||-95.921",GID_5072,1,1,1,1,1,1,1,0,VERIFIED_NO_CONFLICT
"Missouri River, NE||United States of America (the)||2008-07-01||41.267||-95.921",GID_5073,1,1,1,1,1,1,1,0,VERIFIED_NO_CONFLICT
Moeraki||New Zealand||2020-02-09||-43.732||169.284,GID_2437,1,1,1,1,1,1,1,0,VERIFIED_NO_CONFLICT
"Monie Bay, MD||United States of America (the)||2005-07-18||38.212||-75.827",GID_4421,1,1,1,1,1,1,1,0,VERIFIED_NO_CONFLICT
"Monie Bay, MD||United States of America (the)||2005-07-18||38.222||-75.84",GID_4423,1,1,1,1,1,1,1,0,VERIFIED_NO_CONFLICT
"Monie Bay, MD||United States of America (the)||2005-07-18||38.229||-75.821",GID_4420,1,1,1,1,1,1,1,0,VERIFIED_NO_CONFLICT
Monowai||New Zealand||2020-02-06||-45.833||167.498,GID_2435,1,1,1,1,1,1,1,0,VERIFIED_NO_CONFLICT
Monowai||New Zealand||2020-02-06||-45.873||167.364,GID_2434,1,1,1,1,1,1,1,0,VERIFIED_NO_CONFLICT
"Moore's Lake, DE||United States of America (the)||2004-07-23||39.128||-75.522",GID_4411,1,1,1,1,1,1,1,0,VERIFIED_NO_CONFLICT
Morse Reservoir||United States of America (the)||2010-06-25||40.074||-86.047,GID_2707,1,1,1,1,1,1,1,0,VERIFIED_NO_CONFLICT
Morse Reservoir||United States of America (the)||2010-06-25||40.076||-86.051,GID_2708,1,1,1,1,1,1,1,0,VERIFIED_NO_CONFLICT
Morse Reservoir||United States of America (the)||2010-06-25||40.076||-86.056,GID_2709,1,1,1,1,1,1,1,0,VERIFIED_NO_CONFLICT
Morse Reservoir||United States of America (the)||2010-06-25||40.077||-86.045,GID_2706,1,1,1,1,1,1,1,0,VERIFIED_NO_CONFLICT
Morse Reservoir||United States of America (the)||2010-06-25||40.081||-86.042,GID_2705,1,1,1,1,1,1,1,0,VERIFIED_NO_CONFLICT
Morse Reservoir||United States of America (the)||2010-06-25||40.084||-86.046,GID_2704,1,1,1,1,1,1,1,0,VERIFIED_NO_CONFLICT
Morse Reservoir||United States of America (the)||2010-06-25||40.084||-86.063,GID_2710,1,1,1,1,1,1,1,0,VERIFIED_NO_CONFLICT
Morse Reservoir||United States of America (the)||2010-06-25||40.086||-86.041,GID_2703,1,1,1,1,1,1,1,0,VERIFIED_NO_CONFLICT
Morse Reservoir||United States of America (the)||2010-06-25||40.088||-86.065,GID_2711,1,1,1,1,1,1,1,0,VERIFIED_NO_CONFLICT
Morse Reservoir||United States of America (the)||2010-06-25||40.089||-86.04,GID_2702,1,1,1,1,1,1,1,0,VERIFIED_NO_CONFLICT
Morse Reservoir||United States of America (the)||2010-06-25||40.093||-86.043,GID_2701,1,1,1,1,1,1,1,0,VERIFIED_NO_CONFLICT
Morse Reservoir||United States of America (the)||2010-06-25||40.09||-86.069,GID_2712,1,1,1,1,1,1,1,0,VERIFIED_NO_CONFLICT
Morse Reservoir||United States of America (the)||2010-06-25||40.101||-86.039,GID_2699,1,1,1,1,1,1,1,0,VERIFIED_NO_CONFLICT
Morse Reservoir||United States of America (the)||2010-06-25||40.112||-86.035,GID_2697,1,1,1,1,1,1,1,0,VERIFIED_NO_CONFLICT
Morse Reservoir||United States of America (the)||2010-06-25||40.116||-86.034,GID_2696,1,1,1,1,1,1,1,0,VERIFIED_NO_CONFLICT
Morse Reservoir||United States of America (the)||2010-06-25||40.123||-86.03,GID_2695,1,1,1,1,1,1,1,0,VERIFIED_NO_CONFLICT
Morse Reservoir||United States of America (the)||2010-06-25||40.126||-86.025,GID_2694,1,1,1,1,1,1,1,0,VERIFIED_NO_CONFLICT
Morse Reservoir||United States of America (the)||2010-06-25||40.129||-86.023,GID_2693,1,1,1,1,1,1,1,0,VERIFIED_NO_CONFLICT
Morse Reservoir||United States of America (the)||2010-06-25||40.185||-86.038,GID_2700,1,1,1,1,1,1,1,0,VERIFIED_NO_CONFLICT
Morse Reservoir||United States of America (the)||2010-06-25||40.18||-86.038,GID_2698,1,1,1,1,1,1,1,0,VERIFIED_NO_CONFLICT
Morse Reservoir||United States of America (the)||2010-09-23||40.075||-86.048,GID_2726,1,1,1,1,1,1,1,0,VERIFIED_NO_CONFLICT
Morse Reservoir||United States of America (the)||2010-09-23||40.084||-86.044,GID_2725,1,1,1,1,1,1,1,0,VERIFIED_NO_CONFLICT
Morse Reservoir||United States of America (the)||2010-09-23||40.086||-86.04,GID_2724,1,1,1,1,1,1,1,0,VERIFIED_NO_CONFLICT
Morse Reservoir||United States of America (the)||2010-09-23||40.093||-86.04,GID_2722,1,1,1,1,1,1,1,0,VERIFIED_NO_CONFLICT
Morse Reservoir||United States of America (the)||2010-09-23||40.097||-86.036,GID_2721,1,1,1,1,1,1,1,0,VERIFIED_NO_CONFLICT
Morse Reservoir||United States of America (the)||2010-09-23||40.099||-86.037,GID_2720,1,1,1,1,1,1,1,0,VERIFIED_NO_CONFLICT
Morse Reservoir||United States of America (the)||2010-09-23||40.09||-86.04,GID_2723,1,1,1,1,1,1,1,0,VERIFIED_NO_CONFLICT
Morse Reservoir||United States of America (the)||2010-09-23||40.103||-86.039,GID_2719,1,1,1,1,1,1,1,0,VERIFIED_NO_CONFLICT
Morse Reservoir||United States of America (the)||2010-09-23||40.111||-86.036,GID_2718,1,1,1,1,1,1,1,0,VERIFIED_NO_CONFLICT
Morse Reservoir||United States of America (the)||2010-09-23||40.115||-86.034,GID_2717,1,1,1,1,1,1,1,0,VERIFIED_NO_CONFLICT
Morse Reservoir||United States of America (the)||2010-09-23||40.124||-86.028,GID_2715,1,1,1,1,1,1,1,0,VERIFIED_NO_CONFLICT
Morse Reservoir||United States of America (the)||2010-09-23||40.126||-86.025,GID_2714,1,1,1,1,1,1,1,0,VERIFIED_NO_CONFLICT
Morse Reservoir||United States of America (the)||2010-09-23||40.12||-86.031,GID_2716,1,1,1,1,1,1,1,0,VERIFIED_NO_CONFLICT
Morse Reservoir||United States of America (the)||2010-09-23||40.131||-86.022,GID_2713,1,1,1,1,1,1,1,0,VERIFIED_NO_CONFLICT
Morse Reservoir||United States of America (the)||2010-10-07||40.075||-86.055,GID_2743,1,1,1,1,1,1,1,0,VERIFIED_NO_CONFLICT
Morse Reservoir||United States of America (the)||2010-10-07||40.076||-86.048,GID_2741,1,1,1,1,1,1,1,0,VERIFIED_NO_CONFLICT
Morse Reservoir||United States of America (the)||2010-10-07||40.077||-86.05,GID_2742,1,1,1,1,1,1,1,0,VERIFIED_NO_CONFLICT
Morse Reservoir||United States of America (the)||2010-10-07||40.078||-86.059,GID_2744,1,1,1,1,1,1,1,0,VERIFIED_NO_CONFLICT
Morse Reservoir||United States of America (the)||2010-10-07||40.079||-86.047,GID_2740,1,1,1,1,1,1,1,0,VERIFIED_NO_CONFLICT
Morse Reservoir||United States of America (the)||2010-10-07||40.083||-86.063,GID_2746,1,1,1,1,1,1,1,0,VERIFIED_NO_CONFLICT
Morse Reservoir||United States of America (the)||2010-10-07||40.084||-86.045,GID_2738,1,1,1,1,1,1,1,0,VERIFIED_NO_CONFLICT
Morse Reservoir||United States of America (the)||2010-10-07||40.087||-86.04,GID_2737,1,1,1,1,1,1,1,0,VERIFIED_NO_CONFLICT
Morse Reservoir||United States of America (the)||2010-10-07||40.08||-85.955,GID_2745,1,1,1,1,1,1,1,0,VERIFIED_NO_CONFLICT
Morse Reservoir||United States of America (the)||2010-10-07||40.094||-86.041,GID_2735,1,1,1,1,1,1,1,0,VERIFIED_NO_CONFLICT
Morse Reservoir||United States of America (the)||2010-10-07||40.099||-86.037,GID_2734,1,1,1,1,1,1,1,0,VERIFIED_NO_CONFLICT
Morse Reservoir||United States of America (the)||2010-10-07||40.09||-86.04,GID_2736,1,1,1,1,1,1,1,0,VERIFIED_NO_CONFLICT
Morse Reservoir||United States of America (the)||2010-10-07||40.104||-86.039,GID_2733,1,1,1,1,1,1,1,0,VERIFIED_NO_CONFLICT
Morse Reservoir||United States of America (the)||2010-10-07||40.109||-86.04,GID_2732,1,1,1,1,1,1,1,0,VERIFIED_NO_CONFLICT
Morse Reservoir||United States of America (the)||2010-10-07||40.115||-86.034,GID_2731,1,1,1,1,1,1,1,0,VERIFIED_NO_CONFLICT
Morse Reservoir||United States of America (the)||2010-10-07||40.123||-86.029,GID_2729,1,1,1,1,1,1,1,0,VERIFIED_NO_CONFLICT
Morse Reservoir||United States of America (the)||2010-10-07||40.126||-86.025,GID_2728,1,1,1,1,1,1,1,0,VERIFIED_NO_CONFLICT
Morse Reservoir||United States of America (the)||2010-10-07||40.12||-86.031,GID_2730,1,1,1,1,1,1,1,0,VERIFIED_NO_CONFLICT
Morse Reservoir||United States of America (the)||2010-10-07||40.131||-86.022,GID_2727,1,1,1,1,1,1,1,0,VERIFIED_NO_CONFLICT
Mulargia||Italy||2020-09-22||39.618||9.244,GID_1137,1,1,1,1,1,1,1,0,VERIFIED_NO_CONFLICT
Mulargia||Italy||2020-09-22||39.626||9.254,GID_1139,1,1,1,1,1,1,1,0,VERIFIED_NO_CONFLICT
Mulargia||Italy||2020-09-22||39.631||9.214,GID_1138,1,1,1,1,1,1,1,0,VERIFIED_NO_CONFLICT
Mulargia||Italy||2020-09-23||39.607||9.254,GID_1140,1,1,1,1,1,1,1,0,VERIFIED_NO_CONFLICT
Mulargia||Italy||2020-09-23||39.619||9.245,GID_1141,1,1,1,1,1,1,1,0,VERIFIED_NO_CONFLICT
Mulargia||Italy||2020-09-23||39.632||9.214,GID_1142,1,1,1,1,1,1,1,0,VERIFIED_NO_CONFLICT
Mulargia||Italy||2020-09-23||39.6||9.25,GID_1143,1,1,1,1,1,1,1,0,VERIFIED_NO_CONFLICT
Mulargia||Italy||2020-09-24||39.607||9.254,GID_1147,1,1,1,1,1,1,1,0,VERIFIED_NO_CONFLICT
Mulargia||Italy||2020-09-24||39.617||9.233,GID_1145,1,1,1,1,1,1,1,0,VERIFIED_NO_CONFLICT
Mulargia||Italy||2020-09-24||39.633||9.2,GID_1144,1,1,1,1,1,1,1,0,VERIFIED_NO_CONFLICT
Mulargia||Italy||2020-09-24||39.63||9.266,GID_1146,1,1,1,1,1,1,1,0,VERIFIED_NO_CONFLICT
"Murderkill River, DE||United States of America (the)||2004-07-21||39.012||-75.455",GID_4406,1,1,1,1,1,1,1,0,VERIFIED_NO_CONFLICT
"Murderkill River, DE||United States of America (the)||2004-07-21||39.016||-75.435",GID_4404,1,1,1,1,1,1,1,0,VERIFIED_NO_CONFLICT
"Murderkill River, DE||United States of America (the)||2004-07-21||39.033||-75.41",GID_4402,1,1,1,1,1,1,1,0,VERIFIED_NO_CONFLICT
"Murderkill River, DE||United States of America (the)||2004-07-21||39.053||-75.398",GID_4399,1,1,1,1,1,1,1,0,VERIFIED_NO_CONFLICT
"N Rigolets Bayou, MS||United States of America (the)||2003-10-07||30.366||-88.411",GID_5006,1,1,1,1,1,1,1,0,VERIFIED_NO_CONFLICT
NIOZ jetty||Netherlands (the)||2013-08-26||53.002||4.789,GID_7253,1,1,1,1,1,1,1,0,VERIFIED_NO_CONFLICT
Naardermeer-Spookgat||Netherlands (the)||1990-09-03||52.303||5.107,GID_590,1,1,1,1,1,1,1,0,VERIFIED_NO_CONFLICT
"Neuse River, NC||United States of America (the)||2011-07-19||34.975||-76.838",GID_4492,1,1,1,1,1,1,1,0,VERIFIED_NO_CONFLICT
"Neuse River, NC||United States of America (the)||2011-07-19||35.029||-76.942",GID_4493,1,1,1,1,1,1,1,0,VERIFIED_NO_CONFLICT
"Neuse River, NC||United States of America (the)||2011-07-19||35.074||-77.003",GID_4494,1,1,1,1,1,1,1,0,VERIFIED_NO_CONFLICT
"Neuse River, NC||United States of America (the)||2011-07-20||35.135||-77.049",GID_4495,1,1,1,1,1,1,1,0,VERIFIED_NO_CONFLICT
"Neuse River, NC||United States of America (the)||2011-07-20||35.158||-77.076",GID_4496,1,1,1,1,1,1,1,0,VERIFIED_NO_CONFLICT
"Neuse River, NC||United States of America (the)||2011-07-20||35.172||-77.087",GID_4497,1,1,1,1,1,1,1,0,VERIFIED_NO_CONFLICT
"Neuse River, NC||United States of America (the)||2011-07-20||35.192||-77.106",GID_4498,1,1,1,1,1,1,1,0,VERIFIED_NO_CONFLICT
Nightevecht||Netherlands (the)||2013-08-27||52.274||5.023,GID_7258,1,1,1,1,1,1,1,0,VERIFIED_NO_CONFLICT
North Sea||Netherlands (the)||2013-03-08||53.291||3.15,GID_3433;GID_3435,1,1,1,1,1,1,1,0,VERIFIED_NO_CONFLICT
North Sea||Netherlands (the)||2013-03-08||53.317||3.149,GID_3434;GID_3436,1,1,1,1,1,1,1,0,VERIFIED_NO_CONFLICT
North Sea||Netherlands (the)||2013-03-12||53.396||4.513,GID_3460,1,1,1,1,1,1,1,0,VERIFIED_NO_CONFLICT
North Sea||Netherlands (the)||2013-03-12||53.487||4.411,GID_3463,1,1,1,1,1,1,1,0,VERIFIED_NO_CONFLICT
North Sea||Netherlands (the)||2013-03-12||53.577||4.311,GID_3467,1,1,1,1,1,1,1,0,VERIFIED_NO_CONFLICT
North Sea||Netherlands (the)||2013-03-13||53.367||4.571,GID_3473;GID_3475;GID_3476;GID_3478,1,1,1,1,1,1,1,0,VERIFIED_NO_CONFLICT
North Sea||Netherlands (the)||2013-03-13||53.371||4.546,GID_3470,1,1,1,1,1,1,1,0,VERIFIED_NO_CONFLICT
North Sea||Netherlands (the)||2013-03-13||53.548||4.982,GID_3472,1,1,1,1,1,1,1,0,VERIFIED_NO_CONFLICT
North Sea||Netherlands (the)||2013-03-13||53.623||4.897,GID_3474;GID_3477,1,1,1,1,1,1,1,0,VERIFIED_NO_CONFLICT
North Sea||Netherlands (the)||2013-03-14||53.393||4.502,GID_3483,1,1,1,1,1,1,1,0,VERIFIED_NO_CONFLICT
North Sea||Netherlands (the)||2013-03-14||53.419||4.488,GID_3486;GID_3487;GID_3488;GID_3491;GID_3492,1,1,1,1,1,1,1,0,VERIFIED_NO_CONFLICT
North Sea||Netherlands (the)||2013-03-14||53.488||4.421,GID_3489,1,1,1,1,1,1,1,0,VERIFIED_NO_CONFLICT
"Nueces Bay, TX||United States of America (the)||2008-07-17||27.844||-97.51",GID_5155,1,1,1,1,1,1,1,0,VERIFIED_NO_CONFLICT
"Nueces Bay, TX||United States of America (the)||2008-07-17||27.848||-97.388",GID_5150,1,1,1,1,1,1,1,0,VERIFIED_NO_CONFLICT
"Nueces Bay, TX||United States of America (the)||2008-07-17||27.848||-97.425",GID_5152;GID_5153,1,1,1,1,1,1,1,0,VERIFIED_NO_CONFLICT
"Nueces Bay, TX||United States of America (the)||2011-03-10||27.843||-97.385",GID_5146,1,1,1,1,1,1,1,0,VERIFIED_NO_CONFLICT
"Nueces Bay, TX||United States of America (the)||2011-03-10||27.849||-97.428",GID_5154,1,1,1,1,1,1,1,0,VERIFIED_NO_CONFLICT
"Nueces Bay, TX||United States of America (the)||2011-03-10||27.851||-97.407",GID_5151,1,1,1,1,1,1,1,0,VERIFIED_NO_CONFLICT
Ogallala Lake||United States of America (the)||2008-08-02||41.211||-101.64,GID_1194,1,1,1,1,1,1,1,0,VERIFIED_NO_CONFLICT
Ogallala Lake||United States of America (the)||2008-08-02||41.212||-101.666,GID_1190,1,1,1,1,1,1,1,0,VERIFIED_NO_CONFLICT
Ogallala Lake||United States of America (the)||2008-08-02||41.213||-101.663,GID_1191,1,1,1,1,1,1,1,0,VERIFIED_NO_CONFLICT
Ogallala Lake||United States of America (the)||2008-08-02||41.214||-101.638,GID_1193,1,1,1,1,1,1,1,0,VERIFIED_NO_CONFLICT
Ogallala Lake||United States of America (the)||2008-08-02||41.216||-101.655,GID_1192,1,1,1,1,1,1,1,0,VERIFIED_NO_CONFLICT
Ogallala Lake||United States of America (the)||2008-08-02||41.222||-101.664,GID_1189,1,1,1,1,1,1,1,0,VERIFIED_NO_CONFLICT
Ogallala Lake||United States of America (the)||2008-08-02||41.231||-101.665,GID_1188,1,1,1,1,1,1,1,0,VERIFIED_NO_CONFLICT
"Ogeechee River, GA||United States of America (the)||2004-06-18||31.857||-81.142",GID_4665,1,1,1,1,1,1,1,0,VERIFIED_NO_CONFLICT
"Ogeechee River, GA||United States of America (the)||2004-06-18||31.885||-81.157",GID_4666,1,1,1,1,1,1,1,0,VERIFIED_NO_CONFLICT
"Ogeechee River, GA||United States of America (the)||2004-06-18||31.903||-81.227",GID_4703,1,1,1,1,1,1,1,0,VERIFIED_NO_CONFLICT
"Ogeechee River, GA||United States of America (the)||2004-06-18||31.944||-81.287",GID_4741;GID_4743,1,1,1,1,1,1,1,0,VERIFIED_NO_CONFLICT
"Ogeechee River, GA||United States of America (the)||2004-06-18||31.98||-81.298",GID_4754,1,1,1,1,1,1,1,0,VERIFIED_NO_CONFLICT
"Ogeechee River, GA||United States of America (the)||2004-06-18||32.026||-81.325",GID_4778,1,1,1,1,1,1,1,0,VERIFIED_NO_CONFLICT
"Ogeechee River, GA||United States of America (the)||2011-06-07||31.858||-81.098",GID_4655,1,1,1,1,1,1,1,0,VERIFIED_NO_CONFLICT
"Ogeechee River, GA||United States of America (the)||2011-06-09||31.901||-81.228",GID_4704,1,1,1,1,1,1,1,0,VERIFIED_NO_CONFLICT
"Ogeechee River, GA||United States of America (the)||2011-06-10||31.918||-81.265",GID_4717,1,1,1,1,1,1,1,0,VERIFIED_NO_CONFLICT
"Ogeechee River, GA||United States of America (the)||2011-06-11||31.945||-81.28",GID_4733,1,1,1,1,1,1,1,0,VERIFIED_NO_CONFLICT
"Ogeechee River, GA||United States of America (the)||2011-06-12||31.974||-81.287",GID_4739,1,1,1,1,1,1,1,0,VERIFIED_NO_CONFLICT
"Ogeechee River, GA||United States of America (the)||2011-06-13||31.981||-81.306",GID_4762,1,1,1,1,1,1,1,0,VERIFIED_NO_CONFLICT
"Ogeechee River, GA||United States of America (the)||2011-06-14||31.995||-81.31",GID_4766,1,1,1,1,1,1,1,0,VERIFIED_NO_CONFLICT
"Ogeechee River, GA||United States of America (the)||2013-06-29||31.929||-81.257",GID_4716,1,1,1,1,1,1,1,0,VERIFIED_NO_CONFLICT
"Ogeechee River, GA||United States of America (the)||2013-06-29||31.978||-81.322",GID_4774,1,1,1,1,1,1,1,0,VERIFIED_NO_CONFLICT
"Ogeechee River, GA||United States of America (the)||2013-06-29||31.979||-81.292",GID_4747,1,1,1,1,1,1,1,0,VERIFIED_NO_CONFLICT
"Ogeechee River, GA||United States of America (the)||2013-06-29||31.99||-81.308",GID_4763,1,1,1,1,1,1,1,0,VERIFIED_NO_CONFLICT
Ohinewai||New Zealand||2020-07-28||-37.494||175.171,GID_2463,1,1,1,1,1,1,1,0,VERIFIED_NO_CONFLICT
"Osabaw Sound, GA||United States of America (the)||2011-06-06||31.831||-81.036",GID_4640,1,1,1,1,1,1,1,0,VERIFIED_NO_CONFLICT
"Otter Point Creek, MD||United States of America (the)||2005-07-16||39.446||-76.244",GID_4429,1,1,1,1,1,1,1,0,VERIFIED_NO_CONFLICT
"Pamlico Sound, NC||United States of America (the)||2011-07-19||35.051||-76.303",GID_4441,1,1,1,1,1,1,1,0,VERIFIED_NO_CONFLICT
Paringa||New Zealand||2020-02-09||-43.711||169.411,GID_2438,1,1,1,1,1,1,1,0,VERIFIED_NO_CONFLICT
Paringa||New Zealand||2020-02-10||-43.72||169.389,GID_2439,1,1,1,1,1,1,1,0,VERIFIED_NO_CONFLICT
Parnu Bay||Estonia||2017-07-07||58.067||23.951,GID_107,1,1,1,1,1,1,1,0,VERIFIED_NO_CONFLICT
Parnu Bay||Estonia||2017-07-07||58.219||24.308,GID_106,1,1,1,1,1,1,1,0,VERIFIED_NO_CONFLICT
Parnu Bay||Estonia||2017-07-07||58.251||24.446,GID_104,1,1,1,1,1,1,1,0,VERIFIED_NO_CONFLICT
Parnu Bay||Estonia||2017-07-07||58.267||24.319,GID_105,1,1,1,1,1,1,1,0,VERIFIED_NO_CONFLICT
Parnu Bay||Estonia||2017-07-07||58.305||24.354,GID_103,1,1,1,1,1,1,1,0,VERIFIED_NO_CONFLICT
Parnu Bay||Estonia||2017-07-07||58.339||24.417,GID_102,1,1,1,1,1,1,1,0,VERIFIED_NO_CONFLICT
Parnu Bay||Estonia||2017-07-07||58.367||24.462,GID_101,1,1,1,1,1,1,1,0,VERIFIED_NO_CONFLICT
Parnu Bay||Estonia||2018-08-28||58.219||24.306,GID_187,1,1,1,1,1,1,1,0,VERIFIED_NO_CONFLICT
Parnu Bay||Estonia||2018-08-28||58.248||24.448,GID_188,1,1,1,1,1,1,1,0,VERIFIED_NO_CONFLICT
Parnu Bay||Estonia||2018-08-28||58.268||24.316,GID_186,1,1,1,1,1,1,1,0,VERIFIED_NO_CONFLICT
Parnu Bay||Estonia||2018-08-28||58.299||24.476,GID_189,1,1,1,1,1,1,1,0,VERIFIED_NO_CONFLICT
Parnu Bay||Estonia||2018-08-28||58.341||24.42,GID_185,1,1,1,1,1,1,1,0,VERIFIED_NO_CONFLICT
Parnu Bay||Estonia||2018-08-28||58.389||24.471,GID_190,1,1,1,1,1,1,1,0,VERIFIED_NO_CONFLICT
Parnu Bay||Estonia||2018-08-28||58.389||24.493,GID_191,1,1,1,1,1,1,1,0,VERIFIED_NO_CONFLICT
"Patuxent River, MD||United States of America (the)||2005-07-11||38.34||-76.486",GID_4468,1,1,1,1,1,1,1,0,VERIFIED_NO_CONFLICT
"Patuxent River, MD||United States of America (the)||2005-07-12||38.425||-76.602",GID_4487,1,1,1,1,1,1,1,0,VERIFIED_NO_CONFLICT
"Patuxent River, MD||United States of America (the)||2005-07-12||38.5||-76.671",GID_4488,1,1,1,1,1,1,1,0,VERIFIED_NO_CONFLICT
"Patuxent River, MD||United States of America (the)||2005-07-12||38.7||-76.695",GID_4491,1,1,1,1,1,1,1,0,VERIFIED_NO_CONFLICT
Pelican Lake||United States of America (the)||2014-06-26||45.503||-89.195,GID_1401,1,1,1,1,1,1,1,0,VERIFIED_NO_CONFLICT
Pelican Lake||United States of America (the)||2014-06-26||45.511||-89.178,GID_1402,1,1,1,1,1,1,1,0,VERIFIED_NO_CONFLICT
Pelican Lake||United States of America (the)||2014-06-26||45.511||-89.214,GID_1403,1,1,1,1,1,1,1,0,VERIFIED_NO_CONFLICT
Pelican Lake||United States of America (the)||2015-07-31||45.503||-89.194,GID_1498,1,1,1,1,1,1,1,0,VERIFIED_NO_CONFLICT
Pelican Lake||United States of America (the)||2015-07-31||45.513||-89.214,GID_1500,1,1,1,1,1,1,1,0,VERIFIED_NO_CONFLICT
Pelican Lake||United States of America (the)||2015-07-31||45.51||-89.178,GID_1499,1,1,1,1,1,1,1,0,VERIFIED_NO_CONFLICT
Pelican Lake||United States of America (the)||2016-06-29||45.503||-89.196,GID_1543,1,1,1,1,1,1,1,0,VERIFIED_NO_CONFLICT
Pelican Lake||United States of America (the)||2016-06-29||45.511||-89.176,GID_1544,1,1,1,1,1,1,1,0,VERIFIED_NO_CONFLICT
Pelican Lake||United States of America (the)||2016-06-29||45.513||-89.214,GID_1545,1,1,1,1,1,1,1,0,VERIFIED_NO_CONFLICT
Petenwell Lake||United States of America (the)||2014-08-04||44.109||-89.993,GID_1431,1,1,1,1,1,1,1,0,VERIFIED_NO_CONFLICT
Petenwell Lake||United States of America (the)||2014-08-04||44.143||-89.978,GID_1432,1,1,1,1,1,1,1,0,VERIFIED_NO_CONFLICT
Petenwell Lake||United States of America (the)||2014-08-04||44.178||-89.93,GID_1433,1,1,1,1,1,1,1,0,VERIFIED_NO_CONFLICT
Petenwell Lake||United States of America (the)||2015-09-09||44.143||-89.973,GID_1526,1,1,1,1,1,1,1,0,VERIFIED_NO_CONFLICT
Petenwell Lake||United States of America (the)||2015-09-09||44.177||-89.922,GID_1527,1,1,1,1,1,1,1,0,VERIFIED_NO_CONFLICT
Petenwell Lake||United States of America (the)||2015-09-09||44.1||-90.001,GID_1525,1,1,1,1,1,1,1,0,VERIFIED_NO_CONFLICT
Pine Lake||United States of America (the)||2014-06-26||45.678||-88.981,GID_1395,1,1,1,1,1,1,1,0,VERIFIED_NO_CONFLICT
Pine Lake||United States of America (the)||2014-06-26||45.67||-88.988,GID_1397,1,1,1,1,1,1,1,0,VERIFIED_NO_CONFLICT
Pine Lake||United States of America (the)||2014-06-26||45.687||-88.979,GID_1396,1,1,1,1,1,1,1,0,VERIFIED_NO_CONFLICT
Pine Lake||United States of America (the)||2016-06-29||45.669||-88.983,GID_1539,1,1,1,1,1,1,1,0,VERIFIED_NO_CONFLICT
Pine Lake||United States of America (the)||2016-06-29||45.679||-88.979,GID_1537,1,1,1,1,1,1,1,0,VERIFIED_NO_CONFLICT
Pine Lake||United States of America (the)||2016-06-29||45.687||-88.98,GID_1538,1,1,1,1,1,1,1,0,VERIFIED_NO_CONFLICT
Plum Island Estuary||United States of America (the)||2018-06-12||42.734||-70.802,GID_729,1,1,1,1,1,1,1,0,VERIFIED_NO_CONFLICT
Plum Island Estuary||United States of America (the)||2018-06-12||42.738||-70.802,GID_728,1,1,1,1,1,1,1,0,VERIFIED_NO_CONFLICT
Plum Island Estuary||United States of America (the)||2018-06-12||42.747||-70.82,GID_727,1,1,1,1,1,1,1,0,VERIFIED_NO_CONFLICT
Plum Island Estuary||United States of America (the)||2018-06-12||42.759||-70.828,GID_726,1,1,1,1,1,1,1,0,VERIFIED_NO_CONFLICT
Plum Island Estuary||United States of America (the)||2018-06-12||42.762||-70.838,GID_725,1,1,1,1,1,1,1,0,VERIFIED_NO_CONFLICT
Plum Island Estuary||United States of America (the)||2018-06-21||42.692||-70.764,GID_730,1,1,1,1,1,1,1,0,VERIFIED_NO_CONFLICT
Plum Island Estuary||United States of America (the)||2018-06-21||42.694||-70.781,GID_731,1,1,1,1,1,1,1,0,VERIFIED_NO_CONFLICT
Plum Island Estuary||United States of America (the)||2018-06-21||42.711||-70.808,GID_733,1,1,1,1,1,1,1,0,VERIFIED_NO_CONFLICT
Plum Island Estuary||United States of America (the)||2018-06-21||42.71||-70.794,GID_732,1,1,1,1,1,1,1,0,VERIFIED_NO_CONFLICT
Plum Island Estuary||United States of America (the)||2018-06-21||42.72||-70.813,GID_734,1,1,1,1,1,1,1,0,VERIFIED_NO_CONFLICT
Plum Island Estuary||United States of America (the)||2018-07-03||42.725||-70.855,GID_735,1,1,1,1,1,1,1,0,VERIFIED_NO_CONFLICT
Plum Island Estuary||United States of America (the)||2018-07-03||42.727||-70.809,GID_738,1,1,1,1,1,1,1,0,VERIFIED_NO_CONFLICT
Plum Island Estuary||United States of America (the)||2018-07-03||42.729||-70.845,GID_736,1,1,1,1,1,1,1,0,VERIFIED_NO_CONFLICT
Plum Island Estuary||United States of America (the)||2018-07-03||42.732||-70.838,GID_737,1,1,1,1,1,1,1,0,VERIFIED_NO_CONFLICT
Plum Island Estuary||United States of America (the)||2018-07-03||42.742||-70.815,GID_740,1,1,1,1,1,1,1,0,VERIFIED_NO_CONFLICT
Plum Island Estuary||United States of America (the)||2018-07-03||42.75||-70.821,GID_739,1,1,1,1,1,1,1,0,VERIFIED_NO_CONFLICT
Plum Island Estuary||United States of America (the)||2018-07-11||42.725||-70.855,GID_741,1,1,1,1,1,1,1,0,VERIFIED_NO_CONFLICT
Plum Island Estuary||United States of America (the)||2018-07-11||42.763||-70.847,GID_742,1,1,1,1,1,1,1,0,VERIFIED_NO_CONFLICT
Plum Island Estuary||United States of America (the)||2018-07-11||42.79||-70.811,GID_743,1,1,1,1,1,1,1,0,VERIFIED_NO_CONFLICT
Plum Island Estuary||United States of America (the)||2018-07-19||42.813||-70.855,GID_744,1,1,1,1,1,1,1,0,VERIFIED_NO_CONFLICT
Plum Island Estuary||United States of America (the)||2018-07-19||42.813||-70.86,GID_745,1,1,1,1,1,1,1,0,VERIFIED_NO_CONFLICT
Plum Island Estuary||United States of America (the)||2018-07-19||42.817||-70.84,GID_746,1,1,1,1,1,1,1,0,VERIFIED_NO_CONFLICT
Plum Island Estuary||United States of America (the)||2018-07-19||42.81||-70.827,GID_747,1,1,1,1,1,1,1,0,VERIFIED_NO_CONFLICT
"Point Aux Chenes Bay, MS||United States of America (the)||2003-10-07||30.33||-88.415",GID_5007,1,1,1,1,1,1,1,0,VERIFIED_NO_CONFLICT
"Point Aux Chenes Bay, MS||United States of America (the)||2003-10-07||30.352||-88.447",GID_5022,1,1,1,1,1,1,1,0,VERIFIED_NO_CONFLICT
"Point Aux Chenes Bay, MS||United States of America (the)||2009-06-02||30.352||-88.446",GID_5018,1,1,1,1,1,1,1,0,VERIFIED_NO_CONFLICT
Rainbow Flowage||United States of America (the)||2014-06-17||45.857||-89.519,GID_1388,1,1,1,1,1,1,1,0,VERIFIED_NO_CONFLICT
Rainbow Flowage||United States of America (the)||2015-07-22||45.836||-89.54,GID_1486,1,1,1,1,1,1,1,0,VERIFIED_NO_CONFLICT
Rainbow Flowage||United States of America (the)||2015-07-22||45.856||-89.519,GID_1488,1,1,1,1,1,1,1,0,VERIFIED_NO_CONFLICT
Rainbow Flowage||United States of America (the)||2015-07-22||45.878||-89.492,GID_1487,1,1,1,1,1,1,1,0,VERIFIED_NO_CONFLICT
Red River||Viet Nam||2017-11-11||21.223||105.443,GID_3392,1,1,1,1,1,1,1,0,VERIFIED_NO_CONFLICT
Red River||Viet Nam||2017-11-11||21.227||105.349,GID_3411,1,1,1,1,1,1,1,0,VERIFIED_NO_CONFLICT
Red River||Viet Nam||2017-11-11||21.233||105.35,GID_3410,1,1,1,1,1,1,1,0,VERIFIED_NO_CONFLICT
Red River||Viet Nam||2017-11-11||21.239||105.351,GID_3412,1,1,1,1,1,1,1,0,VERIFIED_NO_CONFLICT
Red River||Viet Nam||2017-11-11||21.239||105.446,GID_3391,1,1,1,1,1,1,1,0,VERIFIED_NO_CONFLICT
Red River||Viet Nam||2017-11-11||21.245||105.352,GID_3409,1,1,1,1,1,1,1,0,VERIFIED_NO_CONFLICT
Red River||Viet Nam||2017-11-11||21.248||105.346,GID_3408,1,1,1,1,1,1,1,0,VERIFIED_NO_CONFLICT
Red River||Viet Nam||2017-11-11||21.248||105.347,GID_3407,1,1,1,1,1,1,1,0,VERIFIED_NO_CONFLICT
Red River||Viet Nam||2017-11-11||21.257||105.356,GID_3405,1,1,1,1,1,1,1,0,VERIFIED_NO_CONFLICT
Red River||Viet Nam||2017-11-11||21.25||105.35,GID_3406,1,1,1,1,1,1,1,0,VERIFIED_NO_CONFLICT
Red River||Viet Nam||2017-11-11||21.263||105.356,GID_3404,1,1,1,1,1,1,1,0,VERIFIED_NO_CONFLICT
Red River||Viet Nam||2017-11-11||21.265||105.445,GID_3390,1,1,1,1,1,1,1,0,VERIFIED_NO_CONFLICT
Red River||Viet Nam||2017-11-11||21.268||105.356,GID_3413,1,1,1,1,1,1,1,0,VERIFIED_NO_CONFLICT
Red River||Viet Nam||2017-11-11||21.273||105.443,GID_3393,1,1,1,1,1,1,1,0,VERIFIED_NO_CONFLICT
Red River||Viet Nam||2017-11-11||21.275||105.354,GID_3403,1,1,1,1,1,1,1,0,VERIFIED_NO_CONFLICT
Red River||Viet Nam||2017-11-11||21.279||105.359,GID_3414,1,1,1,1,1,1,1,0,VERIFIED_NO_CONFLICT
Red River||Viet Nam||2017-11-11||21.281||105.435,GID_3394,1,1,1,1,1,1,1,0,VERIFIED_NO_CONFLICT
Red River||Viet Nam||2017-11-11||21.285||105.35,GID_3402,1,1,1,1,1,1,1,0,VERIFIED_NO_CONFLICT
Red River||Viet Nam||2017-11-11||21.286||105.366,GID_3415,1,1,1,1,1,1,1,0,VERIFIED_NO_CONFLICT
Red River||Viet Nam||2017-11-11||21.289||105.429,GID_3395,1,1,1,1,1,1,1,0,VERIFIED_NO_CONFLICT
Red River||Viet Nam||2017-11-11||21.28||105.438,GID_3389,1,1,1,1,1,1,1,0,VERIFIED_NO_CONFLICT
Red River||Viet Nam||2017-11-11||21.291||105.425,GID_3421,1,1,1,1,1,1,1,0,VERIFIED_NO_CONFLICT
Red River||Viet Nam||2017-11-11||21.292||105.374,GID_3416,1,1,1,1,1,1,1,0,VERIFIED_NO_CONFLICT
Red River||Viet Nam||2017-11-11||21.297||105.413,GID_3420,1,1,1,1,1,1,1,0,VERIFIED_NO_CONFLICT
Red River||Viet Nam||2017-11-11||21.299||105.41,GID_3396,1,1,1,1,1,1,1,0,VERIFIED_NO_CONFLICT
Red River||Viet Nam||2017-11-11||21.299||105.441,GID_3388,1,1,1,1,1,1,1,0,VERIFIED_NO_CONFLICT
Red River||Viet Nam||2017-11-11||21.301||105.383,GID_3417,1,1,1,1,1,1,1,0,VERIFIED_NO_CONFLICT
Red River||Viet Nam||2017-11-11||21.301||105.4,GID_3397,1,1,1,1,1,1,1,0,VERIFIED_NO_CONFLICT
Red River||Viet Nam||2017-11-11||21.302||105.356,GID_3401,1,1,1,1,1,1,1,0,VERIFIED_NO_CONFLICT
Red River||Viet Nam||2017-11-11||21.305||105.37,GID_3400,1,1,1,1,1,1,1,0,VERIFIED_NO_CONFLICT
Red River||Viet Nam||2017-11-11||21.305||105.392,GID_3398,1,1,1,1,1,1,1,0,VERIFIED_NO_CONFLICT
Red River||Viet Nam||2017-11-11||21.306||105.388,GID_3418,1,1,1,1,1,1,1,0,VERIFIED_NO_CONFLICT
Red River||Viet Nam||2017-11-11||21.306||105.456,GID_3383,1,1,1,1,1,1,1,0,VERIFIED_NO_CONFLICT
Red River||Viet Nam||2017-11-11||21.307||105.383,GID_3399,1,1,1,1,1,1,1,0,VERIFIED_NO_CONFLICT
Red River||Viet Nam||2017-11-11||21.321||105.449,GID_3384,1,1,1,1,1,1,1,0,VERIFIED_NO_CONFLICT
Red River||Viet Nam||2017-11-11||21.333||105.43,GID_3385,1,1,1,1,1,1,1,0,VERIFIED_NO_CONFLICT
Red River||Viet Nam||2017-11-11||21.345||105.41,GID_3386,1,1,1,1,1,1,1,0,VERIFIED_NO_CONFLICT
Red River||Viet Nam||2017-11-11||21.358||105.396,GID_3387,1,1,1,1,1,1,1,0,VERIFIED_NO_CONFLICT
Red River||Viet Nam||2017-11-11||21.3||105.403,GID_3419,1,1,1,1,1,1,1,0,VERIFIED_NO_CONFLICT
Red River||Viet Nam||2017-11-11||21.3||105.449,GID_3382,1,1,1,1,1,1,1,0,VERIFIED_NO_CONFLICT
"Redfish Bay, TX||United States of America (the)||2008-07-15||27.864||-97.164",GID_5124,1,1,1,1,1,1,1,0,VERIFIED_NO_CONFLICT
"Redfish Bay, TX||United States of America (the)||2008-07-15||27.901||-97.099",GID_5118,1,1,1,1,1,1,1,0,VERIFIED_NO_CONFLICT
"Redfish Bay, TX||United States of America (the)||2008-07-15||27.91||-97.089",GID_5117,1,1,1,1,1,1,1,0,VERIFIED_NO_CONFLICT
"Rhode River, MD||United States of America (the)||2005-07-14||38.866||-76.514",GID_4478,1,1,1,1,1,1,1,0,VERIFIED_NO_CONFLICT
Roatan Island Inshore||Honduras||2002-03-08||16.327||-86.574,GID_4982,1,1,1,1,1,1,1,0,VERIFIED_NO_CONFLICT
Roatan Island Inshore||Honduras||2004-03-10||16.314||-86.534,GID_4980,1,1,1,1,1,1,1,0,VERIFIED_NO_CONFLICT
Roatan Island Inshore||Honduras||2004-03-10||16.354||-86.522,GID_4978,1,1,1,1,1,1,1,0,VERIFIED_NO_CONFLICT
Roatan Island Inshore||Honduras||2006-03-07||16.354||-86.522,GID_4979,1,1,1,1,1,1,1,0,VERIFIED_NO_CONFLICT
Roatan Island Inshore||Honduras||2006-03-08||16.316||-86.585,GID_4986,1,1,1,1,1,1,1,0,VERIFIED_NO_CONFLICT
Roatan Island Offshore||Honduras||2003-03-03||16.323||-86.584,GID_4391,1,1,1,1,1,1,1,0,VERIFIED_NO_CONFLICT
Roatan Island Offshore||Honduras||2003-03-03||16.326||-86.591,GID_4390,1,1,1,1,1,1,1,0,VERIFIED_NO_CONFLICT
Roatan Island Offshore||Honduras||2003-03-04||16.354||-86.523,GID_4393,1,1,1,1,1,1,1,0,VERIFIED_NO_CONFLICT
Roatan Island Offshore||Honduras||2003-03-06||16.268||-86.582,GID_4392,1,1,1,1,1,1,1,0,VERIFIED_NO_CONFLICT
Roatan Island Offshore||Honduras||2004-03-09||16.324||-86.596,GID_4988,1,1,1,1,1,1,1,0,VERIFIED_NO_CONFLICT
Roatan Island Offshore||Honduras||2004-03-11||16.286||-86.544,GID_4981,1,1,1,1,1,1,1,0,VERIFIED_NO_CONFLICT
Roatan Island Offshore||Honduras||2006-03-05||16.323||-86.586,GID_4987,1,1,1,1,1,1,1,0,VERIFIED_NO_CONFLICT
Roatan Island Offshore||Honduras||2006-03-06||16.291||-86.608,GID_4989,1,1,1,1,1,1,1,0,VERIFIED_NO_CONFLICT
Roatan Island Offshore||Honduras||2006-03-09||16.345||-86.581,GID_4984,1,1,1,1,1,1,1,0,VERIFIED_NO_CONFLICT
Roatan Island Offshore||Honduras||2006-03-10||16.331||-86.579,GID_4983,1,1,1,1,1,1,1,0,VERIFIED_NO_CONFLICT
"Roberts Bay, FL||United States of America (the)||2011-07-08||27.11||-82.455",GID_4892,1,1,1,1,1,1,1,0,VERIFIED_NO_CONFLICT
Rock Lake||United States of America (the)||2014-05-18||43.073||-88.928,GID_1377,1,1,1,1,1,1,1,0,VERIFIED_NO_CONFLICT
Rock Lake||United States of America (the)||2014-05-18||43.081||-88.932,GID_1376,1,1,1,1,1,1,1,0,VERIFIED_NO_CONFLICT
Rock Lake||United States of America (the)||2014-05-18||43.088||-88.929,GID_1378,1,1,1,1,1,1,1,0,VERIFIED_NO_CONFLICT
Rock Lake||United States of America (the)||2014-07-21||43.073||-88.929,GID_1415,1,1,1,1,1,1,1,0,VERIFIED_NO_CONFLICT
Rock Lake||United States of America (the)||2014-07-21||43.089||-88.929,GID_1414,1,1,1,1,1,1,1,0,VERIFIED_NO_CONFLICT
Rock Lake||United States of America (the)||2014-07-21||43.08||-88.932,GID_1413,1,1,1,1,1,1,1,0,VERIFIED_NO_CONFLICT
Rock Lake||United States of America (the)||2014-09-23||43.072||-88.929,GID_1452,1,1,1,1,1,1,1,0,VERIFIED_NO_CONFLICT
Rock Lake||United States of America (the)||2014-09-23||43.089||-88.929,GID_1451,1,1,1,1,1,1,1,0,VERIFIED_NO_CONFLICT
Rock Lake||United States of America (the)||2014-09-23||43.08||-88.932,GID_1450,1,1,1,1,1,1,1,0,VERIFIED_NO_CONFLICT
Rock Lake||United States of America (the)||2015-07-08||43.072||-88.928,GID_1464,1,1,1,1,1,1,1,0,VERIFIED_NO_CONFLICT
Rock Lake||United States of America (the)||2015-07-08||43.079||-88.936,GID_1462,1,1,1,1,1,1,1,0,VERIFIED_NO_CONFLICT
Rock Lake||United States of America (the)||2015-07-08||43.088||-88.93,GID_1463,1,1,1,1,1,1,1,0,VERIFIED_NO_CONFLICT
Roodeplaat||South Africa||2016-06-05||-25.625||28.372,GID_7364,1,1,1,1,1,1,1,0,VERIFIED_NO_CONFLICT
Roodeplaat||South Africa||2016-06-05||-25.626||28.374,GID_7365,1,1,1,1,1,1,1,0,VERIFIED_NO_CONFLICT
Roodeplaat||South Africa||2016-06-05||-25.628||28.371,GID_7367,1,1,1,1,1,1,1,0,VERIFIED_NO_CONFLICT
Roodeplaat||South Africa||2016-06-05||-25.628||28.374,GID_7366,1,1,1,1,1,1,1,0,VERIFIED_NO_CONFLICT
Roodeplaat||South Africa||2016-06-06||-25.625||28.372,GID_7368,1,1,1,1,1,1,1,0,VERIFIED_NO_CONFLICT
Roodeplaat||South Africa||2016-06-06||-25.626||28.374,GID_7369,1,1,1,1,1,1,1,0,VERIFIED_NO_CONFLICT
Roodeplaat||South Africa||2016-06-06||-25.628||28.371,GID_7371,1,1,1,1,1,1,1,0,VERIFIED_NO_CONFLICT
Roodeplaat||South Africa||2016-06-06||-25.628||28.374,GID_7370,1,1,1,1,1,1,1,0,VERIFIED_NO_CONFLICT
Roodeplaat||South Africa||2016-10-25||-25.625||28.372,GID_7372,1,1,1,1,1,1,1,0,VERIFIED_NO_CONFLICT
Roodeplaat||South Africa||2016-10-25||-25.63||28.376,GID_7373,1,1,1,1,1,1,1,0,VERIFIED_NO_CONFLICT
Roodeplaat||South Africa||2016-10-29||-25.625||28.372,GID_7374,1,1,1,1,1,1,1,0,VERIFIED_NO_CONFLICT
Roodeplaat||South Africa||2016-10-30||-25.625||28.372,GID_7375,1,1,1,1,1,1,1,0,VERIFIED_NO_CONFLICT
Roodeplaat||South Africa||2016-10-30||-25.63||28.376,GID_7376,1,1,1,1,1,1,1,0,VERIFIED_NO_CONFLICT
Roodeplaat||South Africa||2017-04-10||-25.625||28.372,GID_7385,1,1,1,1,1,1,1,0,VERIFIED_NO_CONFLICT
Roodeplaat||South Africa||2017-04-10||-25.63||28.376,GID_7386,1,1,1,1,1,1,1,0,VERIFIED_NO_CONFLICT
Roodeplaat||South Africa||2017-09-11||-25.625||28.372,GID_7387,1,1,1,1,1,1,1,0,VERIFIED_NO_CONFLICT
Roodeplaat||South Africa||2017-09-11||-25.63||28.376,GID_7388,1,1,1,1,1,1,1,0,VERIFIED_NO_CONFLICT
Rosarito||Spain||2007-07-13||40.102||-5.31,GID_4194,1,1,1,1,1,1,1,0,VERIFIED_NO_CONFLICT
Rosarito||Spain||2007-07-13||40.104||-5.313,GID_4192,1,1,1,1,1,1,1,0,VERIFIED_NO_CONFLICT
Rotognaroiti||New Zealand||2020-07-27||-37.477||175.108,GID_2461,1,1,1,1,1,1,1,0,VERIFIED_NO_CONFLICT
Rotognaro||New Zealand||2020-07-27||-37.485||175.118,GID_2462,1,1,1,1,1,1,1,0,VERIFIED_NO_CONFLICT
Rotoroa||New Zealand||2020-02-12||-41.894||172.663,GID_2445,1,1,1,1,1,1,1,0,VERIFIED_NO_CONFLICT
Rotoroa||New Zealand||2020-02-13||-41.815||172.618,GID_2447,1,1,1,1,1,1,1,0,VERIFIED_NO_CONFLICT
Rotoroa||New Zealand||2020-02-13||-41.855||172.643,GID_2446,1,1,1,1,1,1,1,0,VERIFIED_NO_CONFLICT
Round Lake||United States of America (the)||2015-08-15||45.996||-91.324,GID_1506,1,1,1,1,1,1,1,0,VERIFIED_NO_CONFLICT
Round Lake||United States of America (the)||2015-08-15||46.008||-91.322,GID_1504,1,1,1,1,1,1,1,0,VERIFIED_NO_CONFLICT
Round Lake||United States of America (the)||2015-08-15||46.018||-91.333,GID_1505,1,1,1,1,1,1,1,0,VERIFIED_NO_CONFLICT
Sakatah||United States of America (the)||2018-08-30||44.227||-93.518,GID_3841,1,1,1,1,1,1,1,0,VERIFIED_NO_CONFLICT
"San Antonio Bay, TX||United States of America (the)||2008-07-16||28.206||-96.822",GID_5090,1,1,1,1,1,1,1,0,VERIFIED_NO_CONFLICT
"Sapelo Sound, GA||United States of America (the)||2011-07-28||31.524||-81.115",GID_4658,1,1,1,1,1,1,1,0,VERIFIED_NO_CONFLICT
"Sapelo Sound, GA||United States of America (the)||2011-07-28||31.53||-81.133",GID_4664,1,1,1,1,1,1,1,0,VERIFIED_NO_CONFLICT
"Sapelo Sound, GA||United States of America (the)||2014-11-07||31.541||-81.206",GID_4681,1,1,1,1,1,1,1,0,VERIFIED_NO_CONFLICT
"Sapelo Sound, GA||United States of America (the)||2014-11-07||31.541||-81.207",GID_4690;GID_4693,1,1,1,1,1,1,1,0,VERIFIED_NO_CONFLICT
"Sapelo Sound, GA||United States of America (the)||2014-11-07||31.541||-81.208",GID_4695,1,1,1,1,1,1,1,0,VERIFIED_NO_CONFLICT
"Sapelo Sound, GA||United States of America (the)||2014-11-07||31.542||-81.207",GID_4691,1,1,1,1,1,1,1,0,VERIFIED_NO_CONFLICT
"Sapelo Sound, GA||United States of America (the)||2014-12-08||31.541||-81.207",GID_4683;GID_4684;GID_4685;GID_4686;GID_4687;GID_4688;GID_4689;GID_4692,1,1,1,1,1,1,1,0,VERIFIED_NO_CONFLICT
"Satilla River, GA||United States of America (the)||2011-06-24||30.889||-81.854",GID_4881,1,1,1,1,1,1,1,0,VERIFIED_NO_CONFLICT
"Satilla River, GA||United States of America (the)||2011-06-24||30.905||-81.829",GID_4880,1,1,1,1,1,1,1,0,VERIFIED_NO_CONFLICT
"Satilla River, GA||United States of America (the)||2011-06-24||30.944||-81.819",GID_4879,1,1,1,1,1,1,1,0,VERIFIED_NO_CONFLICT
"Satilla River, GA||United States of America (the)||2011-06-24||30.954||-81.68",GID_4864,1,1,1,1,1,1,1,0,VERIFIED_NO_CONFLICT
"Satilla River, GA||United States of America (the)||2011-06-24||30.969||-81.741",GID_4873,1,1,1,1,1,1,1,0,VERIFIED_NO_CONFLICT
"Satilla River, GA||United States of America (the)||2011-06-24||30.976||-81.573",GID_4832,1,1,1,1,1,1,1,0,VERIFIED_NO_CONFLICT
"Satilla River, GA||United States of America (the)||2011-06-24||30.97||-81.786",GID_4877,1,1,1,1,1,1,1,0,VERIFIED_NO_CONFLICT
"Satilla River, GA||United States of America (the)||2011-06-24||30.984||-81.644",GID_4849,1,1,1,1,1,1,1,0,VERIFIED_NO_CONFLICT
Serpentine North||New Zealand||2020-07-27||-37.942||175.319,GID_2458,1,1,1,1,1,1,1,0,VERIFIED_NO_CONFLICT
Seto-Inland Sea||Japan||2010-07-06||33.273||131.537,GID_4349,1,1,1,1,1,1,1,0,VERIFIED_NO_CONFLICT
Seto-Inland Sea||Japan||2010-07-06||33.312||131.532,GID_4348,1,1,1,1,1,1,1,0,VERIFIED_NO_CONFLICT
Seto-Inland Sea||Japan||2010-07-06||33.332||131.708,GID_4347,1,1,1,1,1,1,1,0,VERIFIED_NO_CONFLICT
Seto-Inland Sea||Japan||2010-07-06||33.48||131.84,GID_4345,1,1,1,1,1,1,1,0,VERIFIED_NO_CONFLICT
Seto-Inland Sea||Japan||2010-07-07||33.603||131.745,GID_4344,1,1,1,1,1,1,1,0,VERIFIED_NO_CONFLICT
Seto-Inland Sea||Japan||2010-07-07||33.667||131.364,GID_4340,1,1,1,1,1,1,1,0,VERIFIED_NO_CONFLICT
Seto-Inland Sea||Japan||2010-07-07||33.695||131.229,GID_4338,1,1,1,1,1,1,1,0,VERIFIED_NO_CONFLICT
Seto-Inland Sea||Japan||2010-07-07||33.705||131.498,GID_4341,1,1,1,1,1,1,1,0,VERIFIED_NO_CONFLICT
Seto-Inland Sea||Japan||2010-07-07||33.73||131.708,GID_4343,1,1,1,1,1,1,1,0,VERIFIED_NO_CONFLICT
Seto-Inland Sea||Japan||2010-07-07||33.768||131.284,GID_4339,1,1,1,1,1,1,1,0,VERIFIED_NO_CONFLICT
Seto-Inland Sea||Japan||2010-07-07||33.775||131.538,GID_4342,1,1,1,1,1,1,1,0,VERIFIED_NO_CONFLICT
Seto-Inland Sea||Japan||2010-08-03||33.268||131.603,GID_4367,1,1,1,1,1,1,1,0,VERIFIED_NO_CONFLICT
Seto-Inland Sea||Japan||2010-08-03||33.27||131.863,GID_4363,1,1,1,1,1,1,1,0,VERIFIED_NO_CONFLICT
Seto-Inland Sea||Japan||2010-08-03||33.285||131.71,GID_4366,1,1,1,1,1,1,1,0,VERIFIED_NO_CONFLICT
Seto-Inland Sea||Japan||2010-08-03||33.312||131.532,GID_4369,1,1,1,1,1,1,1,0,VERIFIED_NO_CONFLICT
Seto-Inland Sea||Japan||2010-08-03||33.332||131.708,GID_4365,1,1,1,1,1,1,1,0,VERIFIED_NO_CONFLICT
Seto-Inland Sea||Japan||2010-08-03||33.338||131.597,GID_4368,1,1,1,1,1,1,1,0,VERIFIED_NO_CONFLICT
Seto-Inland Sea||Japan||2010-08-03||33.39||131.707,GID_4364,1,1,1,1,1,1,1,0,VERIFIED_NO_CONFLICT
Seto-Inland Sea||Japan||2010-08-04||33.473||131.772,GID_4359,1,1,1,1,1,1,1,0,VERIFIED_NO_CONFLICT
Seto-Inland Sea||Japan||2010-08-04||33.603||131.745,GID_4358,1,1,1,1,1,1,1,0,VERIFIED_NO_CONFLICT
Seto-Inland Sea||Japan||2010-08-04||33.695||131.229,GID_4350,1,1,1,1,1,1,1,0,VERIFIED_NO_CONFLICT
Seto-Inland Sea||Japan||2010-08-04||33.705||131.498,GID_4353,1,1,1,1,1,1,1,0,VERIFIED_NO_CONFLICT
Seto-Inland Sea||Japan||2010-08-04||33.707||131.364,GID_4352,1,1,1,1,1,1,1,0,VERIFIED_NO_CONFLICT
Seto-Inland Sea||Japan||2010-08-04||33.73||131.708,GID_4355,1,1,1,1,1,1,1,0,VERIFIED_NO_CONFLICT
Seto-Inland Sea||Japan||2010-08-04||33.768||131.284,GID_4351,1,1,1,1,1,1,1,0,VERIFIED_NO_CONFLICT
Seto-Inland Sea||Japan||2010-08-04||33.775||131.538,GID_4354,1,1,1,1,1,1,1,0,VERIFIED_NO_CONFLICT
Seto-Inland Sea||Japan||2010-08-05||33.342||131.967,GID_4370,1,1,1,1,1,1,1,0,VERIFIED_NO_CONFLICT
Seto-Inland Sea||Japan||2010-08-05||33.415||131.843,GID_4362,1,1,1,1,1,1,1,0,VERIFIED_NO_CONFLICT
Seto-Inland Sea||Japan||2010-08-05||33.427||131.982,GID_4361,1,1,1,1,1,1,1,0,VERIFIED_NO_CONFLICT
Seto-Inland Sea||Japan||2010-08-05||33.487||131.908,GID_4360,1,1,1,1,1,1,1,0,VERIFIED_NO_CONFLICT
Seto-Inland Sea||Japan||2010-08-05||33.617||131.888,GID_4357,1,1,1,1,1,1,1,0,VERIFIED_NO_CONFLICT
Seto-Inland Sea||Japan||2010-08-05||33.743||131.865,GID_4356,1,1,1,1,1,1,1,0,VERIFIED_NO_CONFLICT
Seto-Inland Sea||Japan||2010-09-13||33.268||131.603,GID_4386,1,1,1,1,1,1,1,0,VERIFIED_NO_CONFLICT
Seto-Inland Sea||Japan||2010-09-13||33.273||131.537,GID_4389,1,1,1,1,1,1,1,0,VERIFIED_NO_CONFLICT
Seto-Inland Sea||Japan||2010-09-14||33.307||131.602,GID_4387,1,1,1,1,1,1,1,0,VERIFIED_NO_CONFLICT
Seto-Inland Sea||Japan||2010-09-14||33.312||131.532,GID_4388,1,1,1,1,1,1,1,0,VERIFIED_NO_CONFLICT
Seto-Inland Sea||Japan||2010-09-14||33.332||131.708,GID_4385,1,1,1,1,1,1,1,0,VERIFIED_NO_CONFLICT
Seto-Inland Sea||Japan||2010-09-14||33.332||131.78,GID_4384,1,1,1,1,1,1,1,0,VERIFIED_NO_CONFLICT
Seto-Inland Sea||Japan||2010-09-14||33.473||131.772,GID_4381,1,1,1,1,1,1,1,0,VERIFIED_NO_CONFLICT
Seto-Inland Sea||Japan||2010-09-14||33.487||131.908,GID_4382,1,1,1,1,1,1,1,0,VERIFIED_NO_CONFLICT
Seto-Inland Sea||Japan||2010-09-15||33.667||131.364,GID_4374,1,1,1,1,1,1,1,0,VERIFIED_NO_CONFLICT
Seto-Inland Sea||Japan||2010-09-15||33.695||131.229,GID_4371,1,1,1,1,1,1,1,0,VERIFIED_NO_CONFLICT
Seto-Inland Sea||Japan||2010-09-15||33.705||131.498,GID_4375,1,1,1,1,1,1,1,0,VERIFIED_NO_CONFLICT
Seto-Inland Sea||Japan||2010-09-15||33.73||131.708,GID_4377,1,1,1,1,1,1,1,0,VERIFIED_NO_CONFLICT
Seto-Inland Sea||Japan||2010-09-15||33.757||131.364,GID_4373,1,1,1,1,1,1,1,0,VERIFIED_NO_CONFLICT
Seto-Inland Sea||Japan||2010-09-15||33.768||131.284,GID_4372,1,1,1,1,1,1,1,0,VERIFIED_NO_CONFLICT
Seto-Inland Sea||Japan||2010-09-15||33.775||131.538,GID_4376,1,1,1,1,1,1,1,0,VERIFIED_NO_CONFLICT
Seto-Inland Sea||Japan||2010-09-16||33.427||131.982,GID_4383,1,1,1,1,1,1,1,0,VERIFIED_NO_CONFLICT
Seto-Inland Sea||Japan||2010-09-16||33.617||131.888,GID_4379,1,1,1,1,1,1,1,0,VERIFIED_NO_CONFLICT
Seto-Inland Sea||Japan||2010-09-16||33.61||131.817,GID_4380,1,1,1,1,1,1,1,0,VERIFIED_NO_CONFLICT
Seto-Inland Sea||Japan||2010-09-16||33.743||131.865,GID_4378,1,1,1,1,1,1,1,0,VERIFIED_NO_CONFLICT
Shawano Lake||United States of America (the)||2014-09-14||44.808||-88.514,GID_1447,1,1,1,1,1,1,1,0,VERIFIED_NO_CONFLICT
Shawano Lake||United States of America (the)||2014-09-14||44.809||-88.542,GID_1448,1,1,1,1,1,1,1,0,VERIFIED_NO_CONFLICT
Shawano Lake||United States of America (the)||2014-09-14||44.816||-88.486,GID_1449,1,1,1,1,1,1,1,0,VERIFIED_NO_CONFLICT
Shirakaba||Japan||2018-08-29||36.104||138.232,GID_3144,1,1,1,1,1,1,1,0,VERIFIED_NO_CONFLICT
Shirakaba||Japan||2018-08-29||36.107||138.238,GID_3145,1,1,1,1,1,1,1,0,VERIFIED_NO_CONFLICT
Soai Rap River||Viet Nam||2014-06-19||10.527||106.748,GID_1959,1,1,1,1,1,1,1,0,VERIFIED_NO_CONFLICT
Soai Rap River||Viet Nam||2014-06-19||10.583||106.752,GID_1958,1,1,1,1,1,1,1,0,VERIFIED_NO_CONFLICT
Soai Rap River||Viet Nam||2014-06-19||10.638||106.77,GID_1957,1,1,1,1,1,1,1,0,VERIFIED_NO_CONFLICT
Soai Rap River||Viet Nam||2014-06-27||10.561||106.898,GID_2010,1,1,1,1,1,1,1,0,VERIFIED_NO_CONFLICT
Soai Rap River||Viet Nam||2014-06-27||10.56||106.834,GID_2011,1,1,1,1,1,1,1,0,VERIFIED_NO_CONFLICT
Soai Rap River||Viet Nam||2014-06-27||10.671||106.787,GID_2012,1,1,1,1,1,1,1,0,VERIFIED_NO_CONFLICT
South China Sea||Viet Nam||2014-06-20||10.208||107.216,GID_1969,1,1,1,1,1,1,1,0,VERIFIED_NO_CONFLICT
South China Sea||Viet Nam||2014-06-20||10.244||107.045,GID_1967,1,1,1,1,1,1,1,0,VERIFIED_NO_CONFLICT
South China Sea||Viet Nam||2014-06-20||10.24||107.106,GID_1968,1,1,1,1,1,1,1,0,VERIFIED_NO_CONFLICT
South China Sea||Viet Nam||2014-06-21||10.042||107.032,GID_1973,1,1,1,1,1,1,1,0,VERIFIED_NO_CONFLICT
South China Sea||Viet Nam||2014-06-21||10.058||106.917,GID_1972,1,1,1,1,1,1,1,0,VERIFIED_NO_CONFLICT
South China Sea||Viet Nam||2014-06-21||10.074||106.966,GID_1971,1,1,1,1,1,1,1,0,VERIFIED_NO_CONFLICT
South China Sea||Viet Nam||2014-06-21||10.125||106.988,GID_1970,1,1,1,1,1,1,1,0,VERIFIED_NO_CONFLICT
South China Sea||Viet Nam||2014-06-21||9.963||106.866,GID_1974,1,1,1,1,1,1,1,0,VERIFIED_NO_CONFLICT
South China Sea||Viet Nam||2014-06-22||9.752||107.005,GID_1986,1,1,1,1,1,1,1,0,VERIFIED_NO_CONFLICT
South China Sea||Viet Nam||2014-06-22||9.762||106.91,GID_1987,1,1,1,1,1,1,1,0,VERIFIED_NO_CONFLICT
South China Sea||Viet Nam||2014-06-22||9.76||106.742,GID_1989,1,1,1,1,1,1,1,0,VERIFIED_NO_CONFLICT
South China Sea||Viet Nam||2014-06-22||9.76||106.82,GID_1988,1,1,1,1,1,1,1,0,VERIFIED_NO_CONFLICT
South China Sea||Viet Nam||2014-06-23||9.389||106.47,GID_1996,1,1,1,1,1,1,1,0,VERIFIED_NO_CONFLICT
South China Sea||Viet Nam||2014-06-23||9.489||106.513,GID_1994;GID_1995,1,1,1,1,1,1,1,0,VERIFIED_NO_CONFLICT
South China Sea||Viet Nam||2014-06-23||9.574||106.627,GID_1993,1,1,1,1,1,1,1,0,VERIFIED_NO_CONFLICT
South China Sea||Viet Nam||2014-06-23||9.613||106.682,GID_1991,1,1,1,1,1,1,1,0,VERIFIED_NO_CONFLICT
South China Sea||Viet Nam||2014-06-23||9.642||106.709,GID_1990,1,1,1,1,1,1,1,0,VERIFIED_NO_CONFLICT
South China Sea||Viet Nam||2014-06-24||9.166||106.801,GID_1997,1,1,1,1,1,1,1,0,VERIFIED_NO_CONFLICT
South China Sea||Viet Nam||2014-06-24||9.204||106.761,GID_1998,1,1,1,1,1,1,1,0,VERIFIED_NO_CONFLICT
South China Sea||Viet Nam||2014-06-24||9.251||106.692,GID_1999,1,1,1,1,1,1,1,0,VERIFIED_NO_CONFLICT
South China Sea||Viet Nam||2014-06-24||9.305||106.629,GID_2000,1,1,1,1,1,1,1,0,VERIFIED_NO_CONFLICT
South China Sea||Viet Nam||2014-06-24||9.341||106.562,GID_2001,1,1,1,1,1,1,1,0,VERIFIED_NO_CONFLICT
South China Sea||Viet Nam||2014-06-25||9.06||106.416,GID_2005,1,1,1,1,1,1,1,0,VERIFIED_NO_CONFLICT
South China Sea||Viet Nam||2014-06-25||9.161||106.368,GID_2004,1,1,1,1,1,1,1,0,VERIFIED_NO_CONFLICT
South China Sea||Viet Nam||2014-06-25||9.335||106.383,GID_2003,1,1,1,1,1,1,1,0,VERIFIED_NO_CONFLICT
South China Sea||Viet Nam||2014-06-25||9.37||106.441,GID_2002,1,1,1,1,1,1,1,0,VERIFIED_NO_CONFLICT
South China Sea||Viet Nam||2014-06-26||8.718||106.662,GID_2006,1,1,1,1,1,1,1,0,VERIFIED_NO_CONFLICT
South China Sea||Viet Nam||2014-06-26||8.905||106.727,GID_2007,1,1,1,1,1,1,1,0,VERIFIED_NO_CONFLICT
South China Sea||Viet Nam||2014-06-26||9.05||106.765,GID_2008,1,1,1,1,1,1,1,0,VERIFIED_NO_CONFLICT
South China Sea||Viet Nam||2014-06-26||9.786||106.798,GID_2009,1,1,1,1,1,1,1,0,VERIFIED_NO_CONFLICT
South China Sea||Viet Nam||2015-04-18||11.256||108.898,GID_2070,1,1,1,1,1,1,1,0,VERIFIED_NO_CONFLICT
South China Sea||Viet Nam||2015-04-18||11.27||108.883,GID_2071,1,1,1,1,1,1,1,0,VERIFIED_NO_CONFLICT
South China Sea||Viet Nam||2015-04-18||11.282||108.87,GID_2072,1,1,1,1,1,1,1,0,VERIFIED_NO_CONFLICT
South China Sea||Viet Nam||2015-04-18||11.295||108.858,GID_2073,1,1,1,1,1,1,1,0,VERIFIED_NO_CONFLICT
South China Sea||Viet Nam||2015-04-19||11.522||109.175,GID_2075,1,1,1,1,1,1,1,0,VERIFIED_NO_CONFLICT
South China Sea||Viet Nam||2015-04-19||11.579||109.055,GID_2074,1,1,1,1,1,1,1,0,VERIFIED_NO_CONFLICT
South China Sea||Viet Nam||2015-04-20||11.578||109.188,GID_2076;GID_2077,1,1,1,1,1,1,1,0,VERIFIED_NO_CONFLICT
South China Sea||Viet Nam||2015-04-20||11.588||109.189,GID_2078,1,1,1,1,1,1,1,0,VERIFIED_NO_CONFLICT
South China Sea||Viet Nam||2015-04-20||11.592||109.169,GID_2079,1,1,1,1,1,1,1,0,VERIFIED_NO_CONFLICT
South China Sea||Viet Nam||2015-04-20||11.596||109.151,GID_2080,1,1,1,1,1,1,1,0,VERIFIED_NO_CONFLICT
South China Sea||Viet Nam||2015-04-21||11.666||109.252,GID_2081,1,1,1,1,1,1,1,0,VERIFIED_NO_CONFLICT
South China Sea||Viet Nam||2015-04-21||11.669||109.235,GID_2082,1,1,1,1,1,1,1,0,VERIFIED_NO_CONFLICT
South China Sea||Viet Nam||2015-04-21||11.675||109.219,GID_2083,1,1,1,1,1,1,1,0,VERIFIED_NO_CONFLICT
South China Sea||Viet Nam||2015-04-21||11.686||109.203,GID_2084,1,1,1,1,1,1,1,0,VERIFIED_NO_CONFLICT
South China Sea||Viet Nam||2015-04-21||11.689||109.194,GID_2085,1,1,1,1,1,1,1,0,VERIFIED_NO_CONFLICT
"South End Ceek, GA||United States of America (the)||2003-01-08||31.396||-81.28",GID_4732,1,1,1,1,1,1,1,0,VERIFIED_NO_CONFLICT
"South River, MD||United States of America (the)||2005-07-14||38.923||-76.509",GID_4476,1,1,1,1,1,1,1,0,VERIFIED_NO_CONFLICT
Spiegel- en Blijkpolderplas||Netherlands (the)||1990-08-28||52.263||5.06,GID_608,1,1,1,1,1,1,1,0,VERIFIED_NO_CONFLICT
Spiegel- en Blijkpolderplas||Netherlands (the)||1990-08-28||52.274||5.065,GID_609,1,1,1,1,1,1,1,0,VERIFIED_NO_CONFLICT
Spirit River Flowage||United States of America (the)||2015-07-21||45.442||-89.746,GID_1477,1,1,1,1,1,1,1,0,VERIFIED_NO_CONFLICT
Spirit River Flowage||United States of America (the)||2015-07-21||45.445||-89.802,GID_1479,1,1,1,1,1,1,1,0,VERIFIED_NO_CONFLICT
Spirit River Flowage||United States of America (the)||2015-07-21||45.447||-89.769,GID_1478,1,1,1,1,1,1,1,0,VERIFIED_NO_CONFLICT
"St. Helena Sound, SC||United States of America (the)||2003-06-10||32.447||-80.46",GID_4554,1,1,1,1,1,1,1,0,VERIFIED_NO_CONFLICT
"St. Helena Sound, SC||United States of America (the)||2003-06-10||32.463||-80.443",GID_4550,1,1,1,1,1,1,1,0,VERIFIED_NO_CONFLICT
"St. Helena Sound, SC||United States of America (the)||2003-06-10||32.486||-80.478",GID_4558,1,1,1,1,1,1,1,0,VERIFIED_NO_CONFLICT
"St. Helena Sound, SC||United States of America (the)||2003-06-11||32.433||-80.377",GID_4535,1,1,1,1,1,1,1,0,VERIFIED_NO_CONFLICT
"St. Helena Sound, SC||United States of America (the)||2003-06-11||32.455||-80.374",GID_4534,1,1,1,1,1,1,1,0,VERIFIED_NO_CONFLICT
"St. Johns River, FL||United States of America (the)||2011-06-28||29.488||-81.68",GID_4865,1,1,1,1,1,1,1,0,VERIFIED_NO_CONFLICT
"St. Johns River, FL||United States of America (the)||2011-06-28||29.536||-81.697",GID_4870,1,1,1,1,1,1,1,0,VERIFIED_NO_CONFLICT
"St. Johns River, FL||United States of America (the)||2011-06-28||29.595||-81.679",GID_4862,1,1,1,1,1,1,1,0,VERIFIED_NO_CONFLICT
"St. Johns River, FL||United States of America (the)||2011-06-28||29.644||-81.631",GID_4844,1,1,1,1,1,1,1,0,VERIFIED_NO_CONFLICT
"St. Johns River, FL||United States of America (the)||2011-06-29||30.073||-81.681",GID_4866;GID_4867,1,1,1,1,1,1,1,0,VERIFIED_NO_CONFLICT
"St. Johns River, FL||United States of America (the)||2013-06-30||30.169||-81.674",GID_4855,1,1,1,1,1,1,1,0,VERIFIED_NO_CONFLICT
"St. Jones River, DE||United States of America (the)||2004-07-22||39.066||-75.404",GID_4400,1,1,1,1,1,1,1,0,VERIFIED_NO_CONFLICT
"St. Jones River, DE||United States of America (the)||2004-07-22||39.072||-75.409",GID_4401,1,1,1,1,1,1,1,0,VERIFIED_NO_CONFLICT
"St. Jones River, DE||United States of America (the)||2004-07-22||39.077||-75.439",GID_4405,1,1,1,1,1,1,1,0,VERIFIED_NO_CONFLICT
"St. Jones River, DE||United States of America (the)||2004-07-22||39.07||-75.419",GID_4403,1,1,1,1,1,1,1,0,VERIFIED_NO_CONFLICT
"St. Jones River, DE||United States of America (the)||2004-07-22||39.085||-75.461",GID_4407,1,1,1,1,1,1,1,0,VERIFIED_NO_CONFLICT
"St. Jones River, DE||United States of America (the)||2004-07-22||39.104||-75.473",GID_4408,1,1,1,1,1,1,1,0,VERIFIED_NO_CONFLICT
"St. Jones River, DE||United States of America (the)||2004-07-22||39.115||-75.499",GID_4409,1,1,1,1,1,1,1,0,VERIFIED_NO_CONFLICT
"St. Jones River, DE||United States of America (the)||2004-07-22||39.146||-75.512",GID_4410,1,1,1,1,1,1,1,0,VERIFIED_NO_CONFLICT
"St. Leonard Creek, MD||United States of America (the)||2005-07-11||38.394||-76.503",GID_4473,1,1,1,1,1,1,1,0,VERIFIED_NO_CONFLICT
"St. Marys River, GA||United States of America (the)||2003-01-09||30.719||-81.593",GID_4834,1,1,1,1,1,1,1,0,VERIFIED_NO_CONFLICT
"St. Marys River, GA||United States of America (the)||2003-01-09||30.725||-81.606",GID_4838,1,1,1,1,1,1,1,0,VERIFIED_NO_CONFLICT
"St. Marys River, GA||United States of America (the)||2003-01-09||30.72||-81.551",GID_4828,1,1,1,1,1,1,1,0,VERIFIED_NO_CONFLICT
"St. Marys River, GA||United States of America (the)||2003-01-09||30.73||-81.604",GID_4837,1,1,1,1,1,1,1,0,VERIFIED_NO_CONFLICT
"St. Marys River, GA||United States of America (the)||2003-01-09||30.749||-81.657",GID_4851,1,1,1,1,1,1,1,0,VERIFIED_NO_CONFLICT
"St. Marys River, GA||United States of America (the)||2003-08-09||30.711||-81.558",GID_4830,1,1,1,1,1,1,1,0,VERIFIED_NO_CONFLICT
"St. Marys River, GA||United States of America (the)||2003-08-09||30.714||-81.534",GID_4824,1,1,1,1,1,1,1,0,VERIFIED_NO_CONFLICT
"St. Marys River, GA||United States of America (the)||2003-08-09||30.71||-81.461",GID_4813,1,1,1,1,1,1,1,0,VERIFIED_NO_CONFLICT
"St. Marys River, GA||United States of America (the)||2003-08-09||30.721||-81.48",GID_4820,1,1,1,1,1,1,1,0,VERIFIED_NO_CONFLICT
"St. Marys River, GA||United States of America (the)||2003-08-09||30.723||-81.506",GID_4823,1,1,1,1,1,1,1,0,VERIFIED_NO_CONFLICT
"St. Marys River, GA||United States of America (the)||2003-08-09||30.723||-81.615",GID_4841,1,1,1,1,1,1,1,0,VERIFIED_NO_CONFLICT
"St. Marys River, GA||United States of America (the)||2007-03-12||30.713||-81.543",GID_4827,1,1,1,1,1,1,1,0,VERIFIED_NO_CONFLICT
"St. Marys River, GA||United States of America (the)||2007-03-12||30.723||-81.578",GID_4833,1,1,1,1,1,1,1,0,VERIFIED_NO_CONFLICT
"St. Marys River, GA||United States of America (the)||2007-03-12||30.723||-81.606",GID_4839,1,1,1,1,1,1,1,0,VERIFIED_NO_CONFLICT
"St. Marys River, GA||United States of America (the)||2007-03-12||30.732||-81.639",GID_4846;GID_4847,1,1,1,1,1,1,1,0,VERIFIED_NO_CONFLICT
"St. Marys River, GA||United States of America (the)||2007-03-12||30.749||-81.73",GID_4872,1,1,1,1,1,1,1,0,VERIFIED_NO_CONFLICT
"St. Marys River, GA||United States of America (the)||2007-03-12||30.762||-81.78",GID_4876,1,1,1,1,1,1,1,0,VERIFIED_NO_CONFLICT
"St. Marys River, GA||United States of America (the)||2014-08-07||30.717||-81.562",GID_4831,1,1,1,1,1,1,1,0,VERIFIED_NO_CONFLICT
"St. Marys River, GA||United States of America (the)||2014-08-07||30.723||-81.505",GID_4822,1,1,1,1,1,1,1,0,VERIFIED_NO_CONFLICT
"St. Marys River, GA||United States of America (the)||2014-08-07||30.724||-81.551",GID_4829,1,1,1,1,1,1,1,0,VERIFIED_NO_CONFLICT
"St. Marys River, GA||United States of America (the)||2014-08-07||30.743||-81.652",GID_4850,1,1,1,1,1,1,1,0,VERIFIED_NO_CONFLICT
"St. Marys River, GA||United States of America (the)||2014-08-07||30.787||-81.795",GID_4878,1,1,1,1,1,1,1,0,VERIFIED_NO_CONFLICT
"St. Pierre Creek, SC||United States of America (the)||2003-06-13||32.539||-80.349",GID_4519;GID_4520;GID_4521;GID_4522;GID_4523;GID_4524;GID_4525;GID_4526,1,1,1,1,1,1,1,0,VERIFIED_NO_CONFLICT
"St. Simons Sound, GA||United States of America (the)||2014-11-06||31.131||-81.398",GID_4797,1,1,1,1,1,1,1,0,VERIFIED_NO_CONFLICT
Suwa||Japan||2015-07-15||36.042||138.099,GID_3134,1,1,1,1,1,1,1,0,VERIFIED_NO_CONFLICT
Suwa||Japan||2015-07-15||36.053||138.057,GID_3131,1,1,1,1,1,1,1,0,VERIFIED_NO_CONFLICT
Suwa||Japan||2015-07-15||36.059||138.073,GID_3132,1,1,1,1,1,1,1,0,VERIFIED_NO_CONFLICT
Suwa||Japan||2015-07-15||36.05||138.084,GID_3130,1,1,1,1,1,1,1,0,VERIFIED_NO_CONFLICT
Suwa||Japan||2015-07-15||36.05||138.085,GID_3129,1,1,1,1,1,1,1,0,VERIFIED_NO_CONFLICT
Suwa||Japan||2015-07-15||36.061||138.102,GID_3133,1,1,1,1,1,1,1,0,VERIFIED_NO_CONFLICT
Suwa||Japan||2018-08-30||36.051||138.063,GID_3137,1,1,1,1,1,1,1,0,VERIFIED_NO_CONFLICT
Suwa||Japan||2018-08-30||36.05||138.086,GID_3136,1,1,1,1,1,1,1,0,VERIFIED_NO_CONFLICT
Suwa||Japan||2018-08-30||36.061||138.096,GID_3135,1,1,1,1,1,1,1,0,VERIFIED_NO_CONFLICT
Taihu||China||2008-10-06||31.382||120.133,GID_2753,1,1,1,1,1,1,1,0,VERIFIED_NO_CONFLICT
Taihu||China||2008-10-06||31.398||120.188,GID_2754,1,1,1,1,1,1,1,0,VERIFIED_NO_CONFLICT
Taihu||China||2008-10-06||31.421||120.145,GID_2752,1,1,1,1,1,1,1,0,VERIFIED_NO_CONFLICT
Taihu||China||2008-10-06||31.422||120.176,GID_2747,1,1,1,1,1,1,1,0,VERIFIED_NO_CONFLICT
Taihu||China||2008-10-06||31.449||120.154,GID_2751,1,1,1,1,1,1,1,0,VERIFIED_NO_CONFLICT
Taihu||China||2008-10-06||31.476||120.164,GID_2750,1,1,1,1,1,1,1,0,VERIFIED_NO_CONFLICT
Taihu||China||2008-10-06||31.482||120.198,GID_2748,1,1,1,1,1,1,1,0,VERIFIED_NO_CONFLICT
Taihu||China||2008-10-06||31.505||120.173,GID_2749,1,1,1,1,1,1,1,0,VERIFIED_NO_CONFLICT
Taihu||China||2008-10-07||31.342||120.245,GID_2765,1,1,1,1,1,1,1,0,VERIFIED_NO_CONFLICT
Taihu||China||2008-10-07||31.369||120.272,GID_2764,1,1,1,1,1,1,1,0,VERIFIED_NO_CONFLICT
Taihu||China||2008-10-07||31.389||120.319,GID_2762,1,1,1,1,1,1,1,0,VERIFIED_NO_CONFLICT
Taihu||China||2008-10-07||31.38||120.226,GID_2756,1,1,1,1,1,1,1,0,VERIFIED_NO_CONFLICT
Taihu||China||2008-10-07||31.38||120.293,GID_2763,1,1,1,1,1,1,1,0,VERIFIED_NO_CONFLICT
Taihu||China||2008-10-07||31.392||120.2,GID_2755,1,1,1,1,1,1,1,0,VERIFIED_NO_CONFLICT
Taihu||China||2008-10-07||31.393||120.343,GID_2761,1,1,1,1,1,1,1,0,VERIFIED_NO_CONFLICT
Taihu||China||2008-10-07||31.39||120.255,GID_2757,1,1,1,1,1,1,1,0,VERIFIED_NO_CONFLICT
Taihu||China||2008-10-07||31.403||120.283,GID_2758,1,1,1,1,1,1,1,0,VERIFIED_NO_CONFLICT
Taihu||China||2008-10-07||31.413||120.344,GID_2760,1,1,1,1,1,1,1,0,VERIFIED_NO_CONFLICT
Taihu||China||2008-10-07||31.416||120.311,GID_2759,1,1,1,1,1,1,1,0,VERIFIED_NO_CONFLICT
Taihu||China||2008-10-08||31.278||120.28,GID_2783,1,1,1,1,1,1,1,0,VERIFIED_NO_CONFLICT
Taihu||China||2008-10-08||31.294||120.265,GID_2782,1,1,1,1,1,1,1,0,VERIFIED_NO_CONFLICT
Taihu||China||2008-10-08||31.296||120.302,GID_2784,1,1,1,1,1,1,1,0,VERIFIED_NO_CONFLICT
Taihu||China||2008-10-08||31.316||120.249,GID_2780,1,1,1,1,1,1,1,0,VERIFIED_NO_CONFLICT
Taihu||China||2008-10-08||31.316||120.26,GID_2779,1,1,1,1,1,1,1,0,VERIFIED_NO_CONFLICT
Taihu||China||2008-10-08||31.318||120.257,GID_2778,1,1,1,1,1,1,1,0,VERIFIED_NO_CONFLICT
Taihu||China||2008-10-08||31.319||120.249,GID_2781,1,1,1,1,1,1,1,0,VERIFIED_NO_CONFLICT
Taihu||China||2008-10-08||31.323||120.249,GID_2774,1,1,1,1,1,1,1,0,VERIFIED_NO_CONFLICT
Taihu||China||2008-10-08||31.323||120.252,GID_2775,1,1,1,1,1,1,1,0,VERIFIED_NO_CONFLICT
Taihu||China||2008-10-08||31.324||120.249,GID_2773,1,1,1,1,1,1,1,0,VERIFIED_NO_CONFLICT
Taihu||China||2008-10-08||31.324||120.251,GID_2772,1,1,1,1,1,1,1,0,VERIFIED_NO_CONFLICT
Taihu||China||2008-10-08||31.325||120.249,GID_2766,1,1,1,1,1,1,1,0,VERIFIED_NO_CONFLICT
Taihu||China||2008-10-08||31.325||120.25,GID_2767;GID_2768;GID_2769,1,1,1,1,1,1,1,0,VERIFIED_NO_CONFLICT
Taihu||China||2008-10-08||31.325||120.251,GID_2770,1,1,1,1,1,1,1,0,VERIFIED_NO_CONFLICT
Taihu||China||2008-10-08||31.325||120.252,GID_2771,1,1,1,1,1,1,1,0,VERIFIED_NO_CONFLICT
Taihu||China||2008-10-08||31.325||120.257,GID_2776,1,1,1,1,1,1,1,0,VERIFIED_NO_CONFLICT
Taihu||China||2008-10-08||31.325||120.26,GID_2777,1,1,1,1,1,1,1,0,VERIFIED_NO_CONFLICT
Taihu||China||2008-10-09||31.135||120.409,GID_2795,1,1,1,1,1,1,1,0,VERIFIED_NO_CONFLICT
Taihu||China||2008-10-09||31.146||120.381,GID_2794,1,1,1,1,1,1,1,0,VERIFIED_NO_CONFLICT
Taihu||China||2008-10-09||31.149||120.356,GID_2792,1,1,1,1,1,1,1,0,VERIFIED_NO_CONFLICT
Taihu||China||2008-10-09||31.164||120.384,GID_2793,1,1,1,1,1,1,1,0,VERIFIED_NO_CONFLICT
Taihu||China||2008-10-09||31.169||120.35,GID_2791,1,1,1,1,1,1,1,0,VERIFIED_NO_CONFLICT
Taihu||China||2008-10-09||31.202||120.372,GID_2789,1,1,1,1,1,1,1,0,VERIFIED_NO_CONFLICT
Taihu||China||2008-10-09||31.213||120.342,GID_2788,1,1,1,1,1,1,1,0,VERIFIED_NO_CONFLICT
Taihu||China||2008-10-09||31.232||120.346,GID_2787,1,1,1,1,1,1,1,0,VERIFIED_NO_CONFLICT
Taihu||China||2008-10-09||31.235||120.323,GID_2786,1,1,1,1,1,1,1,0,VERIFIED_NO_CONFLICT
Taihu||China||2008-10-09||31.251||120.301,GID_2785,1,1,1,1,1,1,1,0,VERIFIED_NO_CONFLICT
Taihu||China||2008-10-11||30.978||120.293,GID_2807,1,1,1,1,1,1,1,0,VERIFIED_NO_CONFLICT
Taihu||China||2008-10-11||30.985||120.314,GID_2806,1,1,1,1,1,1,1,0,VERIFIED_NO_CONFLICT
Taihu||China||2008-10-11||31.009||120.318,GID_2805,1,1,1,1,1,1,1,0,VERIFIED_NO_CONFLICT
Taihu||China||2008-10-11||31.02||120.311,GID_2804,1,1,1,1,1,1,1,0,VERIFIED_NO_CONFLICT
Taihu||China||2008-10-11||31.044||120.309,GID_2803,1,1,1,1,1,1,1,0,VERIFIED_NO_CONFLICT
Taihu||China||2008-10-11||31.078||120.335,GID_2802,1,1,1,1,1,1,1,0,VERIFIED_NO_CONFLICT
Taihu||China||2008-10-11||31.096||120.349,GID_2800,1,1,1,1,1,1,1,0,VERIFIED_NO_CONFLICT
Taihu||China||2008-10-11||31.097||120.344,GID_2801,1,1,1,1,1,1,1,0,VERIFIED_NO_CONFLICT
Taihu||China||2008-10-11||31.112||120.349,GID_2799,1,1,1,1,1,1,1,0,VERIFIED_NO_CONFLICT
Taihu||China||2008-10-11||31.12||120.369,GID_2798,1,1,1,1,1,1,1,0,VERIFIED_NO_CONFLICT
Taihu||China||2008-10-12||30.958||120.368,GID_2808,1,1,1,1,1,1,1,0,VERIFIED_NO_CONFLICT
Taihu||China||2008-10-12||30.969||120.385,GID_2809,1,1,1,1,1,1,1,0,VERIFIED_NO_CONFLICT
Taihu||China||2008-10-12||30.975||120.413,GID_2817,1,1,1,1,1,1,1,0,VERIFIED_NO_CONFLICT
Taihu||China||2008-10-12||30.97||120.387,GID_2816,1,1,1,1,1,1,1,0,VERIFIED_NO_CONFLICT
Taihu||China||2008-10-12||30.994||120.419,GID_2812,1,1,1,1,1,1,1,0,VERIFIED_NO_CONFLICT
Taihu||China||2008-10-12||30.996||120.381,GID_2810,1,1,1,1,1,1,1,0,VERIFIED_NO_CONFLICT
Taihu||China||2008-10-12||30.997||120.368,GID_2813,1,1,1,1,1,1,1,0,VERIFIED_NO_CONFLICT
Taihu||China||2008-10-12||30.997||120.403,GID_2811,1,1,1,1,1,1,1,0,VERIFIED_NO_CONFLICT
Taihu||China||2008-10-12||31.012||120.393,GID_2814,1,1,1,1,1,1,1,0,VERIFIED_NO_CONFLICT
Taihu||China||2008-10-12||31.024||120.384,GID_2815,1,1,1,1,1,1,1,0,VERIFIED_NO_CONFLICT
Taihu||China||2008-10-13||30.944||120.303,GID_2819,1,1,1,1,1,1,1,0,VERIFIED_NO_CONFLICT
Taihu||China||2008-10-13||30.947||120.337,GID_2818,1,1,1,1,1,1,1,0,VERIFIED_NO_CONFLICT
Taihu||China||2008-10-13||30.959||120.272,GID_2820,1,1,1,1,1,1,1,0,VERIFIED_NO_CONFLICT
Taihu||China||2008-10-13||30.95||120.189,GID_2824,1,1,1,1,1,1,1,0,VERIFIED_NO_CONFLICT
Taihu||China||2008-10-13||30.964||120.142,GID_2827,1,1,1,1,1,1,1,0,VERIFIED_NO_CONFLICT
Taihu||China||2008-10-13||30.969||120.104,GID_2828,1,1,1,1,1,1,1,0,VERIFIED_NO_CONFLICT
Taihu||China||2008-10-13||30.969||120.201,GID_2823,1,1,1,1,1,1,1,0,VERIFIED_NO_CONFLICT
Taihu||China||2008-10-13||30.976||120.172,GID_2825,1,1,1,1,1,1,1,0,VERIFIED_NO_CONFLICT
Taihu||China||2008-10-13||30.979||120.226,GID_2822,1,1,1,1,1,1,1,0,VERIFIED_NO_CONFLICT
Taihu||China||2008-10-13||30.97||120.258,GID_2821,1,1,1,1,1,1,1,0,VERIFIED_NO_CONFLICT
Taihu||China||2008-10-13||30.983||120.142,GID_2826,1,1,1,1,1,1,1,0,VERIFIED_NO_CONFLICT
Taihu||China||2008-10-14||30.993||120.08,GID_2829,1,1,1,1,1,1,1,0,VERIFIED_NO_CONFLICT
Taihu||China||2008-10-14||31.032||120.072,GID_2830,1,1,1,1,1,1,1,0,VERIFIED_NO_CONFLICT
Taihu||China||2008-10-14||31.041||120.045,GID_2831,1,1,1,1,1,1,1,0,VERIFIED_NO_CONFLICT
Taihu||China||2008-10-14||31.063||120.08,GID_2832,1,1,1,1,1,1,1,0,VERIFIED_NO_CONFLICT
Taihu||China||2008-10-14||31.095||120.044,GID_2846,1,1,1,1,1,1,1,0,VERIFIED_NO_CONFLICT
Taihu||China||2008-10-14||31.095||120.055,GID_2833,1,1,1,1,1,1,1,0,VERIFIED_NO_CONFLICT
Taihu||China||2008-10-14||31.098||120.044,GID_2845,1,1,1,1,1,1,1,0,VERIFIED_NO_CONFLICT
Taihu||China||2008-10-14||31.098||120.052,GID_2834,1,1,1,1,1,1,1,0,VERIFIED_NO_CONFLICT
Taihu||China||2008-10-14||31.102||120.044,GID_2844,1,1,1,1,1,1,1,0,VERIFIED_NO_CONFLICT
Taihu||China||2008-10-14||31.102||120.047,GID_2835,1,1,1,1,1,1,1,0,VERIFIED_NO_CONFLICT
Taihu||China||2008-10-14||31.103||120.044,GID_2837,1,1,1,1,1,1,1,0,VERIFIED_NO_CONFLICT
Taihu||China||2008-10-14||31.103||120.045,GID_2836,1,1,1,1,1,1,1,0,VERIFIED_NO_CONFLICT
Taihu||China||2008-10-14||31.104||120.044,GID_2838;GID_2839;GID_2841,1,1,1,1,1,1,1,0,VERIFIED_NO_CONFLICT
Taihu||China||2008-10-14||31.104||120.055,GID_2848,1,1,1,1,1,1,1,0,VERIFIED_NO_CONFLICT
Taihu||China||2008-10-14||31.105||120.044,GID_2840,1,1,1,1,1,1,1,0,VERIFIED_NO_CONFLICT
Taihu||China||2008-10-14||31.105||120.046,GID_2842,1,1,1,1,1,1,1,0,VERIFIED_NO_CONFLICT
Taihu||China||2008-10-14||31.105||120.047,GID_2843,1,1,1,1,1,1,1,0,VERIFIED_NO_CONFLICT
Taihu||China||2008-10-14||31.105||120.052,GID_2847,1,1,1,1,1,1,1,0,VERIFIED_NO_CONFLICT
Taihu||China||2008-10-15||31.112||119.971,GID_2849,1,1,1,1,1,1,1,0,VERIFIED_NO_CONFLICT
Taihu||China||2008-10-15||31.147||119.973,GID_2850,1,1,1,1,1,1,1,0,VERIFIED_NO_CONFLICT
Taihu||China||2008-10-15||31.167||120.015,GID_2851,1,1,1,1,1,1,1,0,VERIFIED_NO_CONFLICT
Taihu||China||2008-10-15||31.199||119.999,GID_2852,1,1,1,1,1,1,1,0,VERIFIED_NO_CONFLICT
Taihu||China||2008-10-15||31.24||120.009,GID_2853,1,1,1,1,1,1,1,0,VERIFIED_NO_CONFLICT
Taihu||China||2008-10-15||31.277||120.008,GID_2854,1,1,1,1,1,1,1,0,VERIFIED_NO_CONFLICT
Taihu||China||2008-10-15||31.302||120.003,GID_2855,1,1,1,1,1,1,1,0,VERIFIED_NO_CONFLICT
Taihu||China||2008-10-15||31.321||119.983,GID_2856,1,1,1,1,1,1,1,0,VERIFIED_NO_CONFLICT
Taihu||China||2008-10-15||31.337||119.959,GID_2857,1,1,1,1,1,1,1,0,VERIFIED_NO_CONFLICT
Taihu||China||2008-10-15||31.355||119.991,GID_2858,1,1,1,1,1,1,1,0,VERIFIED_NO_CONFLICT
Taihu||China||2008-10-16||31.338||120.034,GID_2876,1,1,1,1,1,1,1,0,VERIFIED_NO_CONFLICT
Taihu||China||2008-10-16||31.339||120.023,GID_2877,1,1,1,1,1,1,1,0,VERIFIED_NO_CONFLICT
Taihu||China||2008-10-16||31.341||120.023,GID_2878,1,1,1,1,1,1,1,0,VERIFIED_NO_CONFLICT
Taihu||China||2008-10-16||31.341||120.031,GID_2875,1,1,1,1,1,1,1,0,VERIFIED_NO_CONFLICT
Taihu||China||2008-10-16||31.345||120.024,GID_2871,1,1,1,1,1,1,1,0,VERIFIED_NO_CONFLICT
Taihu||China||2008-10-16||31.345||120.026,GID_2872,1,1,1,1,1,1,1,0,VERIFIED_NO_CONFLICT
Taihu||China||2008-10-16||31.346||120.025,GID_2866,1,1,1,1,1,1,1,0,VERIFIED_NO_CONFLICT
Taihu||China||2008-10-16||31.347||120.023,GID_2867,1,1,1,1,1,1,1,0,VERIFIED_NO_CONFLICT
Taihu||China||2008-10-16||31.348||120.024,GID_2868;GID_2869;GID_2870,1,1,1,1,1,1,1,0,VERIFIED_NO_CONFLICT
Taihu||China||2008-10-16||31.348||120.025,GID_2863;GID_2864,1,1,1,1,1,1,1,0,VERIFIED_NO_CONFLICT
Taihu||China||2008-10-16||31.348||120.026,GID_2865,1,1,1,1,1,1,1,0,VERIFIED_NO_CONFLICT
Taihu||China||2008-10-16||31.348||120.032,GID_2873,1,1,1,1,1,1,1,0,VERIFIED_NO_CONFLICT
Taihu||China||2008-10-16||31.348||120.034,GID_2874,1,1,1,1,1,1,1,0,VERIFIED_NO_CONFLICT
Taihu||China||2008-10-16||31.385||120.024,GID_2862,1,1,1,1,1,1,1,0,VERIFIED_NO_CONFLICT
Taihu||China||2008-10-16||31.387||120.112,GID_2879,1,1,1,1,1,1,1,0,VERIFIED_NO_CONFLICT
Taihu||China||2008-10-16||31.412||120.037,GID_2861,1,1,1,1,1,1,1,0,VERIFIED_NO_CONFLICT
Taihu||China||2008-10-16||31.438||120.045,GID_2859,1,1,1,1,1,1,1,0,VERIFIED_NO_CONFLICT
Taihu||China||2008-10-16||31.462||120.041,GID_2860,1,1,1,1,1,1,1,0,VERIFIED_NO_CONFLICT
Taihu||China||2008-10-17||31.221||120.128,GID_2886,1,1,1,1,1,1,1,0,VERIFIED_NO_CONFLICT
Taihu||China||2008-10-17||31.257||120.13,GID_2885,1,1,1,1,1,1,1,0,VERIFIED_NO_CONFLICT
Taihu||China||2008-10-17||31.258||120.12,GID_2887,1,1,1,1,1,1,1,0,VERIFIED_NO_CONFLICT
Taihu||China||2008-10-17||31.275||120.14,GID_2884,1,1,1,1,1,1,1,0,VERIFIED_NO_CONFLICT
Taihu||China||2008-10-17||31.302||120.141,GID_2883,1,1,1,1,1,1,1,0,VERIFIED_NO_CONFLICT
Taihu||China||2008-10-17||31.309||120.118,GID_2888,1,1,1,1,1,1,1,0,VERIFIED_NO_CONFLICT
Taihu||China||2008-10-17||31.334||120.15,GID_2882,1,1,1,1,1,1,1,0,VERIFIED_NO_CONFLICT
Taihu||China||2008-10-17||31.347||120.126,GID_2889,1,1,1,1,1,1,1,0,VERIFIED_NO_CONFLICT
Taihu||China||2008-10-17||31.363||120.161,GID_2881,1,1,1,1,1,1,1,0,VERIFIED_NO_CONFLICT
Taihu||China||2008-10-17||31.37||120.142,GID_2890,1,1,1,1,1,1,1,0,VERIFIED_NO_CONFLICT
Taihu||China||2008-10-17||31.392||120.188,GID_2880,1,1,1,1,1,1,1,0,VERIFIED_NO_CONFLICT
Taihu||China||2008-10-17||31.398||120.179,GID_2891,1,1,1,1,1,1,1,0,VERIFIED_NO_CONFLICT
Taihu||China||2011-05-01||31.391||120.2,GID_2892,1,1,1,1,1,1,1,0,VERIFIED_NO_CONFLICT
Taihu||China||2011-05-01||31.402||120.143,GID_2903,1,1,1,1,1,1,1,0,VERIFIED_NO_CONFLICT
Taihu||China||2011-05-01||31.405||120.183,GID_2893,1,1,1,1,1,1,1,0,VERIFIED_NO_CONFLICT
Taihu||China||2011-05-01||31.427||120.186,GID_2894,1,1,1,1,1,1,1,0,VERIFIED_NO_CONFLICT
Taihu||China||2011-05-01||31.428||120.148,GID_2902,1,1,1,1,1,1,1,0,VERIFIED_NO_CONFLICT
Taihu||China||2011-05-01||31.45||120.153,GID_2901,1,1,1,1,1,1,1,0,VERIFIED_NO_CONFLICT
Taihu||China||2011-05-01||31.45||120.188,GID_2895,1,1,1,1,1,1,1,0,VERIFIED_NO_CONFLICT
Taihu||China||2011-05-01||31.476||120.196,GID_2896,1,1,1,1,1,1,1,0,VERIFIED_NO_CONFLICT
Taihu||China||2011-05-01||31.47||120.156,GID_2900,1,1,1,1,1,1,1,0,VERIFIED_NO_CONFLICT
Taihu||China||2011-05-01||31.493||120.163,GID_2899,1,1,1,1,1,1,1,0,VERIFIED_NO_CONFLICT
Taihu||China||2011-05-01||31.504||120.2,GID_2897,1,1,1,1,1,1,1,0,VERIFIED_NO_CONFLICT
Taihu||China||2011-05-01||31.511||120.174,GID_2898,1,1,1,1,1,1,1,0,VERIFIED_NO_CONFLICT
Taihu||China||2011-05-02||31.347||119.99,GID_2909,1,1,1,1,1,1,1,0,VERIFIED_NO_CONFLICT
Taihu||China||2011-05-02||31.347||120.015,GID_2908,1,1,1,1,1,1,1,0,VERIFIED_NO_CONFLICT
Taihu||China||2011-05-02||31.352||120.041,GID_2907,1,1,1,1,1,1,1,0,VERIFIED_NO_CONFLICT
Taihu||China||2011-05-02||31.356||120.067,GID_2906,1,1,1,1,1,1,1,0,VERIFIED_NO_CONFLICT
Taihu||China||2011-05-02||31.368||120.007,GID_2910,1,1,1,1,1,1,1,0,VERIFIED_NO_CONFLICT
Taihu||China||2011-05-02||31.368||120.097,GID_2905,1,1,1,1,1,1,1,0,VERIFIED_NO_CONFLICT
Taihu||China||2011-05-02||31.381||120.119,GID_2904,1,1,1,1,1,1,1,0,VERIFIED_NO_CONFLICT
Taihu||China||2011-05-02||31.385||120.021,GID_2911,1,1,1,1,1,1,1,0,VERIFIED_NO_CONFLICT
Taihu||China||2011-05-02||31.411||120.036,GID_2912,1,1,1,1,1,1,1,0,VERIFIED_NO_CONFLICT
Taihu||China||2011-05-02||31.438||120.043,GID_2913,1,1,1,1,1,1,1,0,VERIFIED_NO_CONFLICT
Taihu||China||2011-05-02||31.464||120.044,GID_2914,1,1,1,1,1,1,1,0,VERIFIED_NO_CONFLICT
Taihu||China||2011-05-04||31.182||120.333,GID_2920,1,1,1,1,1,1,1,0,VERIFIED_NO_CONFLICT
Taihu||China||2011-05-04||31.2||120.307,GID_2921,1,1,1,1,1,1,1,0,VERIFIED_NO_CONFLICT
Taihu||China||2011-05-04||31.327||120.235,GID_2919,1,1,1,1,1,1,1,0,VERIFIED_NO_CONFLICT
Taihu||China||2011-05-04||31.382||120.242,GID_2915,1,1,1,1,1,1,1,0,VERIFIED_NO_CONFLICT
Taihu||China||2011-05-04||31.388||120.287,GID_2916,1,1,1,1,1,1,1,0,VERIFIED_NO_CONFLICT
Taihu||China||2011-05-04||31.409||120.326,GID_2917,1,1,1,1,1,1,1,0,VERIFIED_NO_CONFLICT
Taihu||China||2011-05-04||31.424||120.368,GID_2918,1,1,1,1,1,1,1,0,VERIFIED_NO_CONFLICT
Taihu||China||2011-05-05||30.955||120.14,GID_2935,1,1,1,1,1,1,1,0,VERIFIED_NO_CONFLICT
Taihu||China||2011-05-05||30.958||120.236,GID_2933,1,1,1,1,1,1,1,0,VERIFIED_NO_CONFLICT
Taihu||China||2011-05-05||30.968||120.197,GID_2934,1,1,1,1,1,1,1,0,VERIFIED_NO_CONFLICT
Taihu||China||2011-05-05||30.975||120.154,GID_2932,1,1,1,1,1,1,1,0,VERIFIED_NO_CONFLICT
Taihu||China||2011-05-05||30.984||120.317,GID_2931,1,1,1,1,1,1,1,0,VERIFIED_NO_CONFLICT
Taihu||China||2011-05-05||31.031||120.317,GID_2929,1,1,1,1,1,1,1,0,VERIFIED_NO_CONFLICT
Taihu||China||2011-05-05||31.066||120.322,GID_2928,1,1,1,1,1,1,1,0,VERIFIED_NO_CONFLICT
Taihu||China||2011-05-05||31.132||120.362,GID_2927,1,1,1,1,1,1,1,0,VERIFIED_NO_CONFLICT
Taihu||China||2011-05-05||31.167||120.401,GID_2925,1,1,1,1,1,1,1,0,VERIFIED_NO_CONFLICT
Taihu||China||2011-05-05||31.214||120.28,GID_2922,1,1,1,1,1,1,1,0,VERIFIED_NO_CONFLICT
Taihu||China||2011-05-05||31.227||120.25,GID_2923,1,1,1,1,1,1,1,0,VERIFIED_NO_CONFLICT
Taihu||China||2011-05-05||31.239||120.218,GID_2924,1,1,1,1,1,1,1,0,VERIFIED_NO_CONFLICT
Taihu||China||2011-05-07||30.969||120.134,GID_2936,1,1,1,1,1,1,1,0,VERIFIED_NO_CONFLICT
Taihu||China||2011-05-07||31.023||120.101,GID_2937,1,1,1,1,1,1,1,0,VERIFIED_NO_CONFLICT
Taihu||China||2011-05-07||31.071||120.048,GID_2938,1,1,1,1,1,1,1,0,VERIFIED_NO_CONFLICT
Taihu||China||2011-05-07||31.124||120.012,GID_2939,1,1,1,1,1,1,1,0,VERIFIED_NO_CONFLICT
Taihu||China||2011-05-07||31.185||119.99,GID_2940,1,1,1,1,1,1,1,0,VERIFIED_NO_CONFLICT
Taihu||China||2011-05-07||31.245||119.965,GID_2941,1,1,1,1,1,1,1,0,VERIFIED_NO_CONFLICT
Taihu||China||2011-05-08||31.302||119.981,GID_2945,1,1,1,1,1,1,1,0,VERIFIED_NO_CONFLICT
Taihu||China||2011-05-08||31.308||119.962,GID_2944,1,1,1,1,1,1,1,0,VERIFIED_NO_CONFLICT
Taihu||China||2011-05-08||31.315||119.947,GID_2943,1,1,1,1,1,1,1,0,VERIFIED_NO_CONFLICT
Taihu||China||2011-05-08||31.319||119.933,GID_2942,1,1,1,1,1,1,1,0,VERIFIED_NO_CONFLICT
Taihu||China||NaT||31.012||120.317,GID_2930,1,1,1,1,1,1,1,0,VERIFIED_NO_CONFLICT
Te Anau||New Zealand||2020-02-05||-45.347||167.654,GID_2431,1,1,1,1,1,1,1,0,VERIFIED_NO_CONFLICT
Te Anau||New Zealand||2020-02-05||-45.402||167.702,GID_2433,1,1,1,1,1,1,1,0,VERIFIED_NO_CONFLICT
Te Anau||New Zealand||2020-02-06||-45.294||167.747,GID_2432,1,1,1,1,1,1,1,0,VERIFIED_NO_CONFLICT
Te Koutu||New Zealand||2020-07-20||-37.889||175.47,GID_2457,1,1,1,1,1,1,1,0,VERIFIED_NO_CONFLICT
"Teakettle Creek, GA||United States of America (the)||2011-07-12||31.445||-81.304",GID_4761,1,1,1,1,1,1,1,0,VERIFIED_NO_CONFLICT
"Teakettle Creek, GA||United States of America (the)||2011-07-12||31.472||-81.3",GID_4758,1,1,1,1,1,1,1,0,VERIFIED_NO_CONFLICT
"Teakettle Creek, GA||United States of America (the)||2011-07-12||31.483||-81.318",GID_4770,1,1,1,1,1,1,1,0,VERIFIED_NO_CONFLICT
Theewaterskloof||South Africa||2012-04-18||-34.029||19.209,GID_7446;GID_7449;GID_7453,1,1,1,1,1,1,1,0,VERIFIED_NO_CONFLICT
Theewaterskloof||South Africa||2012-04-19||-34.029||19.209,GID_7451,1,1,1,1,1,1,1,0,VERIFIED_NO_CONFLICT
Theewaterskloof||South Africa||2012-04-24||-34.029||19.209,GID_7445;GID_7447;GID_7450,1,1,1,1,1,1,1,0,VERIFIED_NO_CONFLICT
Theewaterskloof||South Africa||2012-04-26||-34.029||19.209,GID_7452;GID_7454,1,1,1,1,1,1,1,0,VERIFIED_NO_CONFLICT
Tokyo Bay||Japan||2010-06-07||35.488||139.907,GID_4203,1,1,1,1,1,1,1,0,VERIFIED_NO_CONFLICT
Tokyo Bay||Japan||2010-06-07||35.554||139.906,GID_4201,1,1,1,1,1,1,1,0,VERIFIED_NO_CONFLICT
Tokyo Bay||Japan||2010-06-07||35.566||139.856,GID_4202,1,1,1,1,1,1,1,0,VERIFIED_NO_CONFLICT
Tokyo Bay||Japan||2010-06-07||35.629||140.009,GID_4200,1,1,1,1,1,1,1,0,VERIFIED_NO_CONFLICT
Tokyo Bay||Japan||2010-08-10||35.488||139.907,GID_4206,1,1,1,1,1,1,1,0,VERIFIED_NO_CONFLICT
Tokyo Bay||Japan||2010-08-10||35.554||139.906,GID_4204,1,1,1,1,1,1,1,0,VERIFIED_NO_CONFLICT
Tokyo Bay||Japan||2010-08-10||35.566||139.856,GID_4205,1,1,1,1,1,1,1,0,VERIFIED_NO_CONFLICT
Tokyo Bay||Japan||2010-09-01||35.554||139.906,GID_4208,1,1,1,1,1,1,1,0,VERIFIED_NO_CONFLICT
Tokyo Bay||Japan||2010-09-01||35.566||139.856,GID_4209,1,1,1,1,1,1,1,0,VERIFIED_NO_CONFLICT
Tokyo Bay||Japan||2010-09-01||35.629||140.009,GID_4207,1,1,1,1,1,1,1,0,VERIFIED_NO_CONFLICT
Tokyo Bay||Japan||2010-10-04||35.488||139.907,GID_4213,1,1,1,1,1,1,1,0,VERIFIED_NO_CONFLICT
Tokyo Bay||Japan||2010-10-04||35.554||139.906,GID_4211,1,1,1,1,1,1,1,0,VERIFIED_NO_CONFLICT
Tokyo Bay||Japan||2010-10-04||35.566||139.856,GID_4212,1,1,1,1,1,1,1,0,VERIFIED_NO_CONFLICT
Tokyo Bay||Japan||2010-10-04||35.629||140.009,GID_4210,1,1,1,1,1,1,1,0,VERIFIED_NO_CONFLICT
Tokyo Bay||Japan||2011-05-23||35.488||139.907,GID_4217,1,1,1,1,1,1,1,0,VERIFIED_NO_CONFLICT
Tokyo Bay||Japan||2011-05-23||35.554||139.906,GID_4215,1,1,1,1,1,1,1,0,VERIFIED_NO_CONFLICT
Tokyo Bay||Japan||2011-05-23||35.566||139.856,GID_4216,1,1,1,1,1,1,1,0,VERIFIED_NO_CONFLICT
Tokyo Bay||Japan||2011-05-23||35.629||140.009,GID_4214,1,1,1,1,1,1,1,0,VERIFIED_NO_CONFLICT
Tokyo Bay||Japan||2011-06-22||35.488||139.907,GID_4221,1,1,1,1,1,1,1,0,VERIFIED_NO_CONFLICT
Tokyo Bay||Japan||2011-06-22||35.554||139.906,GID_4219,1,1,1,1,1,1,1,0,VERIFIED_NO_CONFLICT
Tokyo Bay||Japan||2011-06-22||35.566||139.856,GID_4220,1,1,1,1,1,1,1,0,VERIFIED_NO_CONFLICT
Tokyo Bay||Japan||2011-06-22||35.629||140.009,GID_4218,1,1,1,1,1,1,1,0,VERIFIED_NO_CONFLICT
Tokyo Bay||Japan||2011-07-26||35.554||139.906,GID_4223,1,1,1,1,1,1,1,0,VERIFIED_NO_CONFLICT
Tokyo Bay||Japan||2011-07-26||35.629||140.009,GID_4222,1,1,1,1,1,1,1,0,VERIFIED_NO_CONFLICT
Tokyo Bay||Japan||2011-08-30||35.488||139.819,GID_4228,1,1,1,1,1,1,1,0,VERIFIED_NO_CONFLICT
Tokyo Bay||Japan||2011-08-30||35.488||139.907,GID_4229,1,1,1,1,1,1,1,0,VERIFIED_NO_CONFLICT
Tokyo Bay||Japan||2011-08-30||35.554||139.906,GID_4226,1,1,1,1,1,1,1,0,VERIFIED_NO_CONFLICT
Tokyo Bay||Japan||2011-08-30||35.566||139.856,GID_4227,1,1,1,1,1,1,1,0,VERIFIED_NO_CONFLICT
Tokyo Bay||Japan||2011-08-30||35.612||139.895,GID_4225,1,1,1,1,1,1,1,0,VERIFIED_NO_CONFLICT
Tokyo Bay||Japan||2011-08-30||35.629||140.009,GID_4224,1,1,1,1,1,1,1,0,VERIFIED_NO_CONFLICT
Tokyo Bay||Japan||2011-09-27||35.488||139.819,GID_4234,1,1,1,1,1,1,1,0,VERIFIED_NO_CONFLICT
Tokyo Bay||Japan||2011-09-27||35.488||139.907,GID_4235,1,1,1,1,1,1,1,0,VERIFIED_NO_CONFLICT
Tokyo Bay||Japan||2011-09-27||35.554||139.906,GID_4232,1,1,1,1,1,1,1,0,VERIFIED_NO_CONFLICT
Tokyo Bay||Japan||2011-09-27||35.566||139.856,GID_4233,1,1,1,1,1,1,1,0,VERIFIED_NO_CONFLICT
Tokyo Bay||Japan||2011-09-27||35.612||139.895,GID_4231,1,1,1,1,1,1,1,0,VERIFIED_NO_CONFLICT
Tokyo Bay||Japan||2011-09-27||35.629||140.009,GID_4230,1,1,1,1,1,1,1,0,VERIFIED_NO_CONFLICT
Tokyo Bay||Japan||2011-10-24||35.488||139.819,GID_4240,1,1,1,1,1,1,1,0,VERIFIED_NO_CONFLICT
Tokyo Bay||Japan||2011-10-24||35.488||139.907,GID_4241,1,1,1,1,1,1,1,0,VERIFIED_NO_CONFLICT
Tokyo Bay||Japan||2011-10-24||35.541||140.019,GID_4242,1,1,1,1,1,1,1,0,VERIFIED_NO_CONFLICT
Tokyo Bay||Japan||2011-10-24||35.554||139.906,GID_4238,1,1,1,1,1,1,1,0,VERIFIED_NO_CONFLICT
Tokyo Bay||Japan||2011-10-24||35.565||140.073,GID_4243,1,1,1,1,1,1,1,0,VERIFIED_NO_CONFLICT
Tokyo Bay||Japan||2011-10-24||35.566||139.856,GID_4239,1,1,1,1,1,1,1,0,VERIFIED_NO_CONFLICT
Tokyo Bay||Japan||2011-10-24||35.612||139.895,GID_4237,1,1,1,1,1,1,1,0,VERIFIED_NO_CONFLICT
Tokyo Bay||Japan||2011-10-24||35.629||140.009,GID_4236,1,1,1,1,1,1,1,0,VERIFIED_NO_CONFLICT
Tokyo Bay||Japan||2012-05-01||35.488||139.819,GID_4247,1,1,1,1,1,1,1,0,VERIFIED_NO_CONFLICT
Tokyo Bay||Japan||2012-05-01||35.488||139.907,GID_4248,1,1,1,1,1,1,1,0,VERIFIED_NO_CONFLICT
Tokyo Bay||Japan||2012-05-01||35.554||139.906,GID_4245,1,1,1,1,1,1,1,0,VERIFIED_NO_CONFLICT
Tokyo Bay||Japan||2012-05-01||35.566||139.856,GID_4246,1,1,1,1,1,1,1,0,VERIFIED_NO_CONFLICT
Tokyo Bay||Japan||2012-05-01||35.629||140.009,GID_4244,1,1,1,1,1,1,1,0,VERIFIED_NO_CONFLICT
Tokyo Bay||Japan||2012-06-12||35.488||139.819,GID_4252,1,1,1,1,1,1,1,0,VERIFIED_NO_CONFLICT
Tokyo Bay||Japan||2012-06-12||35.554||139.906,GID_4250,1,1,1,1,1,1,1,0,VERIFIED_NO_CONFLICT
Tokyo Bay||Japan||2012-06-12||35.566||139.856,GID_4251,1,1,1,1,1,1,1,0,VERIFIED_NO_CONFLICT
Tokyo Bay||Japan||2012-06-12||35.629||140.009,GID_4249,1,1,1,1,1,1,1,0,VERIFIED_NO_CONFLICT
Tokyo Bay||Japan||2012-08-07||35.488||139.819,GID_4256,1,1,1,1,1,1,1,0,VERIFIED_NO_CONFLICT
Tokyo Bay||Japan||2012-08-07||35.488||139.907,GID_4257,1,1,1,1,1,1,1,0,VERIFIED_NO_CONFLICT
Tokyo Bay||Japan||2012-08-07||35.554||139.906,GID_4254,1,1,1,1,1,1,1,0,VERIFIED_NO_CONFLICT
Tokyo Bay||Japan||2012-08-07||35.566||139.856,GID_4255,1,1,1,1,1,1,1,0,VERIFIED_NO_CONFLICT
Tokyo Bay||Japan||2012-08-07||35.629||140.009,GID_4253,1,1,1,1,1,1,1,0,VERIFIED_NO_CONFLICT
Tokyo Bay||Japan||2013-05-08||35.488||139.907,GID_4269,1,1,1,1,1,1,1,0,VERIFIED_NO_CONFLICT
Tokyo Bay||Japan||2013-05-08||35.554||139.906,GID_4267,1,1,1,1,1,1,1,0,VERIFIED_NO_CONFLICT
Tokyo Bay||Japan||2013-05-08||35.566||139.856,GID_4268,1,1,1,1,1,1,1,0,VERIFIED_NO_CONFLICT
Tokyo Bay||Japan||2013-05-08||35.629||140.009,GID_4266,1,1,1,1,1,1,1,0,VERIFIED_NO_CONFLICT
Trasimeno||Italy||2018-06-14||43.111||12.124,GID_1087;GID_910,1,1,1,1,1,1,1,0,VERIFIED_NO_CONFLICT
Trasimeno||Italy||2018-06-14||43.122||12.134,GID_1086;GID_1091;GID_906;GID_907,1,1,1,1,1,1,1,0,VERIFIED_NO_CONFLICT
Trasimeno||Italy||2018-06-14||43.136||12.103,GID_1088;GID_909,1,1,1,1,1,1,1,0,VERIFIED_NO_CONFLICT
Trasimeno||Italy||2018-06-14||43.148||12.128,GID_1089;GID_908,1,1,1,1,1,1,1,0,VERIFIED_NO_CONFLICT
Trasimeno||Italy||2018-06-14||43.161||12.141,GID_1090,1,1,1,1,1,1,1,0,VERIFIED_NO_CONFLICT
Trasimeno||Italy||2019-06-13||43.122||12.134,GID_1109,1,1,1,1,1,1,1,0,VERIFIED_NO_CONFLICT
Trasimeno||Italy||2019-06-13||43.12||12.092,GID_1111,1,1,1,1,1,1,1,0,VERIFIED_NO_CONFLICT
Trasimeno||Italy||2019-06-13||43.14||12.13,GID_1110,1,1,1,1,1,1,1,0,VERIFIED_NO_CONFLICT
Trasimeno||Italy||2019-10-08||43.122||12.137,GID_1129;GID_1131,1,1,1,1,1,1,1,0,VERIFIED_NO_CONFLICT
Trasimeno||Italy||2019-10-08||43.123||12.12,GID_1130,1,1,1,1,1,1,1,0,VERIFIED_NO_CONFLICT
Trasimeno||Italy||2021-05-05||43.105||12.157,GID_1150,1,1,1,1,1,1,1,0,VERIFIED_NO_CONFLICT
Trasimeno||Italy||2021-05-05||43.122||12.136,GID_1149,1,1,1,1,1,1,1,0,VERIFIED_NO_CONFLICT
Trasimeno||Italy||2021-05-05||43.14||12.121,GID_1148,1,1,1,1,1,1,1,0,VERIFIED_NO_CONFLICT
Trasimeno||Italy||2021-06-04||43.104||12.177,GID_1155,1,1,1,1,1,1,1,0,VERIFIED_NO_CONFLICT
Trasimeno||Italy||2021-06-04||43.122||12.135,GID_1154,1,1,1,1,1,1,1,0,VERIFIED_NO_CONFLICT
Trasimeno||Italy||2021-06-04||43.149||12.114,GID_1153,1,1,1,1,1,1,1,0,VERIFIED_NO_CONFLICT
Trasimeno||Italy||2021-06-04||43.15||12.049,GID_1151,1,1,1,1,1,1,1,0,VERIFIED_NO_CONFLICT
Trasimeno||Italy||2021-06-04||43.17||12.123,GID_1152,1,1,1,1,1,1,1,0,VERIFIED_NO_CONFLICT
Trout Lake||United States of America (the)||2014-06-17||46.027||-89.679,GID_1383,1,1,1,1,1,1,1,0,VERIFIED_NO_CONFLICT
Trout Lake||United States of America (the)||2014-06-17||46.036||-89.67,GID_1382,1,1,1,1,1,1,1,0,VERIFIED_NO_CONFLICT
Trout Lake||United States of America (the)||2014-06-17||46.061||-89.664,GID_1384,1,1,1,1,1,1,1,0,VERIFIED_NO_CONFLICT
Trout Lake||United States of America (the)||2015-07-21||46.027||-89.68,GID_1481,1,1,1,1,1,1,1,0,VERIFIED_NO_CONFLICT
Trout Lake||United States of America (the)||2015-07-21||46.033||-89.667,GID_1480,1,1,1,1,1,1,1,0,VERIFIED_NO_CONFLICT
Trout Lake||United States of America (the)||2015-07-21||46.058||-89.661,GID_1482,1,1,1,1,1,1,1,0,VERIFIED_NO_CONFLICT
Ullswater||United Kingdom of Great Britain and Northern Ireland (the)||2014-08-20||54.551||-2.944,GID_6685,1,1,1,1,1,1,1,0,VERIFIED_NO_CONFLICT
Ullswater||United Kingdom of Great Britain and Northern Ireland (the)||2014-08-20||54.571||-2.919,GID_6683,1,1,1,1,1,1,1,0,VERIFIED_NO_CONFLICT
Ullswater||United Kingdom of Great Britain and Northern Ireland (the)||2014-08-20||54.578||-2.878,GID_6682,1,1,1,1,1,1,1,0,VERIFIED_NO_CONFLICT
Ullswater||United Kingdom of Great Britain and Northern Ireland (the)||2014-08-20||54.601||-2.831,GID_6684,1,1,1,1,1,1,1,0,VERIFIED_NO_CONFLICT
Vaal||South Africa||2017-04-05||-26.883||28.159,GID_7383,1,1,1,1,1,1,1,0,VERIFIED_NO_CONFLICT
Vaal||South Africa||2017-04-05||-26.892||28.127,GID_7384,1,1,1,1,1,1,1,0,VERIFIED_NO_CONFLICT
Vaal||South Africa||2017-04-05||-26.903||28.141,GID_7382,1,1,1,1,1,1,1,0,VERIFIED_NO_CONFLICT
Vaal||South Africa||2017-04-05||-26.916||28.118,GID_7381,1,1,1,1,1,1,1,0,VERIFIED_NO_CONFLICT
Vaal||South Africa||2017-09-20||-26.903||28.141,GID_7391,1,1,1,1,1,1,1,0,VERIFIED_NO_CONFLICT
Vaal||South Africa||2017-09-20||-26.916||28.118,GID_7390,1,1,1,1,1,1,1,0,VERIFIED_NO_CONFLICT
Vecht (Breukelen/Nieuwersluis)||Netherlands (the)||1990-09-04||52.206||5.022,GID_599,1,1,1,1,1,1,1,0,VERIFIED_NO_CONFLICT
Vecht (Loenen)||Netherlands (the)||1990-09-04||52.202||5.021,GID_600,1,1,1,1,1,1,1,0,VERIFIED_NO_CONFLICT
Victory Lake||United States of America (the)||2009-06-15||41.439||-96.536,GID_1294,1,1,1,1,1,1,1,0,VERIFIED_NO_CONFLICT
Victory Lake||United States of America (the)||2009-07-06||41.439||-96.536,GID_1303,1,1,1,1,1,1,1,0,VERIFIED_NO_CONFLICT
Victory Lake||United States of America (the)||2009-07-20||41.439||-96.536,GID_1312,1,1,1,1,1,1,1,0,VERIFIED_NO_CONFLICT
Vinkeveenseplas jachthaven||Netherlands (the)||2013-08-27||52.228||4.946,GID_7259,1,1,1,1,1,1,1,0,VERIFIED_NO_CONFLICT
Vuntus jachthaven||Netherlands (the)||2013-08-28||52.212||5.068,GID_7260,1,1,1,1,1,1,1,0,VERIFIED_NO_CONFLICT
Vuntus||Netherlands (the)||1990-09-10||52.21||5.075,GID_595,1,1,1,1,1,1,1,0,VERIFIED_NO_CONFLICT
"Waccamaw River, SC||United States of America (the)||2011-07-21||33.469||-79.158",GID_4501,1,1,1,1,1,1,1,0,VERIFIED_NO_CONFLICT
Wachtels Lagoon||Australia||2020-10-21||-34.231||140.368,GID_306,1,1,1,1,1,1,1,0,VERIFIED_NO_CONFLICT
Wachtels Lagoon||Australia||2020-10-21||-34.234||140.382,GID_307,1,1,1,1,1,1,1,0,VERIFIED_NO_CONFLICT
Wachtels Lagoon||Australia||2020-10-21||-34.239||140.365,GID_305,1,1,1,1,1,1,1,0,VERIFIED_NO_CONFLICT
Wahapo||New Zealand||2020-02-11||-43.25||170.265,GID_2441,1,1,1,1,1,1,1,0,VERIFIED_NO_CONFLICT
"Wassau Sound, GA||United States of America (the)||2014-11-03||31.925||-80.967",GID_4627,1,1,1,1,1,1,1,0,VERIFIED_NO_CONFLICT
Waterleidingplas||Netherlands (the)||1990-09-03||52.215||5.044,GID_610,1,1,1,1,1,1,1,0,VERIFIED_NO_CONFLICT
"West Lake, Hanoi||Viet Nam||2016-06-01||21.046||105.834",GID_3332,1,1,1,1,1,1,1,0,VERIFIED_NO_CONFLICT
"West Lake, Hanoi||Viet Nam||2016-06-01||21.048||105.815",GID_3341,1,1,1,1,1,1,1,0,VERIFIED_NO_CONFLICT
"West Lake, Hanoi||Viet Nam||2016-06-01||21.048||105.833",GID_3333,1,1,1,1,1,1,1,0,VERIFIED_NO_CONFLICT
"West Lake, Hanoi||Viet Nam||2016-06-01||21.049||105.838",GID_3334,1,1,1,1,1,1,1,0,VERIFIED_NO_CONFLICT
"West Lake, Hanoi||Viet Nam||2016-06-01||21.051||105.828",GID_3336,1,1,1,1,1,1,1,0,VERIFIED_NO_CONFLICT
"West Lake, Hanoi||Viet Nam||2016-06-01||21.051||105.831",GID_3335,1,1,1,1,1,1,1,0,VERIFIED_NO_CONFLICT
"West Lake, Hanoi||Viet Nam||2016-06-01||21.052||105.823",GID_3337,1,1,1,1,1,1,1,0,VERIFIED_NO_CONFLICT
"West Lake, Hanoi||Viet Nam||2016-06-01||21.053||105.818",GID_3338,1,1,1,1,1,1,1,0,VERIFIED_NO_CONFLICT
"West Lake, Hanoi||Viet Nam||2016-06-01||21.055||105.816",GID_3339,1,1,1,1,1,1,1,0,VERIFIED_NO_CONFLICT
"West Lake, Hanoi||Viet Nam||2016-06-01||21.062||105.815",GID_3340,1,1,1,1,1,1,1,0,VERIFIED_NO_CONFLICT
"West Lake, Hanoi||Viet Nam||2017-09-03||21.044||105.821",GID_3348,1,1,1,1,1,1,1,0,VERIFIED_NO_CONFLICT
"West Lake, Hanoi||Viet Nam||2017-09-03||21.044||105.824",GID_3350,1,1,1,1,1,1,1,0,VERIFIED_NO_CONFLICT
"West Lake, Hanoi||Viet Nam||2017-09-03||21.044||105.825",GID_3349,1,1,1,1,1,1,1,0,VERIFIED_NO_CONFLICT
"West Lake, Hanoi||Viet Nam||2017-09-03||21.045||105.821",GID_3347,1,1,1,1,1,1,1,0,VERIFIED_NO_CONFLICT
"West Lake, Hanoi||Viet Nam||2017-09-03||21.045||105.834",GID_3346,1,1,1,1,1,1,1,0,VERIFIED_NO_CONFLICT
"West Lake, Hanoi||Viet Nam||2017-09-03||21.045||105.835",GID_3345,1,1,1,1,1,1,1,0,VERIFIED_NO_CONFLICT
"West Lake, Hanoi||Viet Nam||2017-09-03||21.046||105.816",GID_3343,1,1,1,1,1,1,1,0,VERIFIED_NO_CONFLICT
"West Lake, Hanoi||Viet Nam||2017-09-03||21.046||105.832",GID_3342,1,1,1,1,1,1,1,0,VERIFIED_NO_CONFLICT
"West Lake, Hanoi||Viet Nam||2017-09-03||21.046||105.835",GID_3344,1,1,1,1,1,1,1,0,VERIFIED_NO_CONFLICT
Western Treatment Plant||Australia||2020-02-23||-38.001||144.592,GID_276,1,1,1,1,1,1,1,0,VERIFIED_NO_CONFLICT
Western Treatment Plant||Australia||2020-02-24||-37.986||144.654,GID_286,1,1,1,1,1,1,1,0,VERIFIED_NO_CONFLICT
Western Treatment Plant||Australia||2020-02-24||-37.989||144.653,GID_288,1,1,1,1,1,1,1,0,VERIFIED_NO_CONFLICT
Western Treatment Plant||Australia||2020-02-24||-37.992||144.651,GID_290,1,1,1,1,1,1,1,0,VERIFIED_NO_CONFLICT
Western Treatment Plant||Australia||2020-02-24||-37.995||144.621,GID_282,1,1,1,1,1,1,1,0,VERIFIED_NO_CONFLICT
Western Treatment Plant||Australia||2020-02-24||-37.995||144.635,GID_284,1,1,1,1,1,1,1,0,VERIFIED_NO_CONFLICT
Western Treatment Plant||Australia||2020-02-24||-37.996||144.634,GID_278,1,1,1,1,1,1,1,0,VERIFIED_NO_CONFLICT
Western Treatment Plant||Australia||2020-02-25||-37.99||144.632,GID_280,1,1,1,1,1,1,1,0,VERIFIED_NO_CONFLICT
Western Treatment Plant||Australia||2020-03-09||-38.001||144.592,GID_277,1,1,1,1,1,1,1,0,VERIFIED_NO_CONFLICT
Western Treatment Plant||Australia||2020-03-09||-38.01||144.581,GID_293,1,1,1,1,1,1,1,0,VERIFIED_NO_CONFLICT
Western Treatment Plant||Australia||2020-03-10||-37.986||144.654,GID_287,1,1,1,1,1,1,1,0,VERIFIED_NO_CONFLICT
Western Treatment Plant||Australia||2020-03-10||-37.989||144.653,GID_289,1,1,1,1,1,1,1,0,VERIFIED_NO_CONFLICT
Western Treatment Plant||Australia||2020-03-10||-37.995||144.621,GID_283,1,1,1,1,1,1,1,0,VERIFIED_NO_CONFLICT
Western Treatment Plant||Australia||2020-03-10||-37.99||144.632,GID_281,1,1,1,1,1,1,1,0,VERIFIED_NO_CONFLICT
Western Treatment Plant||Australia||2020-03-11||-37.995||144.635,GID_285,1,1,1,1,1,1,1,0,VERIFIED_NO_CONFLICT
Western Treatment Plant||Australia||2020-03-11||-37.996||144.634,GID_279,1,1,1,1,1,1,1,0,VERIFIED_NO_CONFLICT
"Wicomico River, MD||United States of America (the)||2005-07-18||38.256||-75.834",GID_4422,1,1,1,1,1,1,1,0,VERIFIED_NO_CONFLICT
Wijde Blik||Netherlands (the)||1990-08-28||52.232||5.058,GID_607,1,1,1,1,1,1,1,0,VERIFIED_NO_CONFLICT
Wijde Blik||Netherlands (the)||1990-09-10||52.225||5.059,GID_597,1,1,1,1,1,1,1,0,VERIFIED_NO_CONFLICT
Wijde Gat||Netherlands (the)||1990-08-28||52.234||5.08,GID_605,1,1,1,1,1,1,1,0,VERIFIED_NO_CONFLICT
Windermere||United Kingdom of Great Britain and Northern Ireland (the)||2014-08-18||54.314||-2.951,GID_6689,1,1,1,1,1,1,1,0,VERIFIED_NO_CONFLICT
Windermere||United Kingdom of Great Britain and Northern Ireland (the)||2014-08-18||54.399||-2.954,GID_6688,1,1,1,1,1,1,1,0,VERIFIED_NO_CONFLICT
Windermere||United Kingdom of Great Britain and Northern Ireland (the)||2014-08-18||54.415||-2.969,GID_6687,1,1,1,1,1,1,1,0,VERIFIED_NO_CONFLICT
"Winyah Bay, SC||United States of America (the)||2011-07-21||33.202||-79.18",GID_4502,1,1,1,1,1,1,1,0,VERIFIED_NO_CONFLICT
"Winyah Bay, SC||United States of America (the)||2011-07-21||33.255||-79.217",GID_4503,1,1,1,1,1,1,1,0,VERIFIED_NO_CONFLICT
"Winyah Bay, SC||United States of America (the)||2011-07-21||33.284||-79.255",GID_4506,1,1,1,1,1,1,1,0,VERIFIED_NO_CONFLICT
"Winyah Bay, SC||United States of America (the)||2011-07-21||33.302||-79.28",GID_4509,1,1,1,1,1,1,1,0,VERIFIED_NO_CONFLICT
Yellow Sea||Korea (the Republic of)||2016-05-21||35.481||129.614,GID_3852,1,1,1,1,1,1,1,0,VERIFIED_NO_CONFLICT
Yellow Sea||Korea (the Republic of)||2016-05-21||35.61||129.659,GID_3853,1,1,1,1,1,1,1,0,VERIFIED_NO_CONFLICT
Yellow Sea||Korea (the Republic of)||2016-05-22||35.001||128.892,GID_3855,1,1,1,1,1,1,1,0,VERIFIED_NO_CONFLICT
Yellow Sea||Korea (the Republic of)||2016-05-22||35.024||128.899,GID_3854,1,1,1,1,1,1,1,0,VERIFIED_NO_CONFLICT
Yellow Sea||Korea (the Republic of)||2016-05-23||34.622||127.966,GID_3857,1,1,1,1,1,1,1,0,VERIFIED_NO_CONFLICT
Yellow Sea||Korea (the Republic of)||2016-05-23||34.659||127.897,GID_3858,1,1,1,1,1,1,1,0,VERIFIED_NO_CONFLICT
Yellow Sea||Korea (the Republic of)||2016-05-23||34.666||128.633,GID_3856,1,1,1,1,1,1,1,0,VERIFIED_NO_CONFLICT
Yellow Sea||Korea (the Republic of)||2016-05-25||33.97||126.825,GID_3864,1,1,1,1,1,1,1,0,VERIFIED_NO_CONFLICT
Yellow Sea||Korea (the Republic of)||2016-05-25||34.014||126.821,GID_3863,1,1,1,1,1,1,1,0,VERIFIED_NO_CONFLICT
Yellow Sea||Korea (the Republic of)||2016-05-25||34.059||126.821,GID_3862,1,1,1,1,1,1,1,0,VERIFIED_NO_CONFLICT
Yellow Sea||Korea (the Republic of)||2016-05-25||34.149||126.816,GID_3861,1,1,1,1,1,1,1,0,VERIFIED_NO_CONFLICT
Yellow Sea||Korea (the Republic of)||2016-05-25||34.195||126.813,GID_3860,1,1,1,1,1,1,1,0,VERIFIED_NO_CONFLICT
Yellow Sea||Korea (the Republic of)||2016-05-25||34.239||126.811,GID_3859,1,1,1,1,1,1,1,0,VERIFIED_NO_CONFLICT
Yellow Sea||Korea (the Republic of)||2016-05-26||34.635||126.222,GID_3865,1,1,1,1,1,1,1,0,VERIFIED_NO_CONFLICT
Yellow Sea||Korea (the Republic of)||2016-05-27||34.901||125.876,GID_3866;GID_3867;GID_3868,1,1,1,1,1,1,1,0,VERIFIED_NO_CONFLICT
Yellow Sea||Korea (the Republic of)||2016-05-27||34.902||125.878,GID_3869,1,1,1,1,1,1,1,0,VERIFIED_NO_CONFLICT
Yellow Sea||Korea (the Republic of)||2016-05-27||34.904||125.877,GID_3870,1,1,1,1,1,1,1,0,VERIFIED_NO_CONFLICT
Yellow Sea||Korea (the Republic of)||2016-05-27||34.904||125.878,GID_3871,1,1,1,1,1,1,1,0,VERIFIED_NO_CONFLICT
Yellow Sea||Korea (the Republic of)||2016-05-28||34.839||125.734,GID_3872;GID_3873,1,1,1,1,1,1,1,0,VERIFIED_NO_CONFLICT
Yellow Sea||Korea (the Republic of)||2016-05-28||34.842||125.733,GID_3876,1,1,1,1,1,1,1,0,VERIFIED_NO_CONFLICT
Yellow Sea||Korea (the Republic of)||2016-05-28||34.84||125.732,GID_3875,1,1,1,1,1,1,1,0,VERIFIED_NO_CONFLICT
Yellow Sea||Korea (the Republic of)||2016-05-28||34.84||125.733,GID_3874,1,1,1,1,1,1,1,0,VERIFIED_NO_CONFLICT
Yellow Sea||Korea (the Republic of)||2016-05-29||34.84||125.734,GID_3879,1,1,1,1,1,1,1,0,VERIFIED_NO_CONFLICT
Yellow Sea||Korea (the Republic of)||2016-05-29||34.882||125.689,GID_3878,1,1,1,1,1,1,1,0,VERIFIED_NO_CONFLICT
Yellow Sea||Korea (the Republic of)||2016-05-29||34.905||125.882,GID_3880,1,1,1,1,1,1,1,0,VERIFIED_NO_CONFLICT
Yellow Sea||Korea (the Republic of)||2016-05-29||34.924||125.504,GID_3877,1,1,1,1,1,1,1,0,VERIFIED_NO_CONFLICT
Yellow Sea||Korea (the Republic of)||2016-05-30||34.841||125.733,GID_3881,1,1,1,1,1,1,1,0,VERIFIED_NO_CONFLICT
Yellow Sea||Korea (the Republic of)||2016-05-30||34.841||125.734,GID_3882,1,1,1,1,1,1,1,0,VERIFIED_NO_CONFLICT
Yellow Sea||Korea (the Republic of)||2016-05-30||34.84||125.734,GID_3883;GID_3884,1,1,1,1,1,1,1,0,VERIFIED_NO_CONFLICT
Yellow Sea||Korea (the Republic of)||2016-05-31||34.901||125.888,GID_3887,1,1,1,1,1,1,1,0,VERIFIED_NO_CONFLICT
Yellow Sea||Korea (the Republic of)||2016-05-31||34.903||125.887,GID_3885,1,1,1,1,1,1,1,0,VERIFIED_NO_CONFLICT
Yellow Sea||Korea (the Republic of)||2016-05-31||34.903||125.888,GID_3886,1,1,1,1,1,1,1,0,VERIFIED_NO_CONFLICT
Yellow Sea||Korea (the Republic of)||2016-06-01||34.902||125.885,GID_3894,1,1,1,1,1,1,1,0,VERIFIED_NO_CONFLICT
Yellow Sea||Korea (the Republic of)||2016-06-01||34.903||125.885,GID_3893,1,1,1,1,1,1,1,0,VERIFIED_NO_CONFLICT
Yellow Sea||Korea (the Republic of)||2016-06-01||34.903||125.886,GID_3892,1,1,1,1,1,1,1,0,VERIFIED_NO_CONFLICT
Yellow Sea||Korea (the Republic of)||2016-06-01||34.903||125.887,GID_3891,1,1,1,1,1,1,1,0,VERIFIED_NO_CONFLICT
Yellow Sea||Korea (the Republic of)||2016-06-01||34.905||125.887,GID_3888;GID_3889,1,1,1,1,1,1,1,0,VERIFIED_NO_CONFLICT
Yellow Sea||Korea (the Republic of)||2016-06-01||34.905||125.888,GID_3890,1,1,1,1,1,1,1,0,VERIFIED_NO_CONFLICT
Yellow Sea||Korea (the Republic of)||2016-06-02||34.797||125.647,GID_3900,1,1,1,1,1,1,1,0,VERIFIED_NO_CONFLICT
Yellow Sea||Korea (the Republic of)||2016-06-02||34.859||125.55,GID_3899,1,1,1,1,1,1,1,0,VERIFIED_NO_CONFLICT
Yellow Sea||Korea (the Republic of)||2016-06-02||34.872||125.692,GID_3895,1,1,1,1,1,1,1,0,VERIFIED_NO_CONFLICT
Yellow Sea||Korea (the Republic of)||2016-06-02||34.891||125.606,GID_3896,1,1,1,1,1,1,1,0,VERIFIED_NO_CONFLICT
Yellow Sea||Korea (the Republic of)||2016-06-02||34.915||125.523,GID_3897,1,1,1,1,1,1,1,0,VERIFIED_NO_CONFLICT
Yellow Sea||Korea (the Republic of)||2016-06-02||34.932||125.439,GID_3898,1,1,1,1,1,1,1,0,VERIFIED_NO_CONFLICT
Yellow Sea||Korea (the Republic of)||2016-06-05||34.462||128.12,GID_3903,1,1,1,1,1,1,1,0,VERIFIED_NO_CONFLICT
Yellow Sea||Korea (the Republic of)||2016-06-05||34.527||128.027,GID_3902,1,1,1,1,1,1,1,0,VERIFIED_NO_CONFLICT
Yellow Sea||Korea (the Republic of)||2016-06-05||34.597||127.9,GID_3901,1,1,1,1,1,1,1,0,VERIFIED_NO_CONFLICT
Yellow Sea||Korea (the Republic of)||2016-06-05||34.957||128.572,GID_3904,1,1,1,1,1,1,1,0,VERIFIED_NO_CONFLICT
